2.061442968750000000e+05
2.077769843750000000e+05
2.084399375000000000e+05
2.072962500000000000e+05
2.084915000000000000e+05
2.089253750000000000e+05
2.144163593750000000e+05
2.097631250000000000e+05
2.233848281250000000e+05
2.220874062500000000e+05
2.117902343750000000e+05
2.128159218750000000e+05
2.128311718750000000e+05
2.110609218750000000e+05
2.180529375000000000e+05
2.202684062500000000e+05
2.088372031250000000e+05
2.308994531250000000e+05
2.277260468750000000e+05
2.186373593750000000e+05
2.182952343750000000e+05
2.121561093750000000e+05
2.116214531250000000e+05
2.127115468750000000e+05
2.102515781250000000e+05
2.115105937500000000e+05
2.120116093750000000e+05
2.094680156250000000e+05
2.101301250000000000e+05
2.102277343750000000e+05
2.120979062500000000e+05
2.091348750000000000e+05
2.069062812500000000e+05
2.136765937500000000e+05
2.110470781250000000e+05
2.169421093750000000e+05
2.123818593750000000e+05
2.136658750000000000e+05
2.152047656250000000e+05
2.153660312500000000e+05
2.244042343750000000e+05
2.158435312500000000e+05
2.229929531250000000e+05
2.169897343750000000e+05
2.203699218750000000e+05
2.167938906250000000e+05
2.161286093750000000e+05
2.170300156250000000e+05
2.180164843750000000e+05
2.154577031250000000e+05
2.155875156250000000e+05
2.128677812500000000e+05
2.130958906250000000e+05
2.135061718750000000e+05
2.141145781250000000e+05
2.143362968750000000e+05
2.146195781250000000e+05
2.134612968750000000e+05
2.129203906250000000e+05
2.117653281250000000e+05
2.138383906250000000e+05
2.138732187500000000e+05
2.151187343750000000e+05
2.156012812500000000e+05
2.129079531250000000e+05
2.103639375000000000e+05
2.132599062500000000e+05
2.110285312500000000e+05
2.119658750000000000e+05
2.158735312500000000e+05
2.145487343750000000e+05
2.339132343750000000e+05
2.372641250000000000e+05
2.142976875000000000e+05
2.121902187500000000e+05
2.169858593750000000e+05
2.121849375000000000e+05
2.144446250000000000e+05
2.176443593750000000e+05
2.127265156250000000e+05
2.188498750000000000e+05
2.128110000000000000e+05
2.144510468750000000e+05
2.144874375000000000e+05
2.143509375000000000e+05
2.130853281250000000e+05
2.121569531250000000e+05
2.142847500000000000e+05
2.076173750000000000e+05
2.115524062500000000e+05
2.108320468750000000e+05
2.120866718750000000e+05
2.110890156250000000e+05
2.100010625000000000e+05
2.105127187500000000e+05
2.100317968750000000e+05
2.063617500000000000e+05
2.117533437500000000e+05
2.083938125000000000e+05
2.082952343750000000e+05
2.098255625000000000e+05
2.106130937500000000e+05
2.096064218750000000e+05
2.075689218750000000e+05
2.090394687500000000e+05
2.078001250000000000e+05
2.071191562500000000e+05
2.066751875000000000e+05
2.087071562500000000e+05
2.081440000000000000e+05
2.092775468750000000e+05
2.075689218750000000e+05
2.076509843750000000e+05
2.074512343750000000e+05
2.065930625000000000e+05
2.082368125000000000e+05
2.081628750000000000e+05
2.077928750000000000e+05
2.062465468750000000e+05
2.083786250000000000e+05
2.068380000000000000e+05
2.050769843750000000e+05
2.063620156250000000e+05
2.058358593750000000e+05
2.065754375000000000e+05
2.060726093750000000e+05
2.032171562500000000e+05
2.069975312500000000e+05
2.056881875000000000e+05
2.049749687500000000e+05
2.028887187500000000e+05
2.047775000000000000e+05
2.080748281250000000e+05
2.061531093750000000e+05
2.063778125000000000e+05
2.057330468750000000e+05
2.074880625000000000e+05
2.045624843750000000e+05
2.058853281250000000e+05
2.065212656250000000e+05
2.071133906250000000e+05
2.070364843750000000e+05
2.047904218750000000e+05
2.026755312500000000e+05
2.064409843750000000e+05
2.045472968750000000e+05
2.070781250000000000e+05
2.028510468750000000e+05
2.033336250000000000e+05
2.040327343750000000e+05
2.039724687500000000e+05
2.042229531250000000e+05
2.071479687500000000e+05
2.030579843750000000e+05
2.037007343750000000e+05
2.033640312500000000e+05
2.024058281250000000e+05
2.037590937500000000e+05
2.072543437500000000e+05
2.049061406250000000e+05
2.054895000000000000e+05
2.051049531250000000e+05
2.024454531250000000e+05
2.055793125000000000e+05
2.057259375000000000e+05
2.015440937500000000e+05
2.046256875000000000e+05
2.015210625000000000e+05
2.068433750000000000e+05
2.051711093750000000e+05
2.035625937500000000e+05
2.044467500000000000e+05
2.048178750000000000e+05
2.025417031250000000e+05
2.034823125000000000e+05
2.038013125000000000e+05
2.038906718750000000e+05
2.031373750000000000e+05
2.024567187500000000e+05
2.024031093750000000e+05
2.040329531250000000e+05
2.040580937500000000e+05
2.030420156250000000e+05
2.027829062500000000e+05
2.036929375000000000e+05
2.032038281250000000e+05
2.040114375000000000e+05
2.041311875000000000e+05
2.048244218750000000e+05
2.024245781250000000e+05
2.028358906250000000e+05
2.029173437500000000e+05
2.056407812500000000e+05
2.019187187500000000e+05
2.041967500000000000e+05
2.020674062500000000e+05
2.045780468750000000e+05
2.031975312500000000e+05
2.030914531250000000e+05
2.032694062500000000e+05
2.033359375000000000e+05
2.041307187500000000e+05
2.036053906250000000e+05
2.032966093750000000e+05
2.039690468750000000e+05
2.040562187500000000e+05
2.037610312500000000e+05
2.024617968750000000e+05
2.034592031250000000e+05
2.036919375000000000e+05
2.036275468750000000e+05
2.014112031250000000e+05
2.019767031250000000e+05
2.017670937500000000e+05
1.996324375000000000e+05
2.025117031250000000e+05
2.020891875000000000e+05
2.010334375000000000e+05
2.031488125000000000e+05
2.033123906250000000e+05
2.012665781250000000e+05
2.007660781250000000e+05
2.030526718750000000e+05
2.011242031250000000e+05
2.012314531250000000e+05
2.033534375000000000e+05
2.041834375000000000e+05
2.037509687500000000e+05
2.041813750000000000e+05
2.009172656250000000e+05
2.020568437500000000e+05
2.039348437500000000e+05
2.026924062500000000e+05
2.025107031250000000e+05
2.001211406250000000e+05
2.033998906250000000e+05
1.999916875000000000e+05
2.023766406250000000e+05
2.035752343750000000e+05
2.014285468750000000e+05
2.016802812500000000e+05
2.035738593750000000e+05
2.036856406250000000e+05
2.028546406250000000e+05
2.016318437500000000e+05
2.004382656250000000e+05
2.035992656250000000e+05
2.032197968750000000e+05
2.032237656250000000e+05
2.025745781250000000e+05
2.009029687500000000e+05
2.027739375000000000e+05
2.017520468750000000e+05
2.039327500000000000e+05
2.018533437500000000e+05
2.042575937500000000e+05
2.017311250000000000e+05
1.996437187500000000e+05
2.016542656250000000e+05
2.020600625000000000e+05
2.017195156250000000e+05
2.022046562500000000e+05
2.032751875000000000e+05
2.038169531250000000e+05
2.034221406250000000e+05
2.042627187500000000e+05
2.023774375000000000e+05
2.027674375000000000e+05
2.019800468750000000e+05
2.023358593750000000e+05
1.986659062500000000e+05
2.025679062500000000e+05
2.022568906250000000e+05
2.028476406250000000e+05
2.012746562500000000e+05
2.031654218750000000e+05
2.016565937500000000e+05
2.021608906250000000e+05
2.019383125000000000e+05
2.031399218750000000e+05
2.036850625000000000e+05
2.015789843750000000e+05
2.004738437500000000e+05
2.026863125000000000e+05
2.046853906250000000e+05
2.021979375000000000e+05
2.002632968750000000e+05
2.009728593750000000e+05
2.042482968750000000e+05
2.020084375000000000e+05
2.025872812500000000e+05
2.034194218750000000e+05
2.002892343750000000e+05
2.008351718750000000e+05
2.035078593750000000e+05
1.998349687500000000e+05
2.026354375000000000e+05
2.022915937500000000e+05
2.050909375000000000e+05
2.029184687500000000e+05
2.004730625000000000e+05
1.999882656250000000e+05
2.011296093750000000e+05
2.030194531250000000e+05
2.007060781250000000e+05
2.028750625000000000e+05
2.019369375000000000e+05
2.007021718750000000e+05
2.006838281250000000e+05
2.011708437500000000e+05
2.005131875000000000e+05
2.028014375000000000e+05
2.024900468750000000e+05
2.023130468750000000e+05
2.021530625000000000e+05
2.031249375000000000e+05
2.017233906250000000e+05
2.032380468750000000e+05
2.015596250000000000e+05
2.011788125000000000e+05
1.993635312500000000e+05
2.002069218750000000e+05
2.027150468750000000e+05
2.043609687500000000e+05
2.030742343750000000e+05
2.009732187500000000e+05
2.005713437500000000e+05
2.017524062500000000e+05
2.018560468750000000e+05
2.020707968750000000e+05
2.001063593750000000e+05
2.025090625000000000e+05
2.010852343750000000e+05
2.015183281250000000e+05
2.038478906250000000e+05
2.013694531250000000e+05
2.016569531250000000e+05
2.014042343750000000e+05
2.018373906250000000e+05
2.006665156250000000e+05
2.023101562500000000e+05
2.038623906250000000e+05
2.017619062500000000e+05
2.024528125000000000e+05
2.034594687500000000e+05
2.027407343750000000e+05
2.008863750000000000e+05
2.015538593750000000e+05
2.035537812500000000e+05
2.023983125000000000e+05
2.011989843750000000e+05
2.017141718750000000e+05
2.022170000000000000e+05
2.019415937500000000e+05
2.046594531250000000e+05
2.023446406250000000e+05
2.020660781250000000e+05
2.012824062500000000e+05
2.023693593750000000e+05
2.011961250000000000e+05
2.008134218750000000e+05
2.022015000000000000e+05
2.023500937500000000e+05
2.039707656250000000e+05
2.014584062500000000e+05
2.010673906250000000e+05
2.035078906250000000e+05
2.003791875000000000e+05
2.010527187500000000e+05
2.012113750000000000e+05
2.011530000000000000e+05
1.997189531250000000e+05
2.014639531250000000e+05
2.030293750000000000e+05
2.035243125000000000e+05
2.031286562500000000e+05
2.002408125000000000e+05
2.020877500000000000e+05
2.020410000000000000e+05
2.014151406250000000e+05
2.019192500000000000e+05
2.004470312500000000e+05
2.021200000000000000e+05
2.011450000000000000e+05
1.992680000000000000e+05
2.026781250000000000e+05
2.034910625000000000e+05
2.026223906250000000e+05
2.024937187500000000e+05
2.014866250000000000e+05
2.030893906250000000e+05
2.020974687500000000e+05
2.004880156250000000e+05
2.016452500000000000e+05
2.018913593750000000e+05
2.021196875000000000e+05
2.000646406250000000e+05
2.016385156250000000e+05
2.017160156250000000e+05
2.029782500000000000e+05
2.022568750000000000e+05
2.019159531250000000e+05
2.022502343750000000e+05
2.030680937500000000e+05
2.013425468750000000e+05
2.017196406250000000e+05
1.993820156250000000e+05
2.017118125000000000e+05
2.002240000000000000e+05
2.003907031250000000e+05
2.015901562500000000e+05
2.010214687500000000e+05
2.013240000000000000e+05
1.998892187500000000e+05
1.991767187500000000e+05
2.008122187500000000e+05
2.008123437500000000e+05
2.033495000000000000e+05
2.023978437500000000e+05
2.020151562500000000e+05
2.013434843750000000e+05
2.034925781250000000e+05
1.998616250000000000e+05
2.033759218750000000e+05
2.016875625000000000e+05
2.035153750000000000e+05
2.024483906250000000e+05
2.014823437500000000e+05
1.999719062500000000e+05
2.020883281250000000e+05
2.019138281250000000e+05
2.016716875000000000e+05
2.005496406250000000e+05
2.026949062500000000e+05
2.014551875000000000e+05
2.025458125000000000e+05
2.027478750000000000e+05
2.017217031250000000e+05
2.015876250000000000e+05
2.026363281250000000e+05
2.011973593750000000e+05
2.014051093750000000e+05
2.012292187500000000e+05
1.999491718750000000e+05
1.991988281250000000e+05
2.033409218750000000e+05
2.007721718750000000e+05
2.012325000000000000e+05
1.989114375000000000e+05
2.034888437500000000e+05
2.005795312500000000e+05
1.998056718750000000e+05
2.018136875000000000e+05
2.002888125000000000e+05
1.986031250000000000e+05
2.022229687500000000e+05
2.005229375000000000e+05
2.002169062500000000e+05
1.996025781250000000e+05
2.016468125000000000e+05
2.026245781250000000e+05
2.008900156250000000e+05
2.037704531250000000e+05
2.002032812500000000e+05
2.009876562500000000e+05
2.025586093750000000e+05
2.015397968750000000e+05
2.004028437500000000e+05
2.007536093750000000e+05
2.020053125000000000e+05
1.997468281250000000e+05
1.991997343750000000e+05
2.001597656250000000e+05
2.025501250000000000e+05
1.991891250000000000e+05
2.018452187500000000e+05
2.027907968750000000e+05
2.019393750000000000e+05
1.998463593750000000e+05
2.000840000000000000e+05
2.011705781250000000e+05
2.018335937500000000e+05
2.029448281250000000e+05
1.999770625000000000e+05
2.002441406250000000e+05
2.010538281250000000e+05
2.001340468750000000e+05
1.994882031250000000e+05
2.016313281250000000e+05
2.011017187500000000e+05
2.015865000000000000e+05
1.997867968750000000e+05
2.026774687500000000e+05
2.015267812500000000e+05
1.995921562500000000e+05
2.013526093750000000e+05
2.020661875000000000e+05
2.015446250000000000e+05
2.008464687500000000e+05
2.030052500000000000e+05
2.034666875000000000e+05
2.010051875000000000e+05
2.027921562500000000e+05
2.006487031250000000e+05
2.008787343750000000e+05
2.008748593750000000e+05
2.022948281250000000e+05
2.031625625000000000e+05
2.021267968750000000e+05
2.013409531250000000e+05
2.017995937500000000e+05
1.983392343750000000e+05
2.000581250000000000e+05
2.006230625000000000e+05
1.983435000000000000e+05
2.001043593750000000e+05
2.004841562500000000e+05
2.007360781250000000e+05
2.021497031250000000e+05
2.023365312500000000e+05
2.025852187500000000e+05
2.030743593750000000e+05
2.000886250000000000e+05
2.004654531250000000e+05
2.010862031250000000e+05
2.001180781250000000e+05
2.019231718750000000e+05
2.003622343750000000e+05
2.013249687500000000e+05
2.025339375000000000e+05
2.023932968750000000e+05
2.027065000000000000e+05
2.006378281250000000e+05
2.044389843750000000e+05
2.000971875000000000e+05
2.014185781250000000e+05
2.021871093750000000e+05
2.003704531250000000e+05
2.029223281250000000e+05
2.026153906250000000e+05
2.025315937500000000e+05
2.018219218750000000e+05
2.015577187500000000e+05
2.014664843750000000e+05
2.010675000000000000e+05
2.006885625000000000e+05
2.023747968750000000e+05
2.005396250000000000e+05
2.032230000000000000e+05
2.039033750000000000e+05
2.018175312500000000e+05
2.005335468750000000e+05
2.009068593750000000e+05
2.007115468750000000e+05
2.004882500000000000e+05
2.031383437500000000e+05
2.002879531250000000e+05
2.016139531250000000e+05
2.017720625000000000e+05
2.014789375000000000e+05
2.012853437500000000e+05
2.010798750000000000e+05
2.030335312500000000e+05
2.020471562500000000e+05
2.014225000000000000e+05
2.002212968750000000e+05
2.023148593750000000e+05
1.999424218750000000e+05
2.001098593750000000e+05
2.000432968750000000e+05
2.042278125000000000e+05
2.024055937500000000e+05
2.007842031250000000e+05
2.010522812500000000e+05
2.021269062500000000e+05
1.998528437500000000e+05
2.031852343750000000e+05
2.019921406250000000e+05
2.010869218750000000e+05
2.028478906250000000e+05
2.014458593750000000e+05
1.985337500000000000e+05
2.023552187500000000e+05
2.019507343750000000e+05
2.021496250000000000e+05
2.025995937500000000e+05
2.037122500000000000e+05
2.008628281250000000e+05
2.020447031250000000e+05
2.009160312500000000e+05
2.017292656250000000e+05
2.023679531250000000e+05
2.010311093750000000e+05
2.018233437500000000e+05
2.014894687500000000e+05
2.023568125000000000e+05
2.015282343750000000e+05
2.011564531250000000e+05
2.026973906250000000e+05
2.011733437500000000e+05
2.014476718750000000e+05
2.017599531250000000e+05
2.012769687500000000e+05
2.007345781250000000e+05
2.008866718750000000e+05
2.033645781250000000e+05
1.978514218750000000e+05
2.017207500000000000e+05
2.024392968750000000e+05
2.019388593750000000e+05
2.008588281250000000e+05
2.014326093750000000e+05
2.000586250000000000e+05
2.008418750000000000e+05
2.015768437500000000e+05
2.030765000000000000e+05
2.041422031250000000e+05
2.021362500000000000e+05
2.011328906250000000e+05
2.007054375000000000e+05
2.026519375000000000e+05
1.990577187500000000e+05
2.011522500000000000e+05
2.034974218750000000e+05
2.010638906250000000e+05
2.015458750000000000e+05
2.012435000000000000e+05
2.001970781250000000e+05
2.008182343750000000e+05
2.005691250000000000e+05
2.009793281250000000e+05
2.021269531250000000e+05
2.027512656250000000e+05
2.011835156250000000e+05
2.019750156250000000e+05
2.004172500000000000e+05
2.026514687500000000e+05
2.001904218750000000e+05
2.012985781250000000e+05
2.005703750000000000e+05
2.010517187500000000e+05
2.010335937500000000e+05
1.997215156250000000e+05
2.005925000000000000e+05
2.010433906250000000e+05
2.032764843750000000e+05
2.035885625000000000e+05
2.000233593750000000e+05
2.011565312500000000e+05
2.010890625000000000e+05
2.009866093750000000e+05
2.028558437500000000e+05
1.985503125000000000e+05
2.023376562500000000e+05
2.021438125000000000e+05
2.011936250000000000e+05
2.006277656250000000e+05
2.009998906250000000e+05
2.015035937500000000e+05
2.014180156250000000e+05
2.017664531250000000e+05
2.012115625000000000e+05
1.973920156250000000e+05
2.003511093750000000e+05
2.025907812500000000e+05
1.990745625000000000e+05
2.005590781250000000e+05
2.020204531250000000e+05
2.008065781250000000e+05
2.015646250000000000e+05
2.020870312500000000e+05
2.020574843750000000e+05
2.021354843750000000e+05
2.004191406250000000e+05
2.015711406250000000e+05
2.010267656250000000e+05
2.007731875000000000e+05
2.024046875000000000e+05
2.001342812500000000e+05
2.022896562500000000e+05
1.995409531250000000e+05
2.001657968750000000e+05
2.014472968750000000e+05
2.020706562500000000e+05
2.010185156250000000e+05
2.005694687500000000e+05
2.016452656250000000e+05
1.990653750000000000e+05
2.022305625000000000e+05
2.035706718750000000e+05
2.014945000000000000e+05
1.992405312500000000e+05
2.009587031250000000e+05
2.020410468750000000e+05
2.037951875000000000e+05
2.029572187500000000e+05
1.995607031250000000e+05
2.030265625000000000e+05
2.025473750000000000e+05
2.010729375000000000e+05
2.019044843750000000e+05
2.017652968750000000e+05
2.008745156250000000e+05
2.024446406250000000e+05
2.017173437500000000e+05
2.015570781250000000e+05
2.031371718750000000e+05
2.013861875000000000e+05
2.021439375000000000e+05
2.008391406250000000e+05
2.006265468750000000e+05
2.024244375000000000e+05
2.005268281250000000e+05
2.015082968750000000e+05
2.017515937500000000e+05
2.004988593750000000e+05
2.001670625000000000e+05
2.002220781250000000e+05
2.035114531250000000e+05
2.018477500000000000e+05
2.015134062500000000e+05
2.021831875000000000e+05
1.998765000000000000e+05
2.010739687500000000e+05
2.025124531250000000e+05
2.034342656250000000e+05
2.031198750000000000e+05
2.023124687500000000e+05
1.987841250000000000e+05
2.027100312500000000e+05
2.023062812500000000e+05
2.007650937500000000e+05
2.007114687500000000e+05
2.020194218750000000e+05
2.027746875000000000e+05
2.014221406250000000e+05
2.016077656250000000e+05
2.002755625000000000e+05
2.007983437500000000e+05
2.019718437500000000e+05
2.013869062500000000e+05
2.020152968750000000e+05
2.008244687500000000e+05
2.012074843750000000e+05
2.029266875000000000e+05
2.014518906250000000e+05
2.004981093750000000e+05
1.996747812500000000e+05
2.004522031250000000e+05
2.024536718750000000e+05
2.005535156250000000e+05
1.992581562500000000e+05
2.021882343750000000e+05
2.001007031250000000e+05
2.016792031250000000e+05
2.021878593750000000e+05
2.006350781250000000e+05
1.996399843750000000e+05
2.023075312500000000e+05
2.031539843750000000e+05
2.007387812500000000e+05
2.016703593750000000e+05
1.985929218750000000e+05
2.024789218750000000e+05
2.005808125000000000e+05
2.031248750000000000e+05
2.009344218750000000e+05
2.010620468750000000e+05
2.017005000000000000e+05
2.024603593750000000e+05
2.002681718750000000e+05
2.013159375000000000e+05
2.002085000000000000e+05
2.002425000000000000e+05
2.005671093750000000e+05
2.015281718750000000e+05
2.007384062500000000e+05
2.017412812500000000e+05
2.022430937500000000e+05
2.022826093750000000e+05
2.013590468750000000e+05
2.008827031250000000e+05
2.007886718750000000e+05
2.009720937500000000e+05
2.016086718750000000e+05
2.014110156250000000e+05
2.018505000000000000e+05
2.013967500000000000e+05
2.002053593750000000e+05
2.012722343750000000e+05
2.014118437500000000e+05
2.005299218750000000e+05
2.005520937500000000e+05
2.021541718750000000e+05
2.005186406250000000e+05
1.992612343750000000e+05
2.003348750000000000e+05
2.023175781250000000e+05
2.013102968750000000e+05
1.995581250000000000e+05
2.003016093750000000e+05
2.014309062500000000e+05
2.010530156250000000e+05
2.029502343750000000e+05
2.001328437500000000e+05
2.004031718750000000e+05
2.007782500000000000e+05
2.038252656250000000e+05
2.007842343750000000e+05
1.994959062500000000e+05
1.994119531250000000e+05
2.017737812500000000e+05
2.019237500000000000e+05
2.012457656250000000e+05
2.006733750000000000e+05
2.018605312500000000e+05
2.021804843750000000e+05
2.000172343750000000e+05
2.030022656250000000e+05
2.006754062500000000e+05
2.006871093750000000e+05
2.014151250000000000e+05
2.017521093750000000e+05
2.010254687500000000e+05
2.023688906250000000e+05
2.005506093750000000e+05
2.021093125000000000e+05
2.048510312500000000e+05
2.016268906250000000e+05
2.000330000000000000e+05
2.002918125000000000e+05
2.024004531250000000e+05
2.014492500000000000e+05
2.010076406250000000e+05
2.013376250000000000e+05
2.001470625000000000e+05
2.011124218750000000e+05
1.991588593750000000e+05
2.009035468750000000e+05
2.017355625000000000e+05
2.021569062500000000e+05
2.015331250000000000e+05
2.008497500000000000e+05
1.998760312500000000e+05
2.015475000000000000e+05
2.008322656250000000e+05
2.014554687500000000e+05
2.009019375000000000e+05
2.005686406250000000e+05
2.029621093750000000e+05
2.008304218750000000e+05
2.017558281250000000e+05
2.011965312500000000e+05
2.001430625000000000e+05
2.013450000000000000e+05
2.028253125000000000e+05
2.019461250000000000e+05
1.999300312500000000e+05
2.003456406250000000e+05
2.023478593750000000e+05
1.999339218750000000e+05
1.986813125000000000e+05
2.010440468750000000e+05
2.018171562500000000e+05
2.014096406250000000e+05
2.019490468750000000e+05
2.015783437500000000e+05
1.980761093750000000e+05
1.997300937500000000e+05
2.000768437500000000e+05
2.018890156250000000e+05
2.015497031250000000e+05
2.028375312500000000e+05
2.006101093750000000e+05
2.027017656250000000e+05
2.024969062500000000e+05
1.998558593750000000e+05
2.001806406250000000e+05
2.009805937500000000e+05
2.014315156250000000e+05
2.009581875000000000e+05
2.009559843750000000e+05
2.003452500000000000e+05
2.018111718750000000e+05
2.016393437500000000e+05
2.021000781250000000e+05
2.010805312500000000e+05
2.024799687500000000e+05
2.036382656250000000e+05
2.008657656250000000e+05
2.013023281250000000e+05
2.010088281250000000e+05
2.040302500000000000e+05
2.021387187500000000e+05
1.993369062500000000e+05
2.000969062500000000e+05
2.032510312500000000e+05
2.017382968750000000e+05
1.993967031250000000e+05
1.999699531250000000e+05
2.028626562500000000e+05
2.010752500000000000e+05
2.006403593750000000e+05
2.020976406250000000e+05
2.008899687500000000e+05
2.012670468750000000e+05
2.015489531250000000e+05
2.016850937500000000e+05
2.012774687500000000e+05
2.008450312500000000e+05
2.012473906250000000e+05
2.018080156250000000e+05
2.010164062500000000e+05
2.006028593750000000e+05
2.021133906250000000e+05
2.010782343750000000e+05
2.006400156250000000e+05
2.023983437500000000e+05
2.011141406250000000e+05
2.016373906250000000e+05
2.005166406250000000e+05
1.999562343750000000e+05
2.010513593750000000e+05
2.014457812500000000e+05
2.004371562500000000e+05
2.024370312500000000e+05
1.992288125000000000e+05
2.018763750000000000e+05
2.015777187500000000e+05
1.998859687500000000e+05
2.013367343750000000e+05
2.018559062500000000e+05
1.980845000000000000e+05
2.009005000000000000e+05
2.017334062500000000e+05
2.026298593750000000e+05
2.012622968750000000e+05
2.027289375000000000e+05
2.015256406250000000e+05
2.015323125000000000e+05
2.010382187500000000e+05
1.989128593750000000e+05
2.018270468750000000e+05
2.022760625000000000e+05
2.020037187500000000e+05
2.036798281250000000e+05
2.013329531250000000e+05
1.989850625000000000e+05
1.979159687500000000e+05
2.006685781250000000e+05
2.022872968750000000e+05
2.022334687500000000e+05
2.013435468750000000e+05
2.005845312500000000e+05
2.011944687500000000e+05
2.010774375000000000e+05
2.031417187500000000e+05
2.010100468750000000e+05
2.004241875000000000e+05
1.998626250000000000e+05
2.009486093750000000e+05
1.995157968750000000e+05
2.012999375000000000e+05
2.004007656250000000e+05
2.000841562500000000e+05
1.985030312500000000e+05
1.999945000000000000e+05
2.026550625000000000e+05
2.019668125000000000e+05
2.027016875000000000e+05
2.024091093750000000e+05
2.018403593750000000e+05
1.997456093750000000e+05
2.036014687500000000e+05
1.999097031250000000e+05
2.016609687500000000e+05
2.025038125000000000e+05
1.993260468750000000e+05
2.023483906250000000e+05
2.015753281250000000e+05
1.999522656250000000e+05
2.007701250000000000e+05
2.020919375000000000e+05
2.010245781250000000e+05
2.022927500000000000e+05
2.012878750000000000e+05
2.002677031250000000e+05
2.011738281250000000e+05
2.016956875000000000e+05
1.994620468750000000e+05
1.999368750000000000e+05
2.013558125000000000e+05
2.028708437500000000e+05
2.016637343750000000e+05
2.023240156250000000e+05
2.011817343750000000e+05
2.027284843750000000e+05
2.003926875000000000e+05
2.021693593750000000e+05
2.004546406250000000e+05
2.022977187500000000e+05
2.003680781250000000e+05
2.000859843750000000e+05
1.998672968750000000e+05
2.009505468750000000e+05
2.006836093750000000e+05
2.015707187500000000e+05
2.040583125000000000e+05
2.010298437500000000e+05
2.011573281250000000e+05
2.006760468750000000e+05
2.021470625000000000e+05
1.990737500000000000e+05
2.008037187500000000e+05
2.003638750000000000e+05
2.011233593750000000e+05
2.015090781250000000e+05
1.997867812500000000e+05
2.031992031250000000e+05
1.994322343750000000e+05
2.000790000000000000e+05
2.009871562500000000e+05
2.008184687500000000e+05
2.002426093750000000e+05
2.001170468750000000e+05
2.017794375000000000e+05
1.998023437500000000e+05
2.024645468750000000e+05
2.024777812500000000e+05
2.003328750000000000e+05
2.000999375000000000e+05
2.015477968750000000e+05
1.997249062500000000e+05
2.016385312500000000e+05
2.032317812500000000e+05
2.014652500000000000e+05
2.037512968750000000e+05
2.002112968750000000e+05
2.003618125000000000e+05
2.003580937500000000e+05
2.009324843750000000e+05
2.006387187500000000e+05
2.018472031250000000e+05
2.022452812500000000e+05
2.015184375000000000e+05
2.014216250000000000e+05
1.986754062500000000e+05
1.989641250000000000e+05
2.035065000000000000e+05
2.006642812500000000e+05
1.991715781250000000e+05
2.008512187500000000e+05
2.007350625000000000e+05
2.007896250000000000e+05
2.029624687500000000e+05
2.031952031250000000e+05
2.022324218750000000e+05
2.007105781250000000e+05
2.027092343750000000e+05
2.002112343750000000e+05
2.015659062500000000e+05
2.024685156250000000e+05
2.007915000000000000e+05
2.001592187500000000e+05
2.006823906250000000e+05
2.022095781250000000e+05
2.022833437500000000e+05
2.014940937500000000e+05
1.998514062500000000e+05
2.011972500000000000e+05
2.005936718750000000e+05
1.996244843750000000e+05
1.989590156250000000e+05
2.017867656250000000e+05
1.993363437500000000e+05
2.000905156250000000e+05
2.005168906250000000e+05
2.009430468750000000e+05
2.006234375000000000e+05
2.026333906250000000e+05
2.014530312500000000e+05
2.013850156250000000e+05
2.011399843750000000e+05
2.012522968750000000e+05
2.010367656250000000e+05
2.001090781250000000e+05
2.008609687500000000e+05
2.006341718750000000e+05
2.004861875000000000e+05
2.010941875000000000e+05
2.018052968750000000e+05
2.014509375000000000e+05
2.016941875000000000e+05
2.011626406250000000e+05
2.017753125000000000e+05
2.014710312500000000e+05
2.017235312500000000e+05
2.026449375000000000e+05
1.999461406250000000e+05
1.996255781250000000e+05
2.028240468750000000e+05
2.014480781250000000e+05
2.004842031250000000e+05
2.009044843750000000e+05
1.997233281250000000e+05
2.008043593750000000e+05
2.018969218750000000e+05
2.000242812500000000e+05
2.013030156250000000e+05
2.006512187500000000e+05
2.002553906250000000e+05
2.010432343750000000e+05
2.003369531250000000e+05
1.996861093750000000e+05
2.007116093750000000e+05
1.997040625000000000e+05
2.026711562500000000e+05
2.003649531250000000e+05
2.000538281250000000e+05
2.004448281250000000e+05
2.015940468750000000e+05
2.006007343750000000e+05
2.013927031250000000e+05
1.997913437500000000e+05
1.997896875000000000e+05
2.007590000000000000e+05
2.015507500000000000e+05
2.008826406250000000e+05
2.012040781250000000e+05
2.002722812500000000e+05
2.006372968750000000e+05
1.992199218750000000e+05
1.999223437500000000e+05
2.021761406250000000e+05
1.969284531250000000e+05
2.001893125000000000e+05
2.013701875000000000e+05
2.008402031250000000e+05
1.980382656250000000e+05
2.009087343750000000e+05
2.005890937500000000e+05
2.032089687500000000e+05
2.024632187500000000e+05
2.008295312500000000e+05
2.015825468750000000e+05
2.005177656250000000e+05
2.008958906250000000e+05
2.043516718750000000e+05
2.016887500000000000e+05
2.009291875000000000e+05
2.017482968750000000e+05
1.991742656250000000e+05
2.006445156250000000e+05
2.009149062500000000e+05
2.027020625000000000e+05
2.014540468750000000e+05
2.005941093750000000e+05
2.004720000000000000e+05
2.022280781250000000e+05
1.997139218750000000e+05
1.997302343750000000e+05
2.029391406250000000e+05
2.024207812500000000e+05
1.991145156250000000e+05
1.998987031250000000e+05
2.009286250000000000e+05
2.015389218750000000e+05
2.003477031250000000e+05
2.009680625000000000e+05
2.016614531250000000e+05
2.011223750000000000e+05
2.011452812500000000e+05
2.014935781250000000e+05
2.020815000000000000e+05
1.990585625000000000e+05
1.996650468750000000e+05
2.006332187500000000e+05
2.008300937500000000e+05
2.018659843750000000e+05
2.022398125000000000e+05
1.996216406250000000e+05
1.994312656250000000e+05
1.988978281250000000e+05
2.013530625000000000e+05
2.038666093750000000e+05
2.011520156250000000e+05
2.012914843750000000e+05
2.005072500000000000e+05
1.999383437500000000e+05
2.007936562500000000e+05
2.014553593750000000e+05
1.998698281250000000e+05
2.001572343750000000e+05
2.035308906250000000e+05
1.999993750000000000e+05
1.998658593750000000e+05
2.009882500000000000e+05
2.010328593750000000e+05
2.012034062500000000e+05
2.009519218750000000e+05
2.020617968750000000e+05
1.998960625000000000e+05
2.000912968750000000e+05
2.026810156250000000e+05
1.988418125000000000e+05
2.012166562500000000e+05
1.997143750000000000e+05
2.004122031250000000e+05
2.006229062500000000e+05
2.020274843750000000e+05
2.005549375000000000e+05
2.036126718750000000e+05
2.017203906250000000e+05
2.026001562500000000e+05
2.009599531250000000e+05
1.989445781250000000e+05
2.004318750000000000e+05
2.023937812500000000e+05
2.009833593750000000e+05
2.014439687500000000e+05
2.024615781250000000e+05
2.005999062500000000e+05
2.003156406250000000e+05
2.008564375000000000e+05
2.015190000000000000e+05
2.000373750000000000e+05
1.991807187500000000e+05
2.015094843750000000e+05
2.027520625000000000e+05
2.013400156250000000e+05
1.990825312500000000e+05
2.023103593750000000e+05
2.016402031250000000e+05
2.022401093750000000e+05
2.018621875000000000e+05
1.998955000000000000e+05
2.020713906250000000e+05
2.004569375000000000e+05
2.020797343750000000e+05
1.998851875000000000e+05
1.991012968750000000e+05
2.001171875000000000e+05
2.018528593750000000e+05
2.014135000000000000e+05
2.010125000000000000e+05
2.002866250000000000e+05
1.993227812500000000e+05
2.019598906250000000e+05
2.000459375000000000e+05
2.016113125000000000e+05
2.023757500000000000e+05
2.018336093750000000e+05
2.006490625000000000e+05
1.998376562500000000e+05
2.017943437500000000e+05
1.998504218750000000e+05
2.008194375000000000e+05
2.016505312500000000e+05
2.006549687500000000e+05
2.034334062500000000e+05
2.019442187500000000e+05
2.022674531250000000e+05
2.001742968750000000e+05
2.016213750000000000e+05
2.024321093750000000e+05
2.029532656250000000e+05
1.990162656250000000e+05
2.005827656250000000e+05
2.037094062500000000e+05
1.992388906250000000e+05
2.008890156250000000e+05
1.995424218750000000e+05
2.011569375000000000e+05
2.027532343750000000e+05
2.021403593750000000e+05
2.021603437500000000e+05
2.004255937500000000e+05
1.996122500000000000e+05
2.002023906250000000e+05
2.001446250000000000e+05
2.033033281250000000e+05
1.997988906250000000e+05
2.009535156250000000e+05
2.008488437500000000e+05
1.982996250000000000e+05
2.013855156250000000e+05
2.015310781250000000e+05
2.021423281250000000e+05
2.031097031250000000e+05
2.019260000000000000e+05
2.008351250000000000e+05
2.017314531250000000e+05
2.015405781250000000e+05
2.017573437500000000e+05
2.025207187500000000e+05
2.019407812500000000e+05
2.031350468750000000e+05
2.003206562500000000e+05
2.015036875000000000e+05
2.014035156250000000e+05
2.025749843750000000e+05
2.023382968750000000e+05
2.007983437500000000e+05
2.004962656250000000e+05
2.019101093750000000e+05
2.001103906250000000e+05
2.018243750000000000e+05
1.994280000000000000e+05
2.027730468750000000e+05
2.021054843750000000e+05
1.989993437500000000e+05
2.006248593750000000e+05
1.990624687500000000e+05
2.002448437500000000e+05
2.004000156250000000e+05
2.030544687500000000e+05
2.021136250000000000e+05
2.010950468750000000e+05
2.002087968750000000e+05
2.026222656250000000e+05
2.029535625000000000e+05
2.006977031250000000e+05
2.037148593750000000e+05
2.002436093750000000e+05
2.025982031250000000e+05
2.023099843750000000e+05
2.015851093750000000e+05
2.025425156250000000e+05
2.001341718750000000e+05
2.030937656250000000e+05
2.029910312500000000e+05
2.035935781250000000e+05
2.021760156250000000e+05
2.001744531250000000e+05
2.010973437500000000e+05
2.015684218750000000e+05
2.016273281250000000e+05
2.002671406250000000e+05
2.002450156250000000e+05
2.028766718750000000e+05
1.997579375000000000e+05
2.008200000000000000e+05
2.003752187500000000e+05
2.003215468750000000e+05
2.023488437500000000e+05
1.991489843750000000e+05
2.002382187500000000e+05
1.994948906250000000e+05
1.988763906250000000e+05
2.012355781250000000e+05
2.004697343750000000e+05
1.977679218750000000e+05
2.015558125000000000e+05
2.002684218750000000e+05
1.983858906250000000e+05
2.028408750000000000e+05
2.007497656250000000e+05
2.005995156250000000e+05
2.012064218750000000e+05
2.007576562500000000e+05
2.033088906250000000e+05
2.015912968750000000e+05
1.998280312500000000e+05
2.011263125000000000e+05
1.987542343750000000e+05
2.016241875000000000e+05
2.029816250000000000e+05
2.006176406250000000e+05
2.029492812500000000e+05
2.010625468750000000e+05
1.997863750000000000e+05
2.037437187500000000e+05
2.016802656250000000e+05
2.017399531250000000e+05
1.986300000000000000e+05
1.997350781250000000e+05
2.020527500000000000e+05
1.984570937500000000e+05
2.021396718750000000e+05
2.003561406250000000e+05
2.005175156250000000e+05
2.020902968750000000e+05
2.021603125000000000e+05
1.999320312500000000e+05
2.005327968750000000e+05
2.016131406250000000e+05
2.032972031250000000e+05
1.989266562500000000e+05
1.992247343750000000e+05
2.009197343750000000e+05
1.999852343750000000e+05
2.018012343750000000e+05
2.000234218750000000e+05
2.000703750000000000e+05
2.010149687500000000e+05
1.999906562500000000e+05
2.005854531250000000e+05
1.990620937500000000e+05
2.004523593750000000e+05
2.015012656250000000e+05
2.024174843750000000e+05
2.000674843750000000e+05
2.004275000000000000e+05
1.992878750000000000e+05
2.010445312500000000e+05
2.029152656250000000e+05
1.995483125000000000e+05
2.018492968750000000e+05
1.996376093750000000e+05
2.013900156250000000e+05
2.015348593750000000e+05
1.995438437500000000e+05
2.003585468750000000e+05
1.976488281250000000e+05
2.018389375000000000e+05
2.018373750000000000e+05
2.002887343750000000e+05
1.990489062500000000e+05
2.006152187500000000e+05
2.009292812500000000e+05
2.030758281250000000e+05
2.008418437500000000e+05
2.009009062500000000e+05
2.019008437500000000e+05
2.012689687500000000e+05
2.034620468750000000e+05
2.022226250000000000e+05
1.999645468750000000e+05
1.993015156250000000e+05
1.989134843750000000e+05
2.031675468750000000e+05
2.040100156250000000e+05
1.996387656250000000e+05
2.008607031250000000e+05
2.011155468750000000e+05
1.983840312500000000e+05
2.009352343750000000e+05
2.027623281250000000e+05
2.019119218750000000e+05
2.016292031250000000e+05
2.006204687500000000e+05
2.003026875000000000e+05
1.999946093750000000e+05
2.010175312500000000e+05
2.011792031250000000e+05
2.005723281250000000e+05
2.017303125000000000e+05
2.019216562500000000e+05
2.008766093750000000e+05
1.989260000000000000e+05
2.001813750000000000e+05
2.018596406250000000e+05
2.030755937500000000e+05
2.014339218750000000e+05
2.010588750000000000e+05
2.005749531250000000e+05
2.016401718750000000e+05
2.000429375000000000e+05
1.996775156250000000e+05
2.002193437500000000e+05
2.031141562500000000e+05
2.011295781250000000e+05
1.982118437500000000e+05
2.018916875000000000e+05
1.992684218750000000e+05
2.007221875000000000e+05
2.014555937500000000e+05
1.993329687500000000e+05
2.023466093750000000e+05
2.008927500000000000e+05
2.015963593750000000e+05
1.999048593750000000e+05
2.018320937500000000e+05
2.009979687500000000e+05
2.013000312500000000e+05
2.031662656250000000e+05
2.014964531250000000e+05
2.005320781250000000e+05
2.009124531250000000e+05
2.012205781250000000e+05
2.003539687500000000e+05
2.020583125000000000e+05
1.995359218750000000e+05
2.000703593750000000e+05
2.010773281250000000e+05
2.003835156250000000e+05
2.001394687500000000e+05
2.025497656250000000e+05
1.990077812500000000e+05
2.008415468750000000e+05
2.009852812500000000e+05
2.010233125000000000e+05
2.032508750000000000e+05
2.010584218750000000e+05
2.006291250000000000e+05
2.010343750000000000e+05
1.995724843750000000e+05
2.011418125000000000e+05
2.016860781250000000e+05
2.011760000000000000e+05
2.024411093750000000e+05
2.008613281250000000e+05
2.007589687500000000e+05
1.998534687500000000e+05
1.999528593750000000e+05
1.996546406250000000e+05
2.000020312500000000e+05
2.009360781250000000e+05
2.006851875000000000e+05
1.990176093750000000e+05
2.018667343750000000e+05
1.995432187500000000e+05
2.018048437500000000e+05
2.005010937500000000e+05
2.003163593750000000e+05
1.966570468750000000e+05
2.026198593750000000e+05
2.008047187500000000e+05
2.022681875000000000e+05
2.001794375000000000e+05
2.005183437500000000e+05
2.007609218750000000e+05
2.003256406250000000e+05
1.996832656250000000e+05
2.004358593750000000e+05
2.035023281250000000e+05
1.993751718750000000e+05
2.005332500000000000e+05
2.029081406250000000e+05
2.000725000000000000e+05
2.022494218750000000e+05
2.014245781250000000e+05
2.004677656250000000e+05
2.002905937500000000e+05
1.999961250000000000e+05
2.013659375000000000e+05
2.001101093750000000e+05
2.017561562500000000e+05
2.000658437500000000e+05
2.030881406250000000e+05
2.029890937500000000e+05
1.990771250000000000e+05
2.010011875000000000e+05
1.995663593750000000e+05
1.987006250000000000e+05
1.993521093750000000e+05
2.026429843750000000e+05
1.985075312500000000e+05
2.026727968750000000e+05
1.993501562500000000e+05
2.000776406250000000e+05
2.035474531250000000e+05
2.000778281250000000e+05
2.020743125000000000e+05
1.987685937500000000e+05
2.007150312500000000e+05
2.012900468750000000e+05
2.017340781250000000e+05
2.024624062500000000e+05
2.020557500000000000e+05
2.017198906250000000e+05
2.002842500000000000e+05
2.013935937500000000e+05
1.998471406250000000e+05
2.006409531250000000e+05
2.010913593750000000e+05
2.007902968750000000e+05
1.998361875000000000e+05
2.006928437500000000e+05
2.015946875000000000e+05
2.041730000000000000e+05
2.010075781250000000e+05
1.989652656250000000e+05
2.015421250000000000e+05
2.011846250000000000e+05
2.007891562500000000e+05
1.994130625000000000e+05
2.008823437500000000e+05
2.012242187500000000e+05
2.022382031250000000e+05
2.028945625000000000e+05
2.009245781250000000e+05
2.006900312500000000e+05
2.010960156250000000e+05
2.007989375000000000e+05
2.025057343750000000e+05
2.016822343750000000e+05
2.007164687500000000e+05
2.008948437500000000e+05
1.999683437500000000e+05
2.032126406250000000e+05
2.006751562500000000e+05
2.005433281250000000e+05
1.995766562500000000e+05
1.999453906250000000e+05
2.009321875000000000e+05
2.020813281250000000e+05
2.014690312500000000e+05
2.022307343750000000e+05
2.015742187500000000e+05
2.003753125000000000e+05
1.994856093750000000e+05
2.014561718750000000e+05
2.010848437500000000e+05
1.999401562500000000e+05
2.000240468750000000e+05
2.007267656250000000e+05
2.016583906250000000e+05
2.020576562500000000e+05
2.014794843750000000e+05
1.996269062500000000e+05
2.009847187500000000e+05
2.016296562500000000e+05
2.017475781250000000e+05
1.997257187500000000e+05
2.014267656250000000e+05
2.017351406250000000e+05
2.020474375000000000e+05
2.012343593750000000e+05
2.023856093750000000e+05
2.014423281250000000e+05
1.994989531250000000e+05
1.998176250000000000e+05
2.010944375000000000e+05
2.011195312500000000e+05
2.012722500000000000e+05
1.987025781250000000e+05
2.023473906250000000e+05
1.995117343750000000e+05
2.013732500000000000e+05
1.995623750000000000e+05
2.003558906250000000e+05
2.016109531250000000e+05
2.011402812500000000e+05
2.018562968750000000e+05
2.002921093750000000e+05
1.998213593750000000e+05
2.025072812500000000e+05
2.000954062500000000e+05
2.006116718750000000e+05
1.994495000000000000e+05
2.009738125000000000e+05
1.985358437500000000e+05
1.998018750000000000e+05
2.010719687500000000e+05
2.003529218750000000e+05
2.031365468750000000e+05
2.010012187500000000e+05
1.993009531250000000e+05
1.995838437500000000e+05
2.028295312500000000e+05
2.003270156250000000e+05
2.018052031250000000e+05
1.995105156250000000e+05
2.013323593750000000e+05
2.009166406250000000e+05
1.997513125000000000e+05
2.008105625000000000e+05
2.020380156250000000e+05
2.004442031250000000e+05
2.017725468750000000e+05
2.016172812500000000e+05
1.997557968750000000e+05
2.004652187500000000e+05
2.020523437500000000e+05
2.030810000000000000e+05
2.021806718750000000e+05
2.011168437500000000e+05
2.018222968750000000e+05
2.013914375000000000e+05
2.024465625000000000e+05
2.006517968750000000e+05
2.026112500000000000e+05
2.009784687500000000e+05
2.008079375000000000e+05
2.016504531250000000e+05
2.016174375000000000e+05
2.009847812500000000e+05
2.020780312500000000e+05
2.012102343750000000e+05
1.992419218750000000e+05
2.012458750000000000e+05
2.004102343750000000e+05
1.997558125000000000e+05
2.012759531250000000e+05
2.018270000000000000e+05
2.027226562500000000e+05
2.011804062500000000e+05
2.003525468750000000e+05
2.020004062500000000e+05
1.998353125000000000e+05
1.992313750000000000e+05
2.007547656250000000e+05
2.020329687500000000e+05
2.012320781250000000e+05
2.024582187500000000e+05
1.995197343750000000e+05
2.021187343750000000e+05
2.009085156250000000e+05
2.014201093750000000e+05
1.997206562500000000e+05
2.013305000000000000e+05
2.019785625000000000e+05
2.000700625000000000e+05
2.016715937500000000e+05
1.994676718750000000e+05
2.015831093750000000e+05
2.015224531250000000e+05
2.003218906250000000e+05
2.019330156250000000e+05
2.010733125000000000e+05
2.014345156250000000e+05
1.989127187500000000e+05
2.010244218750000000e+05
2.021978906250000000e+05
2.026680937500000000e+05
1.992426562500000000e+05
1.997946250000000000e+05
2.006335312500000000e+05
2.000966718750000000e+05
1.997394687500000000e+05
2.005830625000000000e+05
2.017692187500000000e+05
2.005685312500000000e+05
1.993150468750000000e+05
2.007261406250000000e+05
2.021625937500000000e+05
2.008696406250000000e+05
2.021766718750000000e+05
2.012352031250000000e+05
2.026549687500000000e+05
2.015372031250000000e+05
2.018898750000000000e+05
2.001834218750000000e+05
2.026281718750000000e+05
2.013121718750000000e+05
2.007663906250000000e+05
1.989778125000000000e+05
2.013716562500000000e+05
2.000380312500000000e+05
1.992805468750000000e+05
2.009089531250000000e+05
1.995474218750000000e+05
2.006295156250000000e+05
2.007255156250000000e+05
2.035620937500000000e+05
2.007288125000000000e+05
2.008506718750000000e+05
2.017427187500000000e+05
2.000311562500000000e+05
2.026140781250000000e+05
1.994097031250000000e+05
2.011875312500000000e+05
2.017664062500000000e+05
2.017960000000000000e+05
1.989785000000000000e+05
2.015899062500000000e+05
2.016950312500000000e+05
2.017109843750000000e+05
1.996077500000000000e+05
2.005245000000000000e+05
2.010818281250000000e+05
2.000908906250000000e+05
2.020195000000000000e+05
2.012743906250000000e+05
2.013449218750000000e+05
1.984504062500000000e+05
2.000564531250000000e+05
2.001245000000000000e+05
2.002537031250000000e+05
2.015745156250000000e+05
2.011749375000000000e+05
2.002152187500000000e+05
2.013609531250000000e+05
2.007902500000000000e+05
2.010805781250000000e+05
1.996910781250000000e+05
2.007511093750000000e+05
2.015686093750000000e+05
2.024418437500000000e+05
1.998503750000000000e+05
2.012937968750000000e+05
1.997804687500000000e+05
2.017297812500000000e+05
2.001667500000000000e+05
1.994942343750000000e+05
2.000600156250000000e+05
1.983657343750000000e+05
2.002131250000000000e+05
1.994194531250000000e+05
2.021926406250000000e+05
2.008597812500000000e+05
2.014101250000000000e+05
1.993007968750000000e+05
2.012301562500000000e+05
2.015610625000000000e+05
2.010677343750000000e+05
2.019556718750000000e+05
1.993058906250000000e+05
1.991350312500000000e+05
1.990919375000000000e+05
2.021130937500000000e+05
2.019689062500000000e+05
1.996451250000000000e+05
2.006711406250000000e+05
2.008495000000000000e+05
2.001482187500000000e+05
2.007659218750000000e+05
2.016860000000000000e+05
2.015474062500000000e+05
2.008820625000000000e+05
2.025662812500000000e+05
2.003856562500000000e+05
2.016238437500000000e+05
2.007612187500000000e+05
2.018667656250000000e+05
2.007390937500000000e+05
2.028054218750000000e+05
2.003336562500000000e+05
2.002712343750000000e+05
2.012656718750000000e+05
2.007748125000000000e+05
2.008546562500000000e+05
2.021431250000000000e+05
2.025466718750000000e+05
1.997720781250000000e+05
2.018176718750000000e+05
2.007509531250000000e+05
2.021562343750000000e+05
2.005572500000000000e+05
1.988952343750000000e+05
2.009421250000000000e+05
2.011877968750000000e+05
2.016579062500000000e+05
2.008092187500000000e+05
1.996762343750000000e+05
2.009600625000000000e+05
1.998346250000000000e+05
2.019101562500000000e+05
1.988568125000000000e+05
1.995631562500000000e+05
2.035433125000000000e+05
1.997886093750000000e+05
1.978217968750000000e+05
2.011626093750000000e+05
2.005664062500000000e+05
1.990792343750000000e+05
1.994134375000000000e+05
2.012165312500000000e+05
1.997124062500000000e+05
2.030671718750000000e+05
2.004948750000000000e+05
2.002218593750000000e+05
2.018017500000000000e+05
2.010963125000000000e+05
2.015917343750000000e+05
1.982422968750000000e+05
2.006087656250000000e+05
2.014645312500000000e+05
2.018831406250000000e+05
2.014917812500000000e+05
2.002122187500000000e+05
1.998901562500000000e+05
2.010228437500000000e+05
2.029975000000000000e+05
1.974210937500000000e+05
2.011042968750000000e+05
2.009389687500000000e+05
2.011298281250000000e+05
2.006788750000000000e+05
1.990524375000000000e+05
2.012254687500000000e+05
2.030101875000000000e+05
2.011283750000000000e+05
2.014114375000000000e+05
1.997450937500000000e+05
2.005772187500000000e+05
2.010327500000000000e+05
2.001321250000000000e+05
2.002368125000000000e+05
2.006480000000000000e+05
1.999688125000000000e+05
2.005714062500000000e+05
1.998064218750000000e+05
2.013368125000000000e+05
2.013725312500000000e+05
2.006489062500000000e+05
2.009355625000000000e+05
2.010022500000000000e+05
1.998414531250000000e+05
2.016223593750000000e+05
2.021269531250000000e+05
2.003801875000000000e+05
1.980822812500000000e+05
1.990184375000000000e+05
2.010790781250000000e+05
2.014687187500000000e+05
1.998479375000000000e+05
1.992377656250000000e+05
2.012199843750000000e+05
1.994113125000000000e+05
2.000388281250000000e+05
2.008403906250000000e+05
2.010192343750000000e+05
2.008795937500000000e+05
2.015034375000000000e+05
2.007894687500000000e+05
2.003408593750000000e+05
1.985489531250000000e+05
2.028681250000000000e+05
2.024247812500000000e+05
2.017634375000000000e+05
1.981448437500000000e+05
2.003907656250000000e+05
2.003588750000000000e+05
2.012004843750000000e+05
2.016391875000000000e+05
2.021111562500000000e+05
2.005457187500000000e+05
2.010342187500000000e+05
2.033964375000000000e+05
2.012785781250000000e+05
2.000778906250000000e+05
1.999503906250000000e+05
2.009435312500000000e+05
2.010368906250000000e+05
1.998575000000000000e+05
2.017290781250000000e+05
2.012118437500000000e+05
2.003857656250000000e+05
2.010305781250000000e+05
2.023399531250000000e+05
2.016099062500000000e+05
2.017355625000000000e+05
2.010151562500000000e+05
2.022726718750000000e+05
2.018497656250000000e+05
1.998590312500000000e+05
2.011891562500000000e+05
2.024555781250000000e+05
2.014565156250000000e+05
1.996075000000000000e+05
2.009285156250000000e+05
2.009495937500000000e+05
1.991807343750000000e+05
2.030941406250000000e+05
1.992967500000000000e+05
1.989396093750000000e+05
2.016973593750000000e+05
2.013669843750000000e+05
2.019441250000000000e+05
2.010491093750000000e+05
1.973101250000000000e+05
2.016106718750000000e+05
1.998437343750000000e+05
2.012010937500000000e+05
2.008250468750000000e+05
2.003877812500000000e+05
2.014400937500000000e+05
2.020519375000000000e+05
2.017138750000000000e+05
1.999801562500000000e+05
2.012267812500000000e+05
2.046726562500000000e+05
1.992038437500000000e+05
2.016821875000000000e+05
1.982631718750000000e+05
2.006652343750000000e+05
1.994863750000000000e+05
2.019165000000000000e+05
2.004601875000000000e+05
2.001567968750000000e+05
2.035441562500000000e+05
2.023732187500000000e+05
1.999044843750000000e+05
2.000532812500000000e+05
2.009936406250000000e+05
2.014975312500000000e+05
2.004252187500000000e+05
2.020176718750000000e+05
1.995794218750000000e+05
2.015173906250000000e+05
2.016717500000000000e+05
2.031517187500000000e+05
2.000085156250000000e+05
2.022888125000000000e+05
2.004560937500000000e+05
2.006069375000000000e+05
2.006612812500000000e+05
1.998195781250000000e+05
2.019874375000000000e+05
2.004388593750000000e+05
2.010635156250000000e+05
2.009445781250000000e+05
2.017127031250000000e+05
1.995833281250000000e+05
1.999384531250000000e+05
2.021251875000000000e+05
1.999295781250000000e+05
2.003708593750000000e+05
2.033181562500000000e+05
2.013204062500000000e+05
2.005063437500000000e+05
2.011647656250000000e+05
2.021045000000000000e+05
1.992645468750000000e+05
1.994805468750000000e+05
2.027812968750000000e+05
2.021487031250000000e+05
2.013267812500000000e+05
2.000739687500000000e+05
2.021081718750000000e+05
2.008413906250000000e+05
1.995022656250000000e+05
2.018012968750000000e+05
2.010527343750000000e+05
2.004441406250000000e+05
2.000022968750000000e+05
2.009700000000000000e+05
2.023515312500000000e+05
1.985500156250000000e+05
2.003087343750000000e+05
1.994472187500000000e+05
2.023953125000000000e+05
1.989689218750000000e+05
1.991739062500000000e+05
2.004852031250000000e+05
1.995615000000000000e+05
2.015542812500000000e+05
2.015227500000000000e+05
2.022279687500000000e+05
2.003679687500000000e+05
2.002875781250000000e+05
2.001306718750000000e+05
1.994325468750000000e+05
2.005260312500000000e+05
2.012374843750000000e+05
2.007779687500000000e+05
2.011519375000000000e+05
1.999313750000000000e+05
1.992585000000000000e+05
1.992609531250000000e+05
2.013607187500000000e+05
2.018906250000000000e+05
1.985437500000000000e+05
2.024888281250000000e+05
1.998406875000000000e+05
2.018747656250000000e+05
2.007332500000000000e+05
2.028017656250000000e+05
2.038211406250000000e+05
2.001652343750000000e+05
2.009349687500000000e+05
2.017031718750000000e+05
1.999940781250000000e+05
2.019012812500000000e+05
1.989211250000000000e+05
2.010222031250000000e+05
2.007571562500000000e+05
2.014144218750000000e+05
2.006761093750000000e+05
2.001067812500000000e+05
2.021062968750000000e+05
2.013076718750000000e+05
2.006075781250000000e+05
2.010335312500000000e+05
2.006719375000000000e+05
2.004112968750000000e+05
2.006620468750000000e+05
2.026504062500000000e+05
2.016956562500000000e+05
1.998435156250000000e+05
2.007231562500000000e+05
2.011089218750000000e+05
2.010715312500000000e+05
1.988533750000000000e+05
1.995695625000000000e+05
2.009142500000000000e+05
2.011013437500000000e+05
2.013284218750000000e+05
2.024805156250000000e+05
2.009730312500000000e+05
1.985236250000000000e+05
2.007240156250000000e+05
2.020578437500000000e+05
2.022557656250000000e+05
1.996537031250000000e+05
2.007218906250000000e+05
2.028869375000000000e+05
2.041427343750000000e+05
2.039035625000000000e+05
2.008231718750000000e+05
1.994710937500000000e+05
2.015615312500000000e+05
2.023337187500000000e+05
2.015382343750000000e+05
1.993719687500000000e+05
2.002365468750000000e+05
2.020251875000000000e+05
2.011028281250000000e+05
2.025813437500000000e+05
2.002953906250000000e+05
2.027514687500000000e+05
2.005136718750000000e+05
2.007250000000000000e+05
2.030546718750000000e+05
1.991761562500000000e+05
2.010709687500000000e+05
1.995060781250000000e+05
2.022124843750000000e+05
2.012830156250000000e+05
1.992665312500000000e+05
2.002473437500000000e+05
2.006623593750000000e+05
2.018100000000000000e+05
1.993499687500000000e+05
2.011585468750000000e+05
1.999350937500000000e+05
2.018391093750000000e+05
2.009330156250000000e+05
2.007657500000000000e+05
2.015721875000000000e+05
2.027639062500000000e+05
2.005642187500000000e+05
2.004075156250000000e+05
1.999360468750000000e+05
2.014950625000000000e+05
2.000177656250000000e+05
1.998488437500000000e+05
2.010077343750000000e+05
2.007248906250000000e+05
2.019064687500000000e+05
2.010760937500000000e+05
1.999343750000000000e+05
2.023087812500000000e+05
2.011349218750000000e+05
2.024027343750000000e+05
2.025586093750000000e+05
2.003036562500000000e+05
2.012432187500000000e+05
2.010481406250000000e+05
1.991897500000000000e+05
2.007155000000000000e+05
1.992162656250000000e+05
2.021626875000000000e+05
1.998987343750000000e+05
1.988874687500000000e+05
2.020273437500000000e+05
2.010069375000000000e+05
2.029168750000000000e+05
2.003671406250000000e+05
2.002562812500000000e+05
2.016299687500000000e+05
1.996172812500000000e+05
1.997522500000000000e+05
2.007528906250000000e+05
2.013002343750000000e+05
1.991160468750000000e+05
2.025440156250000000e+05
2.037657031250000000e+05
2.031330468750000000e+05
1.986005937500000000e+05
2.003517031250000000e+05
2.010800468750000000e+05
2.021082343750000000e+05
2.000242343750000000e+05
2.036472812500000000e+05
1.998216093750000000e+05
2.020150468750000000e+05
2.000225625000000000e+05
2.028082187500000000e+05
1.994038125000000000e+05
2.004532656250000000e+05
2.003712343750000000e+05
2.000124375000000000e+05
2.017545937500000000e+05
2.000613750000000000e+05
2.013077656250000000e+05
1.998195625000000000e+05
2.004892187500000000e+05
2.004636406250000000e+05
2.014159062500000000e+05
2.005283906250000000e+05
1.990329531250000000e+05
2.038192187500000000e+05
2.021757343750000000e+05
2.005426406250000000e+05
1.998027812500000000e+05
2.011131562500000000e+05
1.995631406250000000e+05
2.022705937500000000e+05
2.022680312500000000e+05
2.029284531250000000e+05
1.998601250000000000e+05
2.014570156250000000e+05
2.010320937500000000e+05
2.010783906250000000e+05
1.993027812500000000e+05
1.994654843750000000e+05
2.003745000000000000e+05
2.018795000000000000e+05
2.023337031250000000e+05
2.015507968750000000e+05
1.999793750000000000e+05
1.992172031250000000e+05
2.006195000000000000e+05
2.009045937500000000e+05
2.006767343750000000e+05
2.009006250000000000e+05
2.038480781250000000e+05
1.994132968750000000e+05
2.015133750000000000e+05
2.027906718750000000e+05
2.007048593750000000e+05
2.021377187500000000e+05
2.006632656250000000e+05
2.013194531250000000e+05
2.010980156250000000e+05
2.009501093750000000e+05
1.997643125000000000e+05
2.005997031250000000e+05
1.979500937500000000e+05
2.003911718750000000e+05
2.016254531250000000e+05
2.005976562500000000e+05
1.996330000000000000e+05
1.991168125000000000e+05
2.014983437500000000e+05
2.029554687500000000e+05
1.999300312500000000e+05
2.014401562500000000e+05
2.007854375000000000e+05
1.996957031250000000e+05
2.014945468750000000e+05
2.005486406250000000e+05
2.025568750000000000e+05
2.006237031250000000e+05
2.027272187500000000e+05
2.000960937500000000e+05
1.999556718750000000e+05
1.993811250000000000e+05
2.035585468750000000e+05
1.990265312500000000e+05
2.002026250000000000e+05
2.010755000000000000e+05
2.013798281250000000e+05
2.011890156250000000e+05
2.019408750000000000e+05
2.003503437500000000e+05
2.020811562500000000e+05
2.019680781250000000e+05
2.002477343750000000e+05
2.007966875000000000e+05
2.002309843750000000e+05
2.009795468750000000e+05
2.039492500000000000e+05
2.013467812500000000e+05
2.001904843750000000e+05
2.011593125000000000e+05
2.026715468750000000e+05
1.987464218750000000e+05
2.016787343750000000e+05
2.003382343750000000e+05
2.001239843750000000e+05
2.001036875000000000e+05
2.039105312500000000e+05
1.991246406250000000e+05
1.996989843750000000e+05
2.027740468750000000e+05
2.015543437500000000e+05
2.018841250000000000e+05
2.017839218750000000e+05
2.030535937500000000e+05
2.012090937500000000e+05
1.989512031250000000e+05
2.026069375000000000e+05
2.020166250000000000e+05
2.007675937500000000e+05
2.003464062500000000e+05
2.009452968750000000e+05
1.998687812500000000e+05
1.992786406250000000e+05
1.985889218750000000e+05
2.026318437500000000e+05
2.015043750000000000e+05
2.013261250000000000e+05
2.026805312500000000e+05
2.025347812500000000e+05
1.991730156250000000e+05
2.031323750000000000e+05
2.001500000000000000e+05
2.019312656250000000e+05
2.006254062500000000e+05
1.997844375000000000e+05
2.016502500000000000e+05
2.010828593750000000e+05
2.017682500000000000e+05
1.997474218750000000e+05
1.984395937500000000e+05
2.024213281250000000e+05
2.002848125000000000e+05
2.024047500000000000e+05
1.999514218750000000e+05
2.012854531250000000e+05
2.006999218750000000e+05
2.010644375000000000e+05
2.017463750000000000e+05
1.997118750000000000e+05
2.036980937500000000e+05
2.004276562500000000e+05
2.007577812500000000e+05
2.023699375000000000e+05
2.003813125000000000e+05
2.013743906250000000e+05
2.024444531250000000e+05
1.990875781250000000e+05
1.998761250000000000e+05
2.014499843750000000e+05
2.009596562500000000e+05
2.001622343750000000e+05
1.983193906250000000e+05
2.004754531250000000e+05
2.012924375000000000e+05
2.042325625000000000e+05
2.000174375000000000e+05
1.996756718750000000e+05
2.011371562500000000e+05
2.008634531250000000e+05
1.999299531250000000e+05
2.021368125000000000e+05
2.019524218750000000e+05
2.008663593750000000e+05
2.016665468750000000e+05
2.012910625000000000e+05
2.036319375000000000e+05
2.021097343750000000e+05
2.008169843750000000e+05
2.011059687500000000e+05
2.024191718750000000e+05
2.016841562500000000e+05
2.042260156250000000e+05
1.998049218750000000e+05
2.017457812500000000e+05
1.990328750000000000e+05
2.027685312500000000e+05
1.997957812500000000e+05
1.991067812500000000e+05
1.988393593750000000e+05
2.002967812500000000e+05
2.009351875000000000e+05
1.990468750000000000e+05
2.025112343750000000e+05
2.013156718750000000e+05
2.017042187500000000e+05
2.002870937500000000e+05
2.011420781250000000e+05
2.003584531250000000e+05
2.019931875000000000e+05
2.000441875000000000e+05
2.005028437500000000e+05
1.996375937500000000e+05
1.975507343750000000e+05
1.979033281250000000e+05
1.996378906250000000e+05
2.011135937500000000e+05
2.011002812500000000e+05
2.006958906250000000e+05
2.002869375000000000e+05
2.016085156250000000e+05
2.001327812500000000e+05
2.012711718750000000e+05
2.004727656250000000e+05
2.011333750000000000e+05
2.023433750000000000e+05
1.992905156250000000e+05
1.990705937500000000e+05
2.008204843750000000e+05
1.996187812500000000e+05
2.014532031250000000e+05
1.998479375000000000e+05
2.008102187500000000e+05
2.009703125000000000e+05
1.998867656250000000e+05
2.002150312500000000e+05
2.005744843750000000e+05
2.007222656250000000e+05
2.004245312500000000e+05
1.994957812500000000e+05
2.012373906250000000e+05
2.005630625000000000e+05
2.002014843750000000e+05
1.985432187500000000e+05
2.003553281250000000e+05
1.991478906250000000e+05
2.021598906250000000e+05
1.979534218750000000e+05
2.014974531250000000e+05
2.004895625000000000e+05
1.997573906250000000e+05
2.007462343750000000e+05
2.016263750000000000e+05
2.025393906250000000e+05
2.014958437500000000e+05
1.995351093750000000e+05
1.997148750000000000e+05
2.008255625000000000e+05
2.022777500000000000e+05
2.000844687500000000e+05
2.024526093750000000e+05
1.987211406250000000e+05
1.993411875000000000e+05
1.988485937500000000e+05
2.013273125000000000e+05
2.030418125000000000e+05
2.010988281250000000e+05
2.019517031250000000e+05
2.025891406250000000e+05
2.009037968750000000e+05
2.001635625000000000e+05
2.006448125000000000e+05
2.020074687500000000e+05
1.989936093750000000e+05
2.024545312500000000e+05
2.016635625000000000e+05
2.018334843750000000e+05
2.009816718750000000e+05
2.019104375000000000e+05
2.001666406250000000e+05
2.012777656250000000e+05
2.009937656250000000e+05
2.010102812500000000e+05
2.008243281250000000e+05
1.999500312500000000e+05
2.008899687500000000e+05
2.004847968750000000e+05
1.999672968750000000e+05
2.000148437500000000e+05
1.994521250000000000e+05
1.998693906250000000e+05
2.022507656250000000e+05
2.013200468750000000e+05
1.995043125000000000e+05
2.007598281250000000e+05
2.008930625000000000e+05
2.010115781250000000e+05
2.010067812500000000e+05
2.029237968750000000e+05
2.000401875000000000e+05
2.017659687500000000e+05
2.006458125000000000e+05
1.999657968750000000e+05
1.989198906250000000e+05
2.025945937500000000e+05
2.028031250000000000e+05
2.033712031250000000e+05
2.010397500000000000e+05
1.998185468750000000e+05
2.005358750000000000e+05
2.013043593750000000e+05
2.031396406250000000e+05
1.989084843750000000e+05
2.020254687500000000e+05
2.012850781250000000e+05
2.007405937500000000e+05
2.013496406250000000e+05
2.011185468750000000e+05
2.020415468750000000e+05
2.000814218750000000e+05
2.032071093750000000e+05
2.008437968750000000e+05
1.991271406250000000e+05
2.004272187500000000e+05
2.006077500000000000e+05
2.002184843750000000e+05
2.000574062500000000e+05
1.996971406250000000e+05
2.030490468750000000e+05
1.990309062500000000e+05
2.012048750000000000e+05
2.016880312500000000e+05
1.998573750000000000e+05
2.008839531250000000e+05
1.989765000000000000e+05
1.997790312500000000e+05
2.024480781250000000e+05
2.009841718750000000e+05
1.983718125000000000e+05
2.014372500000000000e+05
2.005315625000000000e+05
1.995273593750000000e+05
2.017651406250000000e+05
2.018485156250000000e+05
2.003309375000000000e+05
2.001579531250000000e+05
1.998007656250000000e+05
2.005612031250000000e+05
2.001943906250000000e+05
2.000887656250000000e+05
2.007142812500000000e+05
2.008189531250000000e+05
1.998477968750000000e+05
2.009974062500000000e+05
2.019491875000000000e+05
1.992716718750000000e+05
2.009409531250000000e+05
2.005147187500000000e+05
2.025868281250000000e+05
2.001561406250000000e+05
2.005315312500000000e+05
2.005935156250000000e+05
2.001686250000000000e+05
2.011960156250000000e+05
2.013836093750000000e+05
2.033822812500000000e+05
1.995742968750000000e+05
2.020282968750000000e+05
1.990673750000000000e+05
2.007291562500000000e+05
1.985054375000000000e+05
1.991076718750000000e+05
2.015693906250000000e+05
2.016887187500000000e+05
2.013372343750000000e+05
2.005595937500000000e+05
2.000601250000000000e+05
2.024516406250000000e+05
1.987725625000000000e+05
1.984879531250000000e+05
1.995261875000000000e+05
2.000779218750000000e+05
2.001610625000000000e+05
2.020940781250000000e+05
1.986560468750000000e+05
1.987161250000000000e+05
2.004452812500000000e+05
2.008399218750000000e+05
2.003559375000000000e+05
2.019370000000000000e+05
2.036099687500000000e+05
2.021622187500000000e+05
2.000119218750000000e+05
2.009359218750000000e+05
2.010905312500000000e+05
2.003031718750000000e+05
2.015848281250000000e+05
2.005774375000000000e+05
2.007961406250000000e+05
2.003418125000000000e+05
1.998166718750000000e+05
2.027955312500000000e+05
2.007400937500000000e+05
2.002810625000000000e+05
2.010514687500000000e+05
2.011132031250000000e+05
2.027857968750000000e+05
2.004912343750000000e+05
2.013384687500000000e+05
2.002265937500000000e+05
2.028675156250000000e+05
2.011906093750000000e+05
2.012019531250000000e+05
2.016432187500000000e+05
2.018325000000000000e+05
1.991193281250000000e+05
2.005837031250000000e+05
1.999535625000000000e+05
2.005273593750000000e+05
2.008655937500000000e+05
2.013999062500000000e+05
2.011971718750000000e+05
2.016705000000000000e+05
2.011781250000000000e+05
2.019140937500000000e+05
2.025368750000000000e+05
1.996804218750000000e+05
1.995028593750000000e+05
2.013401718750000000e+05
1.999308906250000000e+05
2.003391875000000000e+05
2.018283750000000000e+05
2.030189531250000000e+05
1.996092187500000000e+05
1.994741093750000000e+05
2.041517187500000000e+05
2.014299375000000000e+05
2.014751718750000000e+05
2.003131875000000000e+05
2.010287812500000000e+05
2.016220781250000000e+05
2.015762500000000000e+05
2.014724062500000000e+05
2.025155625000000000e+05
2.008236250000000000e+05
2.030750468750000000e+05
2.027236562500000000e+05
1.982607187500000000e+05
1.994585781250000000e+05
2.006303906250000000e+05
2.006044375000000000e+05
2.014461406250000000e+05
2.028727968750000000e+05
2.010815625000000000e+05
2.001729843750000000e+05
2.016587187500000000e+05
2.035699843750000000e+05
2.028136250000000000e+05
2.007215000000000000e+05
2.009238437500000000e+05
2.001692031250000000e+05
2.008316250000000000e+05
2.004573593750000000e+05
2.030047656250000000e+05
1.995498125000000000e+05
2.004608906250000000e+05
2.015402031250000000e+05
1.999889062500000000e+05
2.009268437500000000e+05
2.004430625000000000e+05
2.005136093750000000e+05
1.996869062500000000e+05
2.016248437500000000e+05
2.008569687500000000e+05
2.003133593750000000e+05
2.016154218750000000e+05
1.996454375000000000e+05
2.021627031250000000e+05
2.008139687500000000e+05
1.994421250000000000e+05
2.011361406250000000e+05
2.001140000000000000e+05
2.008909218750000000e+05
2.011083281250000000e+05
2.000062500000000000e+05
2.030424218750000000e+05
2.016572656250000000e+05
2.032607656250000000e+05
2.009073125000000000e+05
2.016891093750000000e+05
2.002934218750000000e+05
2.001066562500000000e+05
2.009957187500000000e+05
2.022093125000000000e+05
2.018343281250000000e+05
2.001349687500000000e+05
2.022052343750000000e+05
2.005302343750000000e+05
2.021258906250000000e+05
1.996944062500000000e+05
2.002926093750000000e+05
2.009742812500000000e+05
2.001696562500000000e+05
1.998293593750000000e+05
2.013753906250000000e+05
2.025233437500000000e+05
1.992240781250000000e+05
2.008191718750000000e+05
2.012357500000000000e+05
1.999593906250000000e+05
1.993100625000000000e+05
2.004739375000000000e+05
2.018416250000000000e+05
2.005192968750000000e+05
2.000060000000000000e+05
2.027660000000000000e+05
2.011785000000000000e+05
2.009849531250000000e+05
2.057052343750000000e+05
2.016498593750000000e+05
2.003180312500000000e+05
1.986972500000000000e+05
1.997131093750000000e+05
2.001104687500000000e+05
1.994559218750000000e+05
2.007221406250000000e+05
2.025511093750000000e+05
2.014086562500000000e+05
2.017549531250000000e+05
2.019680468750000000e+05
1.992919375000000000e+05
2.004059843750000000e+05
2.006125625000000000e+05
2.003652812500000000e+05
2.027408906250000000e+05
2.003109375000000000e+05
1.996917187500000000e+05
2.010083906250000000e+05
2.000996875000000000e+05
2.019634062500000000e+05
2.005315937500000000e+05
2.004736406250000000e+05
2.016861718750000000e+05
2.003075468750000000e+05
2.011231406250000000e+05
2.028725156250000000e+05
2.013590468750000000e+05
2.015686718750000000e+05
2.030593125000000000e+05
2.026403125000000000e+05
2.000023125000000000e+05
1.992616875000000000e+05
2.010456875000000000e+05
1.996958437500000000e+05
2.028673906250000000e+05
2.028310937500000000e+05
1.999957343750000000e+05
2.024157968750000000e+05
1.995475781250000000e+05
2.032303281250000000e+05
1.988411250000000000e+05
2.021471718750000000e+05
2.027452500000000000e+05
2.022565781250000000e+05
2.010854062500000000e+05
2.020706562500000000e+05
2.015963281250000000e+05
1.992318125000000000e+05
2.021247343750000000e+05
2.006399531250000000e+05
2.013561718750000000e+05
2.003092968750000000e+05
2.015905625000000000e+05
1.992087187500000000e+05
2.011827812500000000e+05
2.021981093750000000e+05
2.024008125000000000e+05
1.995008281250000000e+05
2.024769218750000000e+05
2.006478125000000000e+05
2.004290625000000000e+05
2.008671875000000000e+05
2.021827812500000000e+05
2.012445781250000000e+05
2.004597812500000000e+05
2.007521250000000000e+05
2.002060468750000000e+05
2.011619687500000000e+05
2.014129218750000000e+05
1.995594375000000000e+05
2.015803593750000000e+05
2.025788437500000000e+05
1.980916093750000000e+05
2.019773906250000000e+05
2.004073125000000000e+05
2.018327968750000000e+05
2.001868750000000000e+05
1.988024687500000000e+05
2.026558906250000000e+05
2.013750937500000000e+05
2.018697187500000000e+05
2.007561406250000000e+05
2.025602187500000000e+05
2.003804062500000000e+05
2.004310312500000000e+05
2.011114218750000000e+05
2.012834687500000000e+05
2.022662656250000000e+05
2.025160937500000000e+05
2.011082500000000000e+05
2.011636093750000000e+05
1.999722500000000000e+05
2.004377031250000000e+05
2.013817968750000000e+05
2.032828593750000000e+05
2.010062812500000000e+05
2.033835937500000000e+05
2.003442812500000000e+05
1.991190312500000000e+05
1.999765312500000000e+05
2.015084375000000000e+05
2.003731718750000000e+05
2.013782812500000000e+05
2.021224531250000000e+05
2.004786718750000000e+05
1.998212031250000000e+05
2.023415312500000000e+05
2.030796093750000000e+05
1.992920156250000000e+05
2.001076093750000000e+05
2.027048750000000000e+05
2.016796875000000000e+05
2.032857968750000000e+05
2.006501875000000000e+05
2.012071250000000000e+05
2.023539843750000000e+05
2.021480781250000000e+05
2.023948125000000000e+05
1.991099062500000000e+05
1.996590156250000000e+05
2.003686093750000000e+05
1.992974375000000000e+05
1.999098125000000000e+05
1.972174218750000000e+05
2.003275000000000000e+05
2.006377812500000000e+05
2.005808906250000000e+05
2.028134062500000000e+05
2.002683750000000000e+05
2.007490000000000000e+05
1.992247812500000000e+05
2.008266875000000000e+05
2.022997187500000000e+05
1.993227656250000000e+05
2.015148906250000000e+05
1.990008437500000000e+05
2.011376093750000000e+05
2.031476562500000000e+05
2.020211093750000000e+05
2.023517656250000000e+05
1.991737031250000000e+05
2.023362500000000000e+05
2.026073750000000000e+05
2.013621093750000000e+05
2.009403125000000000e+05
1.985974687500000000e+05
1.996016562500000000e+05
2.007528281250000000e+05
2.003519062500000000e+05
1.999645156250000000e+05
2.002588906250000000e+05
2.003234843750000000e+05
2.003019531250000000e+05
2.007207812500000000e+05
2.018439218750000000e+05
2.004812500000000000e+05
2.024079687500000000e+05
2.003911093750000000e+05
2.006218750000000000e+05
2.012659218750000000e+05
2.014333906250000000e+05
2.003132500000000000e+05
2.015401875000000000e+05
2.011917968750000000e+05
2.016725625000000000e+05
2.012817812500000000e+05
2.011760625000000000e+05
2.019782500000000000e+05
1.996567500000000000e+05
2.014841718750000000e+05
2.015645781250000000e+05
2.010135625000000000e+05
2.012925312500000000e+05
2.012627343750000000e+05
2.018614375000000000e+05
2.003051718750000000e+05
2.001966406250000000e+05
2.015802031250000000e+05
1.987561250000000000e+05
2.002692187500000000e+05
2.030035781250000000e+05
2.015654062500000000e+05
2.004359218750000000e+05
2.032960468750000000e+05
2.009249531250000000e+05
2.004107656250000000e+05
2.017129843750000000e+05
2.002569687500000000e+05
2.022278125000000000e+05
2.020795156250000000e+05
2.000578593750000000e+05
2.017765781250000000e+05
2.020246875000000000e+05
2.009304843750000000e+05
1.998702968750000000e+05
2.039985312500000000e+05
1.999328906250000000e+05
1.999823281250000000e+05
1.998018750000000000e+05
2.008396875000000000e+05
2.008470937500000000e+05
2.010551406250000000e+05
2.000714375000000000e+05
2.010773593750000000e+05
2.001540937500000000e+05
2.002930000000000000e+05
2.009863125000000000e+05
2.028819531250000000e+05
2.029150156250000000e+05
2.016684843750000000e+05
2.017198750000000000e+05
2.005358906250000000e+05
2.027563281250000000e+05
2.017072343750000000e+05
2.003895468750000000e+05
2.014063750000000000e+05
2.037702031250000000e+05
2.011226093750000000e+05
2.015248437500000000e+05
2.016621250000000000e+05
2.014804843750000000e+05
1.998018281250000000e+05
1.982057656250000000e+05
2.011516250000000000e+05
2.015235156250000000e+05
2.018261250000000000e+05
2.004122968750000000e+05
1.993546562500000000e+05
2.001834531250000000e+05
2.002230781250000000e+05
1.998648125000000000e+05
2.019753437500000000e+05
2.004649531250000000e+05
2.023220625000000000e+05
1.999499531250000000e+05
2.002334531250000000e+05
2.000205312500000000e+05
2.009381562500000000e+05
1.986650156250000000e+05
2.001589062500000000e+05
1.998274375000000000e+05
2.022545937500000000e+05
2.011437656250000000e+05
2.002248750000000000e+05
2.010817812500000000e+05
1.994865937500000000e+05
2.019341875000000000e+05
2.009631093750000000e+05
2.003740312500000000e+05
2.023632968750000000e+05
2.020107187500000000e+05
1.992462968750000000e+05
2.010020625000000000e+05
2.004103125000000000e+05
1.993022187500000000e+05
2.022725156250000000e+05
2.019085000000000000e+05
2.021089062500000000e+05
2.019375156250000000e+05
2.010638750000000000e+05
2.018705000000000000e+05
1.999972187500000000e+05
2.034654531250000000e+05
2.008919531250000000e+05
1.999116718750000000e+05
1.983905000000000000e+05
2.006696250000000000e+05
1.990448906250000000e+05
2.022877500000000000e+05
1.994276875000000000e+05
2.009328125000000000e+05
2.031593125000000000e+05
1.992335468750000000e+05
2.001055156250000000e+05
2.014463281250000000e+05
2.014300156250000000e+05
2.009370937500000000e+05
2.006125000000000000e+05
2.010653593750000000e+05
1.998935312500000000e+05
2.022076406250000000e+05
2.010829843750000000e+05
2.017473750000000000e+05
2.014210000000000000e+05
2.000972031250000000e+05
1.998372500000000000e+05
2.009857812500000000e+05
2.003882968750000000e+05
2.005036250000000000e+05
2.006452656250000000e+05
2.006846718750000000e+05
1.998201562500000000e+05
1.993300000000000000e+05
2.014685156250000000e+05
2.006948437500000000e+05
2.011920937500000000e+05
1.999865000000000000e+05
1.991543750000000000e+05
2.006857031250000000e+05
2.010641875000000000e+05
1.997035000000000000e+05
2.003335625000000000e+05
2.009381406250000000e+05
2.013049375000000000e+05
1.997315156250000000e+05
2.012848906250000000e+05
1.999280000000000000e+05
2.013526093750000000e+05
2.005369687500000000e+05
1.996155781250000000e+05
2.009960937500000000e+05
2.004083906250000000e+05
2.004469218750000000e+05
2.012694062500000000e+05
2.011059687500000000e+05
2.001578125000000000e+05
2.004860312500000000e+05
2.003661562500000000e+05
2.007920000000000000e+05
2.018019531250000000e+05
2.011357812500000000e+05
2.021939531250000000e+05
2.006690781250000000e+05
1.990783906250000000e+05
2.000857968750000000e+05
2.015973593750000000e+05
2.013212812500000000e+05
1.999923750000000000e+05
2.021712500000000000e+05
1.998655000000000000e+05
2.004177187500000000e+05
2.006687656250000000e+05
2.002413750000000000e+05
2.011755625000000000e+05
2.011700156250000000e+05
2.019894531250000000e+05
2.007188437500000000e+05
2.017659218750000000e+05
1.998705625000000000e+05
2.009905625000000000e+05
2.003759062500000000e+05
1.994258281250000000e+05
1.997637500000000000e+05
2.012354687500000000e+05
2.016113906250000000e+05
1.992743750000000000e+05
2.013610312500000000e+05
2.024806406250000000e+05
1.996817187500000000e+05
2.005301718750000000e+05
2.002833281250000000e+05
2.009424218750000000e+05
2.012933750000000000e+05
1.994694843750000000e+05
2.018685781250000000e+05
2.010481718750000000e+05
1.990351875000000000e+05
2.007697656250000000e+05
2.021010156250000000e+05
2.002434218750000000e+05
2.032258125000000000e+05
1.997828906250000000e+05
2.007770000000000000e+05
2.011469218750000000e+05
2.011684843750000000e+05
2.017633437500000000e+05
2.025773437500000000e+05
2.002442031250000000e+05
2.002019218750000000e+05
2.011163593750000000e+05
2.011424531250000000e+05
1.985631875000000000e+05
2.000679062500000000e+05
2.010696875000000000e+05
2.006165000000000000e+05
2.002594062500000000e+05
2.002298750000000000e+05
2.038587187500000000e+05
2.012917812500000000e+05
1.996904843750000000e+05
2.033026093750000000e+05
2.006803125000000000e+05
2.003425937500000000e+05
2.024972031250000000e+05
2.014388750000000000e+05
2.046904218750000000e+05
2.008734375000000000e+05
1.999279375000000000e+05
2.001151562500000000e+05
2.024117343750000000e+05
2.015002812500000000e+05
2.009924218750000000e+05
2.015237343750000000e+05
1.996755156250000000e+05
1.986158750000000000e+05
2.019387343750000000e+05
2.023719218750000000e+05
1.994824531250000000e+05
1.996100468750000000e+05
2.029331562500000000e+05
1.998046250000000000e+05
2.017386562500000000e+05
2.004453906250000000e+05
1.991307187500000000e+05
2.012059062500000000e+05
2.010765937500000000e+05
2.020506875000000000e+05
2.013227812500000000e+05
1.992799531250000000e+05
1.997218437500000000e+05
2.000056250000000000e+05
2.008559218750000000e+05
2.009035000000000000e+05
1.993931250000000000e+05
2.002728593750000000e+05
2.042556718750000000e+05
2.019786406250000000e+05
2.039591562500000000e+05
2.001765781250000000e+05
1.996145625000000000e+05
2.005825156250000000e+05
1.984280468750000000e+05
2.001608750000000000e+05
2.007423750000000000e+05
2.002410625000000000e+05
2.008490781250000000e+05
2.001953593750000000e+05
2.004767031250000000e+05
2.018691875000000000e+05
2.031403281250000000e+05
2.016143906250000000e+05
2.007363750000000000e+05
1.996390468750000000e+05
2.029742343750000000e+05
1.998191875000000000e+05
2.027373906250000000e+05
2.007995468750000000e+05
2.027175625000000000e+05
2.014300468750000000e+05
2.003292500000000000e+05
2.002295000000000000e+05
2.011020468750000000e+05
2.016196875000000000e+05
2.018654218750000000e+05
2.023802343750000000e+05
2.018932187500000000e+05
2.019465781250000000e+05
1.994197031250000000e+05
2.009337343750000000e+05
2.011842500000000000e+05
1.992020625000000000e+05
2.024573750000000000e+05
2.024328593750000000e+05
2.009477656250000000e+05
2.014622812500000000e+05
2.004325468750000000e+05
2.003638437500000000e+05
2.021738125000000000e+05
1.997583750000000000e+05
2.002734375000000000e+05
2.003722812500000000e+05
2.005520781250000000e+05
2.003419843750000000e+05
2.020211562500000000e+05
1.992607187500000000e+05
2.012474062500000000e+05
1.993546718750000000e+05
2.016018750000000000e+05
2.022252812500000000e+05
2.006277343750000000e+05
2.010721250000000000e+05
2.019266093750000000e+05
2.002786250000000000e+05
1.985872968750000000e+05
1.994151093750000000e+05
2.016319062500000000e+05
2.011568437500000000e+05
1.988041718750000000e+05
1.996747656250000000e+05
2.014255000000000000e+05
1.999114843750000000e+05
1.988380312500000000e+05
2.004425468750000000e+05
1.980336406250000000e+05
2.006221093750000000e+05
2.011900937500000000e+05
2.009619375000000000e+05
2.013426093750000000e+05
2.022260937500000000e+05
1.986411718750000000e+05
1.988715781250000000e+05
2.020571250000000000e+05
1.992286718750000000e+05
1.996911406250000000e+05
1.996571250000000000e+05
2.012427187500000000e+05
1.999686562500000000e+05
2.007894531250000000e+05
1.983516093750000000e+05
2.003560468750000000e+05
2.014001562500000000e+05
2.021299375000000000e+05
2.020136250000000000e+05
2.015096250000000000e+05
1.998239843750000000e+05
2.006414375000000000e+05
1.998634375000000000e+05
2.005618593750000000e+05
2.008000937500000000e+05
2.011979218750000000e+05
2.004957343750000000e+05
2.022698750000000000e+05
1.998032031250000000e+05
2.000557968750000000e+05
2.019535312500000000e+05
2.013577031250000000e+05
2.003149531250000000e+05
1.998162187500000000e+05
1.986086093750000000e+05
2.031869375000000000e+05
2.023169218750000000e+05
2.003285625000000000e+05
2.000343125000000000e+05
1.995918593750000000e+05
1.991448437500000000e+05
1.991858750000000000e+05
2.025095312500000000e+05
2.013718750000000000e+05
2.002281093750000000e+05
1.998769218750000000e+05
2.013529218750000000e+05
2.016684218750000000e+05
2.017835781250000000e+05
2.016333437500000000e+05
2.003029843750000000e+05
2.006029375000000000e+05
1.976239375000000000e+05
2.006049218750000000e+05
1.994277500000000000e+05
2.014784531250000000e+05
2.008984375000000000e+05
1.998935156250000000e+05
2.012994218750000000e+05
2.019085312500000000e+05
1.983251093750000000e+05
2.011945937500000000e+05
2.005032500000000000e+05
1.992604687500000000e+05
2.012510156250000000e+05
2.025447343750000000e+05
2.000045937500000000e+05
1.986525937500000000e+05
2.019455156250000000e+05
2.012701406250000000e+05
2.000342500000000000e+05
2.032344687500000000e+05
2.012363906250000000e+05
1.991347500000000000e+05
2.005260156250000000e+05
2.001494531250000000e+05
2.002602812500000000e+05
1.994330000000000000e+05
2.012001250000000000e+05
1.996220625000000000e+05
2.002781875000000000e+05
2.014363437500000000e+05
2.001490312500000000e+05
1.999516562500000000e+05
2.037132187500000000e+05
2.007363906250000000e+05
1.989512500000000000e+05
2.012751718750000000e+05
2.017421562500000000e+05
2.015597187500000000e+05
2.027621093750000000e+05
2.010504843750000000e+05
2.004332812500000000e+05
2.011927968750000000e+05
2.006794062500000000e+05
1.994843593750000000e+05
2.012393906250000000e+05
2.028185937500000000e+05
2.005325937500000000e+05
2.028925937500000000e+05
1.999285000000000000e+05
1.987418750000000000e+05
2.002646562500000000e+05
2.021117343750000000e+05
2.025011250000000000e+05
2.021411250000000000e+05
2.014705625000000000e+05
2.005501250000000000e+05
2.027293437500000000e+05
2.035729531250000000e+05
2.010968437500000000e+05
2.002967656250000000e+05
2.002819687500000000e+05
2.006992812500000000e+05
1.999560781250000000e+05
1.994763593750000000e+05
2.010177343750000000e+05
2.006238125000000000e+05
2.015167656250000000e+05
2.014323593750000000e+05
2.014306875000000000e+05
2.005215468750000000e+05
2.004825468750000000e+05
1.998528281250000000e+05
2.021037343750000000e+05
1.992250625000000000e+05
2.022409687500000000e+05
1.991738906250000000e+05
1.999378750000000000e+05
2.010739375000000000e+05
2.007545937500000000e+05
1.991521718750000000e+05
1.992944375000000000e+05
2.000738437500000000e+05
2.002427968750000000e+05
1.994102656250000000e+05
1.992238750000000000e+05
1.994877500000000000e+05
2.014394531250000000e+05
2.028800781250000000e+05
1.996185156250000000e+05
2.007042031250000000e+05
1.996860312500000000e+05
1.985304531250000000e+05
1.999309687500000000e+05
1.994730156250000000e+05
1.996869531250000000e+05
2.023188750000000000e+05
2.005545312500000000e+05
1.994743125000000000e+05
1.977723906250000000e+05
2.017526562500000000e+05
1.997676406250000000e+05
2.004355000000000000e+05
1.993849843750000000e+05
2.010992812500000000e+05
1.998151718750000000e+05
2.002231406250000000e+05
2.009832968750000000e+05
2.009267968750000000e+05
2.025220625000000000e+05
2.012410781250000000e+05
2.004466875000000000e+05
1.984862187500000000e+05
1.997656875000000000e+05
2.000696250000000000e+05
1.997271562500000000e+05
2.015092031250000000e+05
2.019212187500000000e+05
2.035192500000000000e+05
1.994729843750000000e+05
2.025789531250000000e+05
2.012240781250000000e+05
2.016846406250000000e+05
1.987967343750000000e+05
2.012011093750000000e+05
2.020161093750000000e+05
2.015886093750000000e+05
2.019022500000000000e+05
2.011081093750000000e+05
2.001532812500000000e+05
2.011931562500000000e+05
1.991158750000000000e+05
2.016314687500000000e+05
1.986974062500000000e+05
1.994586875000000000e+05
2.031717656250000000e+05
2.017021718750000000e+05
2.008008437500000000e+05
1.992556875000000000e+05
1.991524062500000000e+05
2.018677812500000000e+05
2.011967500000000000e+05
2.005213125000000000e+05
1.983000625000000000e+05
2.019006250000000000e+05
1.994677656250000000e+05
1.997113437500000000e+05
2.005015625000000000e+05
2.020725781250000000e+05
2.013855000000000000e+05
2.017060468750000000e+05
1.994095937500000000e+05
2.015517656250000000e+05
2.001199375000000000e+05
2.013621562500000000e+05
2.011927031250000000e+05
2.024429375000000000e+05
1.993392812500000000e+05
2.007862343750000000e+05
1.993757187500000000e+05
2.007903437500000000e+05
2.005155781250000000e+05
2.032587500000000000e+05
2.024891562500000000e+05
2.009210468750000000e+05
2.013300625000000000e+05
2.016098906250000000e+05
2.014099375000000000e+05
2.004184375000000000e+05
2.011151875000000000e+05
2.008884687500000000e+05
1.986012500000000000e+05
1.995549062500000000e+05
2.013663125000000000e+05
2.015638906250000000e+05
2.000739218750000000e+05
2.017642343750000000e+05
2.017910000000000000e+05
1.985812500000000000e+05
2.011626093750000000e+05
2.017344843750000000e+05
2.010072500000000000e+05
1.990956250000000000e+05
2.019137031250000000e+05
2.014231406250000000e+05
2.030339687500000000e+05
1.996280156250000000e+05
2.004822343750000000e+05
2.003976406250000000e+05
1.988202500000000000e+05
2.027883281250000000e+05
2.010658593750000000e+05
2.000422187500000000e+05
1.990596093750000000e+05
2.004784531250000000e+05
2.010743593750000000e+05
2.017575156250000000e+05
1.991580000000000000e+05
1.999773750000000000e+05
2.012317187500000000e+05
2.006250781250000000e+05
2.001394687500000000e+05
2.007048750000000000e+05
1.989324062500000000e+05
2.016362343750000000e+05
2.000811718750000000e+05
2.014076250000000000e+05
2.008661250000000000e+05
2.014015156250000000e+05
2.006009687500000000e+05
2.015097656250000000e+05
1.998924687500000000e+05
1.996238750000000000e+05
2.026005000000000000e+05
2.008161718750000000e+05
2.009264375000000000e+05
2.013373906250000000e+05
2.013813906250000000e+05
2.023105625000000000e+05
2.010220468750000000e+05
2.012462187500000000e+05
1.996050781250000000e+05
2.005998750000000000e+05
1.999278437500000000e+05
2.020614843750000000e+05
2.016949062500000000e+05
1.997167343750000000e+05
2.003889218750000000e+05
2.003513437500000000e+05
2.022679062500000000e+05
2.009253906250000000e+05
1.988376562500000000e+05
2.008689843750000000e+05
2.045919375000000000e+05
1.996985156250000000e+05
1.996918750000000000e+05
2.001483750000000000e+05
1.997801406250000000e+05
2.001790312500000000e+05
2.008143437500000000e+05
2.010379687500000000e+05
2.025961875000000000e+05
2.007369375000000000e+05
1.996215312500000000e+05
1.976063593750000000e+05
2.010822031250000000e+05
2.007005468750000000e+05
1.993291718750000000e+05
2.007595937500000000e+05
2.008155312500000000e+05
1.991994375000000000e+05
2.013744531250000000e+05
2.006748593750000000e+05
2.020840781250000000e+05
2.004024531250000000e+05
2.001925312500000000e+05
1.995592656250000000e+05
2.011010000000000000e+05
2.009302031250000000e+05
1.999023125000000000e+05
2.003821250000000000e+05
2.000934062500000000e+05
2.003074218750000000e+05
2.020174531250000000e+05
1.999217812500000000e+05
1.992371562500000000e+05
2.027234218750000000e+05
2.031729062500000000e+05
1.998218750000000000e+05
2.012913437500000000e+05
2.001586875000000000e+05
2.005270468750000000e+05
2.023415156250000000e+05
2.007021875000000000e+05
2.008262968750000000e+05
2.001108906250000000e+05
2.003602031250000000e+05
2.029016250000000000e+05
2.001756875000000000e+05
2.017335312500000000e+05
2.029363281250000000e+05
2.017253593750000000e+05
1.990291250000000000e+05
1.998069375000000000e+05
2.011285312500000000e+05
1.981817656250000000e+05
1.981170000000000000e+05
1.994206406250000000e+05
2.024365625000000000e+05
1.977031250000000000e+05
1.983187343750000000e+05
2.010969062500000000e+05
2.010758281250000000e+05
2.016770781250000000e+05
1.996319062500000000e+05
2.006119531250000000e+05
2.002691562500000000e+05
2.028748437500000000e+05
1.999649375000000000e+05
2.004029375000000000e+05
2.007916250000000000e+05
2.014247500000000000e+05
2.004204531250000000e+05
2.011900937500000000e+05
2.003539218750000000e+05
2.030798437500000000e+05
2.000767500000000000e+05
1.997839375000000000e+05
2.021284218750000000e+05
2.006881875000000000e+05
2.002855625000000000e+05
2.012643125000000000e+05
2.007287812500000000e+05
2.016213125000000000e+05
2.001138750000000000e+05
1.977989218750000000e+05
2.008604531250000000e+05
1.988845781250000000e+05
2.021089375000000000e+05
2.004530625000000000e+05
1.985768750000000000e+05
2.003195000000000000e+05
2.009769062500000000e+05
2.016401875000000000e+05
2.009166093750000000e+05
2.028819843750000000e+05
1.993070312500000000e+05
2.006421250000000000e+05
2.002685000000000000e+05
1.990861875000000000e+05
1.993774843750000000e+05
2.007826093750000000e+05
2.023533593750000000e+05
1.994507343750000000e+05
2.004742343750000000e+05
1.981241875000000000e+05
2.004132968750000000e+05
2.009627187500000000e+05
2.014806406250000000e+05
2.001476406250000000e+05
2.009706562500000000e+05
2.007944062500000000e+05
2.006120312500000000e+05
2.002315625000000000e+05
2.004481875000000000e+05
2.001709687500000000e+05
1.989235312500000000e+05
2.009549375000000000e+05
2.010171718750000000e+05
2.017919375000000000e+05
2.002415312500000000e+05
1.975455937500000000e+05
2.004059843750000000e+05
2.000577656250000000e+05
1.996812187500000000e+05
2.008401406250000000e+05
2.004545781250000000e+05
2.010378906250000000e+05
2.000285312500000000e+05
2.012566250000000000e+05
1.993868281250000000e+05
2.009756406250000000e+05
1.980486406250000000e+05
1.996398437500000000e+05
2.020958750000000000e+05
2.009794218750000000e+05
1.993096562500000000e+05
2.018909531250000000e+05
2.020930625000000000e+05
2.009630937500000000e+05
2.016060625000000000e+05
1.998695625000000000e+05
2.009747812500000000e+05
1.997712500000000000e+05
2.003592343750000000e+05
1.994923593750000000e+05
1.998932812500000000e+05
2.003029531250000000e+05
1.984376718750000000e+05
2.020052656250000000e+05
1.981864687500000000e+05
2.001777031250000000e+05
2.003240312500000000e+05
1.990750468750000000e+05
1.995932031250000000e+05
2.001295000000000000e+05
1.999595156250000000e+05
2.016388125000000000e+05
2.009968281250000000e+05
2.001127031250000000e+05
1.999534687500000000e+05
1.995470156250000000e+05
2.001456875000000000e+05
1.988025312500000000e+05
1.987047500000000000e+05
2.010580937500000000e+05
2.016471718750000000e+05
1.986570156250000000e+05
1.982643906250000000e+05
2.017729218750000000e+05
2.012713593750000000e+05
2.007705937500000000e+05
2.014940625000000000e+05
2.019582343750000000e+05
2.000005000000000000e+05
2.007595625000000000e+05
2.003229531250000000e+05
2.006160156250000000e+05
2.002082500000000000e+05
1.984042656250000000e+05
2.001684062500000000e+05
2.014002968750000000e+05
1.995900781250000000e+05
1.996079375000000000e+05
2.018682812500000000e+05
2.000984531250000000e+05
1.998250781250000000e+05
2.014635156250000000e+05
2.008516406250000000e+05
2.006622656250000000e+05
1.971889062500000000e+05
2.014124531250000000e+05
2.002013281250000000e+05
2.007797500000000000e+05
2.002570468750000000e+05
1.993303281250000000e+05
2.006035312500000000e+05
2.020083750000000000e+05
2.006986875000000000e+05
1.998315156250000000e+05
2.002770937500000000e+05
2.004424843750000000e+05
1.996448750000000000e+05
2.000745937500000000e+05
2.021575937500000000e+05
2.015571250000000000e+05
2.008258906250000000e+05
2.006078281250000000e+05
1.999016875000000000e+05
2.007996875000000000e+05
2.003792343750000000e+05
1.997557031250000000e+05
2.012196562500000000e+05
1.990368281250000000e+05
1.998763750000000000e+05
1.982517968750000000e+05
1.996802968750000000e+05
2.021502656250000000e+05
2.016940468750000000e+05
2.006970312500000000e+05
1.999611406250000000e+05
2.001871250000000000e+05
2.001250937500000000e+05
2.005122343750000000e+05
2.003405625000000000e+05
2.005719218750000000e+05
2.009337656250000000e+05
2.000608750000000000e+05
2.002667343750000000e+05
1.987028906250000000e+05
2.018207187500000000e+05
2.022072187500000000e+05
2.024052500000000000e+05
2.015708281250000000e+05
1.982182500000000000e+05
2.000108906250000000e+05
1.978861093750000000e+05
1.997443437500000000e+05
1.994897031250000000e+05
2.002537812500000000e+05
2.015565625000000000e+05
2.017553437500000000e+05
2.017340625000000000e+05
2.007985156250000000e+05
1.977673281250000000e+05
2.010905312500000000e+05
2.007710312500000000e+05
2.005516406250000000e+05
1.990127968750000000e+05
2.011408593750000000e+05
1.995011718750000000e+05
2.017564531250000000e+05
2.009473125000000000e+05
1.994890781250000000e+05
1.997198281250000000e+05
1.997660000000000000e+05
1.990337031250000000e+05
2.005450312500000000e+05
1.995584843750000000e+05
1.989381875000000000e+05
1.999144062500000000e+05
1.971482968750000000e+05
2.016257656250000000e+05
2.019297656250000000e+05
2.009208906250000000e+05
2.022214687500000000e+05
2.007487031250000000e+05
2.012702343750000000e+05
2.001737812500000000e+05
1.998743437500000000e+05
1.999238281250000000e+05
1.974577187500000000e+05
1.992642031250000000e+05
2.004272500000000000e+05
2.020001718750000000e+05
1.990294218750000000e+05
2.000568750000000000e+05
2.013824375000000000e+05
2.012108281250000000e+05
1.996910625000000000e+05
2.028648750000000000e+05
2.010383593750000000e+05
2.001353593750000000e+05
1.992538437500000000e+05
2.005318750000000000e+05
2.007659062500000000e+05
1.989970937500000000e+05
2.033622500000000000e+05
1.998772812500000000e+05
2.019771562500000000e+05
2.010418437500000000e+05
1.994084062500000000e+05
2.025740781250000000e+05
1.992405312500000000e+05
2.020415000000000000e+05
1.990661875000000000e+05
2.012464531250000000e+05
2.007095937500000000e+05
2.014888437500000000e+05
2.000581718750000000e+05
1.971100468750000000e+05
1.999028906250000000e+05
2.000432031250000000e+05
2.015824218750000000e+05
2.014891250000000000e+05
2.008415937500000000e+05
2.018214687500000000e+05
2.010021093750000000e+05
2.026940937500000000e+05
1.997557656250000000e+05
2.024369687500000000e+05
2.001679531250000000e+05
2.012625937500000000e+05
2.033762968750000000e+05
1.995833437500000000e+05
1.998657031250000000e+05
1.988940468750000000e+05
2.008074687500000000e+05
1.995837656250000000e+05
1.997543437500000000e+05
2.019504687500000000e+05
1.996812656250000000e+05
1.999430937500000000e+05
2.012025312500000000e+05
2.009838281250000000e+05
2.012007500000000000e+05
1.993564375000000000e+05
2.013678125000000000e+05
1.985616406250000000e+05
1.999907343750000000e+05
2.000165625000000000e+05
2.003640937500000000e+05
1.986891250000000000e+05
2.007780468750000000e+05
2.005878750000000000e+05
2.004848281250000000e+05
1.988854687500000000e+05
2.015879218750000000e+05
2.023774062500000000e+05
2.030699531250000000e+05
2.020946093750000000e+05
1.990863593750000000e+05
2.011194062500000000e+05
1.995761562500000000e+05
2.001789375000000000e+05
2.014859843750000000e+05
2.002151406250000000e+05
1.994030312500000000e+05
2.003041093750000000e+05
2.008459687500000000e+05
1.990563281250000000e+05
1.995489843750000000e+05
2.019784062500000000e+05
2.019463437500000000e+05
2.007198593750000000e+05
2.002670937500000000e+05
2.004420781250000000e+05
2.004046562500000000e+05
1.990811093750000000e+05
2.029188593750000000e+05
2.016101718750000000e+05
2.010011875000000000e+05
2.000619531250000000e+05
2.003602968750000000e+05
2.023114375000000000e+05
1.996638125000000000e+05
1.987254375000000000e+05
2.016282500000000000e+05
2.007814531250000000e+05
1.980039843750000000e+05
2.003477187500000000e+05
2.006245312500000000e+05
2.008489843750000000e+05
2.019591875000000000e+05
2.012685781250000000e+05
1.998287656250000000e+05
1.989781875000000000e+05
2.006794531250000000e+05
1.980257968750000000e+05
2.013123750000000000e+05
2.012019218750000000e+05
2.008189531250000000e+05
2.020765781250000000e+05
2.000995937500000000e+05
2.011131093750000000e+05
1.987758750000000000e+05
1.994264218750000000e+05
1.992107343750000000e+05
2.019671562500000000e+05
2.005207968750000000e+05
1.988084687500000000e+05
2.014121406250000000e+05
2.003591875000000000e+05
1.987988906250000000e+05
1.987314062500000000e+05
1.988968906250000000e+05
1.981790000000000000e+05
1.990714062500000000e+05
1.972035312500000000e+05
2.000710156250000000e+05
1.992809531250000000e+05
2.019336406250000000e+05
1.996811875000000000e+05
2.004595312500000000e+05
1.992983281250000000e+05
2.000485468750000000e+05
1.989830937500000000e+05
2.003742500000000000e+05
1.995672968750000000e+05
1.982355468750000000e+05
2.019110312500000000e+05
1.966176718750000000e+05
1.999799062500000000e+05
2.008698906250000000e+05
2.015891250000000000e+05
1.978385781250000000e+05
2.012832500000000000e+05
2.006115156250000000e+05
2.005409687500000000e+05
1.994816875000000000e+05
2.001015937500000000e+05
2.015282187500000000e+05
1.999780781250000000e+05
1.999176093750000000e+05
2.004422187500000000e+05
1.983705468750000000e+05
2.001924843750000000e+05
2.008740625000000000e+05
1.991122343750000000e+05
2.021799062500000000e+05
1.997963750000000000e+05
1.986934531250000000e+05
1.994288750000000000e+05
1.995647343750000000e+05
1.997087031250000000e+05
2.012008906250000000e+05
1.979595468750000000e+05
2.010857343750000000e+05
1.997967343750000000e+05
2.019335000000000000e+05
1.982967968750000000e+05
1.987128906250000000e+05
2.015331875000000000e+05
2.005893281250000000e+05
2.014110937500000000e+05
2.002638906250000000e+05
2.000818593750000000e+05
2.002350000000000000e+05
2.004261875000000000e+05
2.003592968750000000e+05
1.991104687500000000e+05
2.006589531250000000e+05
2.004081093750000000e+05
1.987970468750000000e+05
2.006330000000000000e+05
1.990479531250000000e+05
2.027760000000000000e+05
2.001886250000000000e+05
2.012047500000000000e+05
2.012045937500000000e+05
2.018749375000000000e+05
1.998226875000000000e+05
2.030108906250000000e+05
2.001429375000000000e+05
1.980709062500000000e+05
2.007978125000000000e+05
2.012675625000000000e+05
2.002162968750000000e+05
1.997519531250000000e+05
1.988493437500000000e+05
1.979701562500000000e+05
2.003388750000000000e+05
1.997471250000000000e+05
2.014099375000000000e+05
1.991998437500000000e+05
2.007197500000000000e+05
2.003586562500000000e+05
1.984114062500000000e+05
1.999044843750000000e+05
2.005598906250000000e+05
2.000092031250000000e+05
1.995645000000000000e+05
1.996644687500000000e+05
1.999645156250000000e+05
2.008824218750000000e+05
2.001541562500000000e+05
2.000243125000000000e+05
1.998795000000000000e+05
1.978278125000000000e+05
1.987047031250000000e+05
1.999616875000000000e+05
1.994229843750000000e+05
2.024652187500000000e+05
1.993179531250000000e+05
1.992776718750000000e+05
2.015004375000000000e+05
1.984012500000000000e+05
2.018017656250000000e+05
1.981789687500000000e+05
1.988368437500000000e+05
2.006795625000000000e+05
2.007920156250000000e+05
2.013464843750000000e+05
1.999486875000000000e+05
2.000620937500000000e+05
1.981604218750000000e+05
1.996978281250000000e+05
2.005630781250000000e+05
2.003442343750000000e+05
1.998560312500000000e+05
1.988256718750000000e+05
2.000971562500000000e+05
2.003217343750000000e+05
2.002360312500000000e+05
2.003388125000000000e+05
2.018795000000000000e+05
2.006400625000000000e+05
1.999868437500000000e+05
1.975972812500000000e+05
2.001785468750000000e+05
1.992244218750000000e+05
2.003997968750000000e+05
2.013237968750000000e+05
1.995921718750000000e+05
1.995418906250000000e+05
2.017191093750000000e+05
2.004462500000000000e+05
1.990014218750000000e+05
2.003533281250000000e+05
2.009919531250000000e+05
1.991074062500000000e+05
2.018247968750000000e+05
2.001771562500000000e+05
2.011129531250000000e+05
1.980160312500000000e+05
2.003595000000000000e+05
2.000425937500000000e+05
1.997264062500000000e+05
2.002688750000000000e+05
2.028660000000000000e+05
1.992367812500000000e+05
2.004642343750000000e+05
2.008152812500000000e+05
1.997805937500000000e+05
2.006659062500000000e+05
2.000255000000000000e+05
1.980782500000000000e+05
2.016617187500000000e+05
2.000225156250000000e+05
2.000469375000000000e+05
1.987699687500000000e+05
2.018576093750000000e+05
2.015549062500000000e+05
1.998141250000000000e+05
2.010659531250000000e+05
2.014983750000000000e+05
2.003770000000000000e+05
1.988707812500000000e+05
2.009438437500000000e+05
2.005296093750000000e+05
1.992418437500000000e+05
1.975509531250000000e+05
1.998262812500000000e+05
2.012434531250000000e+05
2.003658750000000000e+05
2.008837812500000000e+05
1.989084218750000000e+05
1.999673593750000000e+05
1.986989218750000000e+05
1.999425156250000000e+05
2.011690468750000000e+05
1.991518906250000000e+05
1.996526875000000000e+05
2.011380000000000000e+05
2.021294531250000000e+05
1.973193750000000000e+05
1.996310156250000000e+05
1.995206093750000000e+05
1.996242968750000000e+05
2.000347031250000000e+05
1.976093281250000000e+05
2.000583750000000000e+05
1.999457187500000000e+05
1.991830468750000000e+05
1.993245312500000000e+05
1.983759062500000000e+05
2.009556093750000000e+05
1.993408593750000000e+05
1.952526250000000000e+05
2.001367656250000000e+05
2.008622812500000000e+05
2.000447500000000000e+05
2.037805468750000000e+05
1.990455468750000000e+05
2.014002031250000000e+05
1.993625156250000000e+05
2.004233750000000000e+05
2.012285937500000000e+05
1.977522500000000000e+05
1.999037500000000000e+05
2.017860781250000000e+05
2.003455312500000000e+05
1.995517031250000000e+05
2.000327187500000000e+05
2.002755781250000000e+05
1.999777343750000000e+05
1.991594687500000000e+05
2.002191562500000000e+05
2.006974375000000000e+05
1.993364375000000000e+05
1.983025468750000000e+05
2.008624687500000000e+05
1.990031718750000000e+05
2.005965781250000000e+05
1.980060625000000000e+05
2.005616250000000000e+05
2.007912812500000000e+05
1.990513437500000000e+05
2.005289375000000000e+05
1.992354531250000000e+05
1.990664531250000000e+05
2.000295781250000000e+05
1.993641875000000000e+05
1.980814375000000000e+05
1.999947656250000000e+05
1.977585781250000000e+05
1.997959375000000000e+05
1.991981406250000000e+05
1.989112031250000000e+05
2.022911562500000000e+05
2.020269062500000000e+05
2.004042656250000000e+05
1.983926875000000000e+05
1.987333281250000000e+05
2.012326718750000000e+05
1.996332031250000000e+05
2.001232343750000000e+05
2.013686093750000000e+05
1.987423750000000000e+05
2.005069531250000000e+05
2.013685156250000000e+05
1.994431562500000000e+05
1.979061875000000000e+05
1.983327656250000000e+05
1.990563906250000000e+05
1.978670156250000000e+05
1.997791250000000000e+05
1.985695312500000000e+05
1.999687812500000000e+05
1.996639375000000000e+05
1.986690937500000000e+05
1.996155000000000000e+05
2.008622500000000000e+05
1.989502031250000000e+05
2.005714375000000000e+05
1.998193437500000000e+05
2.023454531250000000e+05
1.980519062500000000e+05
1.997794218750000000e+05
2.006470937500000000e+05
2.001994062500000000e+05
2.014702031250000000e+05
1.999165781250000000e+05
1.990155156250000000e+05
1.976743437500000000e+05
1.988713906250000000e+05
2.003258437500000000e+05
1.978988593750000000e+05
1.984848281250000000e+05
1.998481562500000000e+05
2.000868437500000000e+05
2.002308281250000000e+05
2.008461562500000000e+05
1.990523281250000000e+05
2.004146406250000000e+05
1.991362500000000000e+05
1.996939843750000000e+05
1.996098750000000000e+05
1.999811718750000000e+05
1.967737343750000000e+05
2.009687031250000000e+05
1.998992656250000000e+05
1.989675000000000000e+05
1.982468906250000000e+05
1.988021718750000000e+05
1.971994375000000000e+05
1.990656250000000000e+05
1.998710312500000000e+05
1.999894218750000000e+05
2.002170156250000000e+05
1.984464843750000000e+05
1.976222656250000000e+05
1.987605312500000000e+05
1.993022031250000000e+05
1.990058750000000000e+05
2.023448281250000000e+05
1.996940000000000000e+05
1.988372031250000000e+05
1.999222500000000000e+05
1.996695625000000000e+05
1.992846562500000000e+05
2.000396562500000000e+05
2.025265312500000000e+05
1.983318593750000000e+05
2.012642500000000000e+05
2.006736250000000000e+05
1.973592968750000000e+05
1.995887968750000000e+05
2.007440625000000000e+05
1.996035000000000000e+05
1.997100625000000000e+05
1.995632656250000000e+05
1.996138593750000000e+05
1.998294218750000000e+05
1.989822968750000000e+05
2.018846406250000000e+05
1.994401093750000000e+05
1.999025312500000000e+05
1.983901406250000000e+05
1.986128437500000000e+05
1.992227968750000000e+05
1.985192968750000000e+05
2.002747343750000000e+05
1.981191406250000000e+05
1.986038281250000000e+05
1.990576562500000000e+05
1.990814375000000000e+05
1.993020156250000000e+05
2.001675312500000000e+05
2.002021250000000000e+05
1.992222500000000000e+05
2.000295312500000000e+05
2.000823437500000000e+05
1.990475468750000000e+05
2.009152812500000000e+05
1.991926875000000000e+05
2.007933437500000000e+05
2.026129218750000000e+05
1.992010625000000000e+05
2.001788125000000000e+05
1.982990781250000000e+05
2.015486562500000000e+05
1.992037187500000000e+05
1.981553593750000000e+05
1.994234218750000000e+05
1.972553906250000000e+05
1.970054531250000000e+05
2.001160781250000000e+05
1.995046562500000000e+05
2.002046406250000000e+05
2.007393437500000000e+05
1.986434531250000000e+05
2.015055468750000000e+05
2.010715156250000000e+05
1.995598906250000000e+05
2.007822968750000000e+05
1.994917187500000000e+05
2.002034062500000000e+05
1.999608437500000000e+05
2.020110625000000000e+05
1.977270312500000000e+05
1.983020937500000000e+05
1.989189062500000000e+05
2.000944062500000000e+05
1.989839375000000000e+05
1.992275000000000000e+05
1.971720781250000000e+05
2.007433125000000000e+05
2.028890000000000000e+05
1.999446406250000000e+05
1.991655156250000000e+05
1.981463281250000000e+05
1.992559062500000000e+05
1.961402343750000000e+05
1.997749687500000000e+05
2.003510468750000000e+05
1.993806875000000000e+05
1.983471718750000000e+05
2.000733437500000000e+05
1.975451562500000000e+05
2.015017812500000000e+05
2.006977968750000000e+05
1.978020781250000000e+05
1.999448593750000000e+05
1.986342343750000000e+05
2.021953593750000000e+05
2.000729375000000000e+05
1.967350781250000000e+05
1.993977500000000000e+05
1.989397656250000000e+05
2.005553593750000000e+05
1.992377187500000000e+05
1.992733125000000000e+05
2.004141875000000000e+05
1.976353593750000000e+05
1.968918593750000000e+05
1.990572812500000000e+05
2.008344375000000000e+05
1.990260000000000000e+05
1.989418281250000000e+05
1.990779375000000000e+05
1.999625468750000000e+05
1.990176562500000000e+05
2.002567031250000000e+05
2.007669062500000000e+05
1.992146093750000000e+05
1.995560781250000000e+05
2.005262031250000000e+05
1.998871093750000000e+05
2.007528125000000000e+05
2.004456093750000000e+05
1.993536093750000000e+05
1.996894062500000000e+05
1.997869218750000000e+05
1.993628906250000000e+05
1.981110781250000000e+05
2.000886875000000000e+05
1.991861562500000000e+05
1.991366875000000000e+05
2.013491875000000000e+05
2.007848906250000000e+05
1.996599062500000000e+05
1.988764687500000000e+05
1.987422656250000000e+05
1.995523125000000000e+05
1.980611875000000000e+05
1.970568906250000000e+05
1.990659375000000000e+05
1.990454687500000000e+05
2.003029843750000000e+05
1.987086718750000000e+05
2.000320000000000000e+05
1.977829843750000000e+05
1.997707812500000000e+05
2.004433750000000000e+05
2.001983125000000000e+05
1.993138125000000000e+05
1.997640468750000000e+05
1.995097187500000000e+05
1.985591875000000000e+05
2.000841718750000000e+05
1.976405468750000000e+05
1.990481562500000000e+05
1.984119218750000000e+05
1.990201406250000000e+05
2.012652968750000000e+05
1.985357656250000000e+05
2.015350156250000000e+05
1.996194062500000000e+05
2.000581562500000000e+05
1.985535000000000000e+05
2.002422812500000000e+05
1.993391250000000000e+05
2.000506875000000000e+05
2.001633281250000000e+05
2.009508593750000000e+05
1.985084531250000000e+05
2.014558281250000000e+05
2.000902343750000000e+05
1.985685625000000000e+05
1.996003125000000000e+05
1.965415312500000000e+05
1.993620156250000000e+05
1.975844062500000000e+05
2.006407031250000000e+05
1.995844062500000000e+05
1.984829218750000000e+05
1.998538281250000000e+05
2.004753593750000000e+05
2.012773281250000000e+05
1.996571093750000000e+05
1.982329687500000000e+05
2.018658906250000000e+05
2.020259218750000000e+05
1.982733593750000000e+05
1.994092187500000000e+05
1.967007968750000000e+05
1.975065781250000000e+05
1.990144687500000000e+05
1.998915156250000000e+05
1.994795000000000000e+05
2.002710000000000000e+05
1.987148593750000000e+05
2.010223125000000000e+05
2.010451562500000000e+05
2.006996875000000000e+05
1.998279218750000000e+05
1.995872968750000000e+05
1.990505156250000000e+05
1.962658593750000000e+05
1.991060781250000000e+05
1.999814218750000000e+05
2.011620781250000000e+05
1.981185312500000000e+05
2.008743281250000000e+05
2.010587812500000000e+05
1.977887812500000000e+05
2.007459843750000000e+05
1.999851718750000000e+05
1.982931093750000000e+05
1.997354843750000000e+05
1.980278750000000000e+05
2.003692343750000000e+05
1.997252187500000000e+05
2.014282031250000000e+05
2.003946718750000000e+05
1.997209062500000000e+05
1.988968750000000000e+05
2.000493906250000000e+05
1.969192343750000000e+05
2.001592968750000000e+05
1.994004218750000000e+05
1.987335625000000000e+05
1.988712187500000000e+05
2.003684531250000000e+05
2.000744843750000000e+05
1.989032031250000000e+05
1.999741093750000000e+05
2.003362812500000000e+05
2.010243437500000000e+05
1.994505625000000000e+05
2.002918125000000000e+05
2.022922031250000000e+05
2.007342656250000000e+05
2.007112031250000000e+05
1.983759843750000000e+05
2.001511250000000000e+05
2.009281093750000000e+05
2.001549375000000000e+05
1.996095468750000000e+05
2.003248437500000000e+05
1.989202031250000000e+05
1.992812031250000000e+05
2.002842187500000000e+05
2.004779062500000000e+05
2.001810312500000000e+05
1.996170312500000000e+05
1.993519218750000000e+05
2.011113906250000000e+05
1.979679843750000000e+05
1.984051718750000000e+05
2.007173437500000000e+05
2.007049843750000000e+05
1.977445156250000000e+05
2.004508281250000000e+05
1.983510625000000000e+05
2.009949531250000000e+05
1.995733906250000000e+05
2.014610312500000000e+05
2.010780468750000000e+05
2.006119062500000000e+05
1.998837187500000000e+05
2.001780312500000000e+05
1.981167968750000000e+05
1.992861093750000000e+05
2.004653281250000000e+05
1.997546875000000000e+05
1.997502031250000000e+05
2.009371250000000000e+05
2.003620781250000000e+05
1.995042968750000000e+05
1.986851562500000000e+05
1.993853437500000000e+05
1.991202500000000000e+05
2.005582031250000000e+05
1.979091562500000000e+05
2.004793125000000000e+05
2.009444843750000000e+05
2.020232187500000000e+05
2.008121093750000000e+05
2.000507968750000000e+05
1.989636093750000000e+05
2.001720312500000000e+05
1.995815937500000000e+05
2.006490312500000000e+05
1.998240781250000000e+05
1.978087187500000000e+05
1.997616562500000000e+05
1.992162968750000000e+05
1.979713750000000000e+05
1.987396875000000000e+05
1.984094843750000000e+05
1.989669218750000000e+05
1.999559218750000000e+05
2.013073437500000000e+05
1.992597343750000000e+05
2.000028750000000000e+05
2.024630312500000000e+05
1.990827500000000000e+05
1.987266093750000000e+05
2.015683906250000000e+05
2.002463125000000000e+05
1.994599843750000000e+05
1.990273593750000000e+05
2.007665468750000000e+05
1.984372500000000000e+05
2.003740468750000000e+05
1.998947812500000000e+05
1.980227187500000000e+05
1.997891250000000000e+05
2.002834218750000000e+05
1.967425781250000000e+05
1.987441875000000000e+05
2.008358906250000000e+05
1.998016093750000000e+05
2.005105000000000000e+05
2.000514687500000000e+05
2.005190625000000000e+05
1.995186250000000000e+05
2.004949687500000000e+05
1.977938437500000000e+05
2.002581406250000000e+05
1.977972343750000000e+05
2.004160468750000000e+05
1.992259843750000000e+05
1.974802968750000000e+05
1.996697031250000000e+05
1.986928906250000000e+05
2.013930156250000000e+05
1.995892187500000000e+05
2.018751875000000000e+05
2.006078281250000000e+05
2.028788593750000000e+05
1.994004687500000000e+05
1.995285312500000000e+05
1.977719062500000000e+05
1.997980781250000000e+05
1.990406875000000000e+05
2.001292656250000000e+05
1.995908593750000000e+05
1.998719062500000000e+05
1.996983125000000000e+05
2.003541562500000000e+05
2.001384531250000000e+05
2.020271875000000000e+05
1.998030156250000000e+05
1.975030312500000000e+05
1.982935781250000000e+05
1.993293750000000000e+05
2.010838125000000000e+05
1.989252343750000000e+05
1.989334218750000000e+05
2.003280000000000000e+05
1.987380156250000000e+05
1.981992187500000000e+05
1.998007187500000000e+05
2.004207031250000000e+05
1.990295781250000000e+05
2.008931406250000000e+05
1.984703281250000000e+05
2.002519375000000000e+05
2.013139062500000000e+05
2.021717656250000000e+05
1.997282500000000000e+05
2.004709375000000000e+05
2.003050156250000000e+05
1.992062031250000000e+05
2.021718281250000000e+05
1.989121875000000000e+05
1.996763593750000000e+05
1.979528437500000000e+05
1.995235312500000000e+05
1.992512812500000000e+05
2.001416406250000000e+05
1.990246250000000000e+05
2.000530156250000000e+05
1.993088281250000000e+05
1.969156562500000000e+05
1.985385937500000000e+05
1.993223906250000000e+05
1.986804062500000000e+05
1.993335468750000000e+05
1.997702187500000000e+05
1.992934218750000000e+05
1.975917968750000000e+05
1.986580312500000000e+05
2.006568906250000000e+05
2.008633125000000000e+05
1.998173125000000000e+05
2.027378750000000000e+05
1.985365625000000000e+05
2.020610156250000000e+05
1.984884375000000000e+05
1.991012812500000000e+05
2.000504218750000000e+05
1.999971875000000000e+05
1.996167031250000000e+05
2.007810625000000000e+05
2.002661875000000000e+05
1.992552812500000000e+05
1.989576875000000000e+05
2.008226718750000000e+05
1.985122968750000000e+05
1.993331875000000000e+05
1.996034218750000000e+05
1.988163593750000000e+05
2.002451250000000000e+05
1.989289375000000000e+05
2.006985937500000000e+05
1.973355468750000000e+05
1.994662656250000000e+05
2.007670937500000000e+05
1.995846875000000000e+05
1.993482812500000000e+05
1.979038906250000000e+05
1.994199375000000000e+05
1.998844687500000000e+05
1.993586718750000000e+05
1.994951562500000000e+05
2.005491875000000000e+05
1.995174062500000000e+05
1.996436250000000000e+05
1.992220156250000000e+05
2.007426718750000000e+05
1.984234531250000000e+05
1.967899375000000000e+05
2.006759843750000000e+05
1.982827656250000000e+05
1.965231093750000000e+05
1.993615312500000000e+05
1.986060625000000000e+05
1.993117500000000000e+05
2.004448437500000000e+05
1.980851250000000000e+05
1.982935937500000000e+05
2.001087656250000000e+05
1.976444687500000000e+05
1.988875000000000000e+05
2.024653750000000000e+05
1.994318437500000000e+05
2.000017031250000000e+05
1.982253437500000000e+05
2.011294218750000000e+05
2.006534687500000000e+05
1.994273437500000000e+05
2.005005312500000000e+05
2.002987812500000000e+05
2.004075000000000000e+05
1.987495156250000000e+05
2.003156875000000000e+05
1.991414687500000000e+05
1.987888125000000000e+05
2.002437968750000000e+05
1.974097812500000000e+05
2.021698906250000000e+05
2.002564687500000000e+05
2.003434062500000000e+05
2.002027500000000000e+05
1.985519062500000000e+05
1.994073906250000000e+05
1.977720781250000000e+05
1.975800781250000000e+05
1.988738281250000000e+05
2.018596718750000000e+05
1.984409843750000000e+05
1.976123750000000000e+05
1.990946718750000000e+05
1.977102968750000000e+05
1.999758906250000000e+05
2.001002187500000000e+05
1.993232812500000000e+05
1.988797187500000000e+05
2.005312343750000000e+05
1.982042187500000000e+05
1.984499218750000000e+05
1.994616250000000000e+05
1.989870625000000000e+05
2.030043437500000000e+05
1.979921093750000000e+05
1.989296093750000000e+05
1.987873750000000000e+05
2.001101718750000000e+05
2.014160156250000000e+05
1.992378593750000000e+05
1.998895781250000000e+05
1.981573906250000000e+05
1.995124531250000000e+05
1.982699375000000000e+05
1.990033906250000000e+05
1.990052656250000000e+05
1.978526875000000000e+05
2.003295156250000000e+05
2.007236250000000000e+05
2.002620468750000000e+05
1.981195468750000000e+05
2.000038125000000000e+05
2.013145312500000000e+05
1.995768906250000000e+05
1.999926562500000000e+05
1.989363281250000000e+05
1.994377656250000000e+05
1.995101875000000000e+05
1.985596875000000000e+05
2.001194687500000000e+05
2.006273750000000000e+05
1.996057031250000000e+05
1.982114531250000000e+05
1.987383437500000000e+05
1.988319687500000000e+05
1.987422187500000000e+05
1.984394687500000000e+05
1.988138593750000000e+05
1.992566406250000000e+05
2.004936875000000000e+05
1.996989531250000000e+05
1.987012500000000000e+05
1.990331093750000000e+05
1.982637031250000000e+05
2.003891093750000000e+05
2.007485156250000000e+05
1.996532031250000000e+05
1.986559218750000000e+05
1.987274375000000000e+05
1.994638437500000000e+05
1.992250781250000000e+05
1.996115468750000000e+05
1.996655312500000000e+05
1.998751875000000000e+05
1.981202031250000000e+05
2.005146406250000000e+05
2.007943125000000000e+05
1.995102187500000000e+05
1.977131718750000000e+05
1.984257343750000000e+05
2.011265000000000000e+05
2.005734843750000000e+05
1.979969375000000000e+05
1.981019062500000000e+05
1.984174218750000000e+05
1.986367031250000000e+05
1.996037812500000000e+05
1.979127968750000000e+05
2.004724531250000000e+05
1.993193281250000000e+05
1.991970937500000000e+05
1.992110781250000000e+05
1.984477343750000000e+05
1.994040625000000000e+05
1.989285625000000000e+05
1.985493906250000000e+05
1.983854531250000000e+05
1.999705625000000000e+05
1.986635625000000000e+05
1.974800937500000000e+05
2.006165468750000000e+05
1.995787187500000000e+05
2.000103906250000000e+05
2.001505937500000000e+05
1.998045781250000000e+05
1.976022656250000000e+05
1.995502500000000000e+05
1.993863437500000000e+05
1.995055937500000000e+05
2.012018750000000000e+05
1.958315000000000000e+05
2.012708906250000000e+05
1.979278125000000000e+05
1.993336406250000000e+05
1.994885937500000000e+05
1.982466093750000000e+05
1.976277187500000000e+05
1.998612968750000000e+05
1.986982500000000000e+05
1.980017656250000000e+05
2.012813750000000000e+05
1.980626093750000000e+05
1.997691093750000000e+05
2.006578593750000000e+05
2.004559843750000000e+05
1.987473593750000000e+05
1.990559531250000000e+05
1.986565937500000000e+05
1.994655937500000000e+05
1.996399531250000000e+05
1.973516562500000000e+05
1.983141875000000000e+05
2.001693750000000000e+05
2.008314375000000000e+05
1.982790937500000000e+05
1.979006406250000000e+05
1.983129375000000000e+05
1.993655000000000000e+05
2.000886718750000000e+05
1.986926093750000000e+05
1.982433593750000000e+05
1.996620000000000000e+05
1.971457031250000000e+05
1.988712187500000000e+05
1.986354218750000000e+05
2.000752656250000000e+05
1.997167031250000000e+05
1.997771718750000000e+05
1.979050156250000000e+05
1.977302343750000000e+05
1.998614375000000000e+05
1.990950781250000000e+05
2.001492031250000000e+05
2.010495156250000000e+05
1.981443593750000000e+05
1.999182812500000000e+05
1.961659531250000000e+05
1.999710937500000000e+05
1.983904062500000000e+05
1.989250156250000000e+05
1.985971250000000000e+05
1.973209375000000000e+05
1.993613593750000000e+05
1.977739375000000000e+05
1.988010625000000000e+05
1.996421093750000000e+05
1.991762812500000000e+05
2.007161093750000000e+05
1.989054531250000000e+05
1.993501875000000000e+05
1.994325156250000000e+05
1.997340000000000000e+05
1.975254062500000000e+05
1.972215937500000000e+05
1.995692343750000000e+05
1.985671562500000000e+05
1.996172812500000000e+05
1.984315781250000000e+05
1.990552656250000000e+05
1.978052656250000000e+05
2.007799687500000000e+05
1.968423281250000000e+05
1.976951718750000000e+05
2.006193125000000000e+05
2.001416093750000000e+05
1.974467656250000000e+05
1.987671562500000000e+05
1.989167656250000000e+05
1.988925468750000000e+05
1.985381093750000000e+05
1.996440781250000000e+05
1.995047500000000000e+05
1.981009687500000000e+05
1.981061718750000000e+05
1.986464531250000000e+05
1.987535000000000000e+05
1.985374218750000000e+05
2.002258437500000000e+05
1.989499843750000000e+05
1.970506718750000000e+05
1.990607656250000000e+05
1.975221250000000000e+05
2.008249218750000000e+05
1.980608593750000000e+05
2.010638906250000000e+05
1.998592031250000000e+05
1.973564062500000000e+05
1.986593437500000000e+05
1.988744375000000000e+05
1.983140937500000000e+05
2.011387656250000000e+05
2.002246562500000000e+05
1.993306718750000000e+05
1.992142343750000000e+05
1.980744843750000000e+05
1.981087031250000000e+05
1.993065156250000000e+05
1.985985937500000000e+05
2.004873593750000000e+05
2.016315312500000000e+05
1.989077656250000000e+05
1.980572968750000000e+05
1.992801718750000000e+05
2.016712968750000000e+05
2.007555000000000000e+05
1.980661875000000000e+05
2.010584062500000000e+05
1.995032656250000000e+05
1.986945000000000000e+05
1.988650000000000000e+05
2.031542656250000000e+05
1.985209218750000000e+05
1.987870000000000000e+05
2.006526250000000000e+05
1.983245000000000000e+05
1.990857343750000000e+05
2.002504375000000000e+05
2.001925625000000000e+05
1.994636250000000000e+05
1.976772656250000000e+05
1.981410156250000000e+05
1.974315312500000000e+05
1.971935000000000000e+05
2.021205625000000000e+05
1.996633281250000000e+05
1.988036562500000000e+05
1.991732968750000000e+05
1.991335781250000000e+05
1.999216718750000000e+05
1.991853906250000000e+05
1.969967031250000000e+05
1.994660781250000000e+05
1.997832031250000000e+05
2.010466406250000000e+05
1.978456718750000000e+05
1.993479843750000000e+05
1.995495156250000000e+05
1.999372343750000000e+05
1.989874218750000000e+05
1.987324375000000000e+05
2.015767031250000000e+05
2.000123593750000000e+05
1.986101718750000000e+05
1.972249531250000000e+05
1.995732656250000000e+05
1.998861875000000000e+05
1.971894062500000000e+05
1.984473437500000000e+05
2.010244687500000000e+05
1.987112812500000000e+05
2.002034687500000000e+05
1.993432187500000000e+05
1.996892187500000000e+05
1.985888750000000000e+05
1.982108281250000000e+05
2.004513750000000000e+05
1.977866250000000000e+05
2.008464531250000000e+05
1.994209218750000000e+05
1.992413750000000000e+05
1.993642500000000000e+05
2.013305625000000000e+05
1.995366250000000000e+05
2.003478593750000000e+05
1.988547500000000000e+05
1.994481562500000000e+05
1.985039843750000000e+05
2.008452656250000000e+05
2.005806875000000000e+05
1.961441718750000000e+05
1.980048125000000000e+05
1.970525000000000000e+05
1.982241875000000000e+05
2.009499375000000000e+05
1.992988750000000000e+05
1.991903125000000000e+05
1.972747968750000000e+05
1.998051093750000000e+05
1.990727968750000000e+05
1.996398125000000000e+05
1.994469687500000000e+05
1.985670468750000000e+05
1.998544843750000000e+05
1.984808906250000000e+05
1.986728906250000000e+05
1.983195000000000000e+05
1.980454218750000000e+05
1.996289062500000000e+05
1.983388281250000000e+05
1.977226250000000000e+05
1.995715312500000000e+05
1.980027187500000000e+05
1.989073437500000000e+05
1.992895156250000000e+05
1.970793593750000000e+05
2.008472500000000000e+05
1.993794375000000000e+05
1.988217187500000000e+05
1.991184375000000000e+05
2.000401562500000000e+05
1.978395312500000000e+05
1.993496406250000000e+05
1.987168593750000000e+05
2.010217187500000000e+05
2.003101562500000000e+05
2.006770781250000000e+05
1.995337968750000000e+05
1.987922343750000000e+05
1.987904375000000000e+05
1.984982812500000000e+05
1.985115937500000000e+05
1.983343437500000000e+05
1.984684687500000000e+05
1.980756406250000000e+05
1.995990312500000000e+05
1.987134687500000000e+05
2.004521718750000000e+05
2.018112968750000000e+05
1.998202500000000000e+05
1.992008593750000000e+05
2.006753593750000000e+05
1.982046718750000000e+05
2.002817343750000000e+05
1.971626875000000000e+05
1.996197500000000000e+05
1.972658281250000000e+05
1.968281406250000000e+05
1.981079843750000000e+05
2.012977187500000000e+05
2.008550156250000000e+05
1.995071250000000000e+05
2.012457031250000000e+05
1.975160312500000000e+05
1.980257343750000000e+05
1.999929218750000000e+05
1.985287187500000000e+05
1.989298437500000000e+05
1.986932656250000000e+05
1.998263906250000000e+05
1.990426875000000000e+05
2.004702812500000000e+05
1.976429531250000000e+05
1.990187812500000000e+05
2.003061406250000000e+05
1.999532968750000000e+05
2.017818281250000000e+05
2.001094375000000000e+05
2.006248750000000000e+05
1.977458750000000000e+05
1.999172812500000000e+05
1.994501875000000000e+05
1.975643593750000000e+05
2.016197968750000000e+05
1.986546406250000000e+05
2.006987187500000000e+05
1.985834531250000000e+05
1.981247343750000000e+05
2.005527656250000000e+05
1.977286093750000000e+05
1.974341562500000000e+05
1.996692812500000000e+05
1.998859687500000000e+05
1.982520937500000000e+05
1.988678750000000000e+05
1.993646406250000000e+05
2.009281093750000000e+05
1.979179375000000000e+05
1.970339375000000000e+05
1.996475156250000000e+05
2.007370000000000000e+05
2.012116406250000000e+05
1.987756406250000000e+05
1.982012031250000000e+05
1.982879375000000000e+05
1.993690625000000000e+05
1.982189062500000000e+05
1.980511562500000000e+05
2.002399531250000000e+05
1.993067187500000000e+05
1.993140312500000000e+05
1.987000937500000000e+05
1.996754687500000000e+05
1.974874687500000000e+05
1.991208750000000000e+05
1.975257968750000000e+05
1.996609531250000000e+05
1.991683281250000000e+05
1.989724375000000000e+05
1.992142812500000000e+05
1.980359531250000000e+05
1.992617343750000000e+05
1.993307656250000000e+05
1.971055625000000000e+05
1.993163750000000000e+05
1.993056406250000000e+05
1.990097343750000000e+05
1.969134531250000000e+05
1.995339531250000000e+05
2.009322968750000000e+05
1.993764375000000000e+05
2.013146562500000000e+05
2.016364687500000000e+05
2.002079062500000000e+05
1.976932656250000000e+05
1.984535468750000000e+05
2.005868593750000000e+05
1.976880781250000000e+05
2.003501250000000000e+05
1.991289218750000000e+05
1.994334843750000000e+05
1.991367500000000000e+05
1.979493125000000000e+05
2.003912656250000000e+05
1.980477343750000000e+05
1.985463906250000000e+05
2.011200312500000000e+05
1.998432968750000000e+05
1.990745781250000000e+05
1.990514375000000000e+05
1.992129687500000000e+05
1.997483906250000000e+05
1.994368750000000000e+05
1.988031562500000000e+05
1.977895000000000000e+05
1.981738750000000000e+05
1.963719687500000000e+05
2.005534531250000000e+05
1.992429531250000000e+05
1.990574843750000000e+05
1.988626250000000000e+05
1.991444062500000000e+05
2.002725312500000000e+05
2.008503593750000000e+05
1.993721875000000000e+05
2.002066093750000000e+05
1.971908125000000000e+05
2.001469531250000000e+05
2.001688281250000000e+05
2.004945781250000000e+05
1.994970312500000000e+05
1.996908906250000000e+05
1.986105156250000000e+05
1.996013593750000000e+05
2.016083750000000000e+05
1.997934687500000000e+05
1.980383281250000000e+05
1.993220781250000000e+05
1.998010000000000000e+05
1.997870937500000000e+05
2.004920000000000000e+05
1.996825312500000000e+05
1.982267031250000000e+05
1.980843593750000000e+05
1.991639375000000000e+05
1.995955468750000000e+05
1.989250625000000000e+05
1.983153437500000000e+05
1.992723437500000000e+05
1.990208906250000000e+05
1.984794531250000000e+05
2.004085312500000000e+05
1.982328437500000000e+05
1.976978281250000000e+05
1.999756875000000000e+05
1.972879062500000000e+05
2.012214531250000000e+05
2.005784687500000000e+05
2.001225625000000000e+05
1.982155156250000000e+05
1.996536562500000000e+05
1.981979687500000000e+05
1.984992968750000000e+05
2.011867031250000000e+05
1.994975625000000000e+05
1.994279218750000000e+05
1.972601562500000000e+05
1.995131562500000000e+05
1.986951250000000000e+05
2.004858593750000000e+05
1.985576562500000000e+05
1.985794531250000000e+05
1.994900000000000000e+05
1.997267968750000000e+05
2.001118437500000000e+05
1.982002812500000000e+05
1.959859218750000000e+05
1.976861562500000000e+05
1.998142812500000000e+05
1.983792656250000000e+05
1.984796093750000000e+05
1.988918593750000000e+05
1.988932187500000000e+05
2.002634218750000000e+05
1.989573281250000000e+05
1.982967031250000000e+05
1.973472343750000000e+05
1.990543593750000000e+05
2.000364062500000000e+05
2.001716562500000000e+05
1.994087812500000000e+05
1.995734843750000000e+05
2.012729218750000000e+05
1.968834687500000000e+05
1.990961562500000000e+05
1.978362187500000000e+05
1.978913437500000000e+05
1.969057968750000000e+05
1.975630781250000000e+05
1.996721250000000000e+05
2.001167031250000000e+05
1.991590625000000000e+05
1.997355937500000000e+05
2.001495312500000000e+05
1.989726406250000000e+05
1.972845781250000000e+05
1.999888437500000000e+05
2.005114218750000000e+05
1.973586093750000000e+05
1.998108125000000000e+05
1.986822343750000000e+05
1.989644062500000000e+05
1.997726562500000000e+05
2.012255781250000000e+05
1.990585156250000000e+05
1.987895781250000000e+05
2.002418906250000000e+05
1.991057031250000000e+05
1.993839375000000000e+05
2.011253125000000000e+05
2.003824531250000000e+05
2.003523906250000000e+05
1.979274062500000000e+05
1.993870468750000000e+05
2.021514687500000000e+05
1.983942500000000000e+05
1.971270937500000000e+05
1.987039843750000000e+05
1.978041875000000000e+05
1.973772343750000000e+05
2.003816250000000000e+05
1.995272187500000000e+05
1.982930937500000000e+05
1.977289687500000000e+05
1.993098125000000000e+05
1.968453593750000000e+05
2.011144687500000000e+05
1.981494218750000000e+05
1.987184375000000000e+05
1.985899062500000000e+05
1.982597031250000000e+05
1.986135625000000000e+05
1.993956406250000000e+05
1.996369218750000000e+05
2.004102500000000000e+05
1.980730625000000000e+05
1.982969375000000000e+05
1.979550156250000000e+05
1.980180156250000000e+05
1.987144531250000000e+05
1.992553906250000000e+05
1.976164531250000000e+05
1.996133125000000000e+05
1.997571250000000000e+05
1.992441562500000000e+05
1.996930781250000000e+05
1.999366406250000000e+05
2.012762343750000000e+05
1.991863281250000000e+05
2.000665781250000000e+05
2.002144062500000000e+05
2.004212812500000000e+05
1.968342656250000000e+05
1.995137968750000000e+05
1.983662812500000000e+05
1.981879062500000000e+05
1.993472500000000000e+05
1.975252656250000000e+05
1.969072656250000000e+05
1.979240781250000000e+05
1.989455937500000000e+05
1.990041875000000000e+05
2.010158593750000000e+05
1.998160781250000000e+05
1.982789687500000000e+05
1.990155625000000000e+05
1.985187031250000000e+05
1.979635625000000000e+05
1.984513906250000000e+05
1.975316406250000000e+05
1.962065468750000000e+05
1.985914531250000000e+05
1.984299218750000000e+05
1.960339375000000000e+05
1.978735468750000000e+05
1.999806250000000000e+05
1.998778125000000000e+05
1.997926406250000000e+05
1.985703437500000000e+05
1.997570625000000000e+05
1.976297812500000000e+05
2.007564375000000000e+05
1.994701718750000000e+05
2.007393593750000000e+05
1.993740625000000000e+05
2.001645937500000000e+05
2.007202187500000000e+05
2.014850156250000000e+05
2.001488593750000000e+05
1.976980937500000000e+05
1.999438437500000000e+05
1.992512031250000000e+05
2.005648593750000000e+05
1.970013437500000000e+05
1.980529062500000000e+05
1.985234531250000000e+05
1.974533750000000000e+05
2.016214843750000000e+05
1.982138593750000000e+05
1.972363906250000000e+05
1.981434218750000000e+05
1.994110468750000000e+05
1.977401406250000000e+05
1.995123750000000000e+05
1.994184843750000000e+05
1.982033750000000000e+05
2.024486093750000000e+05
1.981782656250000000e+05
1.964856406250000000e+05
1.971434687500000000e+05
1.987216406250000000e+05
1.998606406250000000e+05
1.990069843750000000e+05
1.968278125000000000e+05
1.994683750000000000e+05
1.976012656250000000e+05
1.999486875000000000e+05
1.992849843750000000e+05
1.985403281250000000e+05
1.992581250000000000e+05
1.979330000000000000e+05
1.990299687500000000e+05
1.989763281250000000e+05
1.972200000000000000e+05
1.981389843750000000e+05
2.007973750000000000e+05
1.980502187500000000e+05
1.988327812500000000e+05
1.998133593750000000e+05
2.002464218750000000e+05
1.990068437500000000e+05
1.986204531250000000e+05
2.010156250000000000e+05
2.001523906250000000e+05
1.992241250000000000e+05
2.020628281250000000e+05
1.979357968750000000e+05
1.985128125000000000e+05
1.987552500000000000e+05
1.990450156250000000e+05
1.985788125000000000e+05
1.990124687500000000e+05
2.009193750000000000e+05
1.988509062500000000e+05
2.001814375000000000e+05
1.966460781250000000e+05
1.983035468750000000e+05
1.979169687500000000e+05
1.997301562500000000e+05
1.995013437500000000e+05
1.999440781250000000e+05
1.972876875000000000e+05
1.975451718750000000e+05
1.974959531250000000e+05
2.002788437500000000e+05
1.986370468750000000e+05
1.987146250000000000e+05
1.981972968750000000e+05
1.989317968750000000e+05
1.980664687500000000e+05
1.995381093750000000e+05
2.019545468750000000e+05
2.012373750000000000e+05
1.987023437500000000e+05
2.019250156250000000e+05
1.976351718750000000e+05
1.995549531250000000e+05
1.994997500000000000e+05
1.999101562500000000e+05
1.985737500000000000e+05
1.991255625000000000e+05
1.988300625000000000e+05
1.990713281250000000e+05
1.980356093750000000e+05
1.986277500000000000e+05
1.982131718750000000e+05
1.978660156250000000e+05
1.988490000000000000e+05
2.002940781250000000e+05
1.985287812500000000e+05
1.994996562500000000e+05
1.984888281250000000e+05
1.972967500000000000e+05
2.021460625000000000e+05
1.982221718750000000e+05
2.012501718750000000e+05
1.995886562500000000e+05
1.983385781250000000e+05
1.990569531250000000e+05
1.987190312500000000e+05
1.976860781250000000e+05
1.999767187500000000e+05
2.011309843750000000e+05
1.967310000000000000e+05
1.989302187500000000e+05
1.995780468750000000e+05
2.007597500000000000e+05
1.981391562500000000e+05
1.983967656250000000e+05
1.996250937500000000e+05
2.011085156250000000e+05
1.977917031250000000e+05
1.999925312500000000e+05
1.973322187500000000e+05
1.971982812500000000e+05
1.985105000000000000e+05
2.009754843750000000e+05
1.963210937500000000e+05
1.980376562500000000e+05
1.984785000000000000e+05
2.005023593750000000e+05
1.982162031250000000e+05
1.984107656250000000e+05
1.981463750000000000e+05
1.983698437500000000e+05
2.001179062500000000e+05
1.982744843750000000e+05
2.000303437500000000e+05
1.990105312500000000e+05
1.995583125000000000e+05
1.999713437500000000e+05
1.986612968750000000e+05
1.980430937500000000e+05
2.006652500000000000e+05
2.009956875000000000e+05
1.993635468750000000e+05
1.984119375000000000e+05
1.966299218750000000e+05
2.005946562500000000e+05
1.995628906250000000e+05
2.004850937500000000e+05
1.993353281250000000e+05
1.983991250000000000e+05
1.982465937500000000e+05
1.964893750000000000e+05
1.972857500000000000e+05
2.009372656250000000e+05
1.985817812500000000e+05
1.996268906250000000e+05
1.971771250000000000e+05
2.018355000000000000e+05
1.996903593750000000e+05
1.993834375000000000e+05
1.999803281250000000e+05
1.992696406250000000e+05
1.986835625000000000e+05
1.974260000000000000e+05
2.012174531250000000e+05
1.995070000000000000e+05
1.992007500000000000e+05
1.986919062500000000e+05
2.000021406250000000e+05
1.978120625000000000e+05
1.971316718750000000e+05
1.993802812500000000e+05
1.979126406250000000e+05
1.993715625000000000e+05
1.992463906250000000e+05
1.987221093750000000e+05
2.002252656250000000e+05
1.991958593750000000e+05
1.998893281250000000e+05
1.979735937500000000e+05
1.996163593750000000e+05
2.008218906250000000e+05
1.991617968750000000e+05
1.973902187500000000e+05
2.002568281250000000e+05
1.985186875000000000e+05
1.985579062500000000e+05
1.993865625000000000e+05
1.976216093750000000e+05
1.995562968750000000e+05
1.987436875000000000e+05
2.002340000000000000e+05
1.960236718750000000e+05
1.974067343750000000e+05
1.988243906250000000e+05
1.989126093750000000e+05
1.979732812500000000e+05
1.989642031250000000e+05
2.005674531250000000e+05
1.992692656250000000e+05
1.996035937500000000e+05
1.996390000000000000e+05
1.962710781250000000e+05
1.987434375000000000e+05
1.998147500000000000e+05
1.970882343750000000e+05
1.988283437500000000e+05
1.985938750000000000e+05
1.997667343750000000e+05
1.996049218750000000e+05
1.994851718750000000e+05
1.999746093750000000e+05
2.000460468750000000e+05
2.001725156250000000e+05
1.985333593750000000e+05
2.005871093750000000e+05
2.008519843750000000e+05
1.969181718750000000e+05
2.006444843750000000e+05
1.987474375000000000e+05
1.974335000000000000e+05
1.983160156250000000e+05
1.988277968750000000e+05
2.013032343750000000e+05
2.002051406250000000e+05
2.022498125000000000e+05
1.983458281250000000e+05
1.987262031250000000e+05
1.994145781250000000e+05
1.987674531250000000e+05
1.987959843750000000e+05
1.995531406250000000e+05
1.977589062500000000e+05
1.978959687500000000e+05
1.998089218750000000e+05
1.984548750000000000e+05
1.989969531250000000e+05
1.976767500000000000e+05
2.000054062500000000e+05
1.986234218750000000e+05
2.002764218750000000e+05
1.990958437500000000e+05
1.999562187500000000e+05
1.987694218750000000e+05
1.991241562500000000e+05
2.004378750000000000e+05
2.002055000000000000e+05
1.958250625000000000e+05
1.991389375000000000e+05
2.004051250000000000e+05
2.010055625000000000e+05
1.969192343750000000e+05
1.987104218750000000e+05
1.992942656250000000e+05
1.994112656250000000e+05
1.996265312500000000e+05
1.990032343750000000e+05
1.979643125000000000e+05
1.989126875000000000e+05
1.981066250000000000e+05
1.981273281250000000e+05
1.983845468750000000e+05
2.010292500000000000e+05
1.997615937500000000e+05
2.002409218750000000e+05
1.999896875000000000e+05
1.995346093750000000e+05
1.999904687500000000e+05
1.993449531250000000e+05
2.012162968750000000e+05
1.991564531250000000e+05
1.972832968750000000e+05
1.978501718750000000e+05
1.981803750000000000e+05
1.988653593750000000e+05
1.973256718750000000e+05
1.976590937500000000e+05
2.004472031250000000e+05
2.008359531250000000e+05
1.981408593750000000e+05
1.991526718750000000e+05
1.969700781250000000e+05
1.984906250000000000e+05
1.982930312500000000e+05
1.980279531250000000e+05
1.992999375000000000e+05
1.990641093750000000e+05
1.998490000000000000e+05
1.986013281250000000e+05
1.975842500000000000e+05
1.987632187500000000e+05
2.006555312500000000e+05
1.983756875000000000e+05
1.990939531250000000e+05
1.976495156250000000e+05
1.999732500000000000e+05
1.987706406250000000e+05
2.002386875000000000e+05
1.972986562500000000e+05
1.970485468750000000e+05
1.985442187500000000e+05
1.968632187500000000e+05
1.994890000000000000e+05
1.999674062500000000e+05
2.003792500000000000e+05
1.984111718750000000e+05
1.978319687500000000e+05
1.969600781250000000e+05
1.974703750000000000e+05
1.990891562500000000e+05
1.989025781250000000e+05
2.001592187500000000e+05
1.984929531250000000e+05
1.993763125000000000e+05
1.976938593750000000e+05
1.985928593750000000e+05
2.009887187500000000e+05
1.978712031250000000e+05
1.985570312500000000e+05
1.979605781250000000e+05
1.986482656250000000e+05
2.005837656250000000e+05
1.978853906250000000e+05
1.993092500000000000e+05
1.987085312500000000e+05
1.992267968750000000e+05
1.992325156250000000e+05
2.007916406250000000e+05
1.993792500000000000e+05
1.975515468750000000e+05
2.001124375000000000e+05
1.996701093750000000e+05
2.014816718750000000e+05
1.984552656250000000e+05
1.992896562500000000e+05
1.987340781250000000e+05
1.968468437500000000e+05
1.991056250000000000e+05
1.986618750000000000e+05
1.987645312500000000e+05
1.994523906250000000e+05
1.984765781250000000e+05
2.000715312500000000e+05
1.989139218750000000e+05
1.978848906250000000e+05
1.974892031250000000e+05
1.994875468750000000e+05
1.973523750000000000e+05
1.986217187500000000e+05
1.983062968750000000e+05
2.011878125000000000e+05
1.993763906250000000e+05
2.015483906250000000e+05
1.986782031250000000e+05
1.977417968750000000e+05
1.992822656250000000e+05
1.997013281250000000e+05
1.991656718750000000e+05
1.970829531250000000e+05
1.976172812500000000e+05
2.003973593750000000e+05
1.983729062500000000e+05
1.987173593750000000e+05
1.980739375000000000e+05
1.982753125000000000e+05
1.986647500000000000e+05
1.958472031250000000e+05
2.002021406250000000e+05
1.978971250000000000e+05
1.974672187500000000e+05
1.990602343750000000e+05
1.993445781250000000e+05
1.984148125000000000e+05
1.985189843750000000e+05
2.016627187500000000e+05
1.989967500000000000e+05
2.011440312500000000e+05
1.989258906250000000e+05
1.981680468750000000e+05
2.001511875000000000e+05
2.001796406250000000e+05
1.996428281250000000e+05
1.991277812500000000e+05
1.995962968750000000e+05
1.963629375000000000e+05
1.991119218750000000e+05
1.996005625000000000e+05
1.986222343750000000e+05
1.983599843750000000e+05
1.986796406250000000e+05
2.004046406250000000e+05
1.982951562500000000e+05
2.000939687500000000e+05
1.990078437500000000e+05
1.992415312500000000e+05
1.988670468750000000e+05
1.991091562500000000e+05
1.995850156250000000e+05
2.009034062500000000e+05
1.992304843750000000e+05
1.981379062500000000e+05
1.986203750000000000e+05
2.009195468750000000e+05
2.003109531250000000e+05
1.979834375000000000e+05
1.971832343750000000e+05
2.000524375000000000e+05
1.977054375000000000e+05
1.984674843750000000e+05
1.967112187500000000e+05
1.979984375000000000e+05
1.964441250000000000e+05
2.006587968750000000e+05
1.984970156250000000e+05
1.991479218750000000e+05
1.989697968750000000e+05
1.975942343750000000e+05
1.985769375000000000e+05
1.979364375000000000e+05
1.984862656250000000e+05
1.980984687500000000e+05
1.985501093750000000e+05
1.978236406250000000e+05
2.005100156250000000e+05
1.983632343750000000e+05
2.006587187500000000e+05
1.979459218750000000e+05
2.003991718750000000e+05
1.956043906250000000e+05
1.987094062500000000e+05
2.002002656250000000e+05
2.009825625000000000e+05
2.000478125000000000e+05
1.993940000000000000e+05
1.985668906250000000e+05
1.982463125000000000e+05
1.991660156250000000e+05
1.992082656250000000e+05
1.986905625000000000e+05
1.991821718750000000e+05
1.979756406250000000e+05
1.982127187500000000e+05
2.000223750000000000e+05
2.007244375000000000e+05
1.971717343750000000e+05
1.972726406250000000e+05
1.970804062500000000e+05
1.993229531250000000e+05
1.983263750000000000e+05
1.986198750000000000e+05
1.995064062500000000e+05
1.973884062500000000e+05
1.996889218750000000e+05
1.978469218750000000e+05
1.985838906250000000e+05
1.967405937500000000e+05
1.999730468750000000e+05
1.993291250000000000e+05
1.979726093750000000e+05
1.983035625000000000e+05
1.982978750000000000e+05
1.995805000000000000e+05
1.995478125000000000e+05
2.006556562500000000e+05
1.988138125000000000e+05
1.989241093750000000e+05
1.987059062500000000e+05
1.967836718750000000e+05
1.967085937500000000e+05
1.976135000000000000e+05
1.993947656250000000e+05
1.986625000000000000e+05
2.001941562500000000e+05
2.001607343750000000e+05
1.991448750000000000e+05
1.990592500000000000e+05
1.987772968750000000e+05
1.992611718750000000e+05
1.979208906250000000e+05
1.986425156250000000e+05
1.989137031250000000e+05
2.002103125000000000e+05
1.996951562500000000e+05
1.989176562500000000e+05
1.992171562500000000e+05
1.996643281250000000e+05
1.978866718750000000e+05
2.005070156250000000e+05
1.971409218750000000e+05
1.987419843750000000e+05
1.984239531250000000e+05
2.002894218750000000e+05
2.004809531250000000e+05
1.990690937500000000e+05
1.993043281250000000e+05
1.977402500000000000e+05
1.969311875000000000e+05
1.984775468750000000e+05
1.995367500000000000e+05
1.982863906250000000e+05
1.991960781250000000e+05
1.976497031250000000e+05
1.984777031250000000e+05
1.981464375000000000e+05
1.994124375000000000e+05
1.993648750000000000e+05
2.006229375000000000e+05
1.979927031250000000e+05
2.003901406250000000e+05
1.986702812500000000e+05
1.990161718750000000e+05
1.984833593750000000e+05
2.005906250000000000e+05
1.994455156250000000e+05
1.994952500000000000e+05
1.986263281250000000e+05
1.975805312500000000e+05
1.994760312500000000e+05
1.974103125000000000e+05
2.013601093750000000e+05
1.986283281250000000e+05
1.979396093750000000e+05
1.982671093750000000e+05
1.973270937500000000e+05
1.983245000000000000e+05
1.985304843750000000e+05
2.003664843750000000e+05
1.993139062500000000e+05
1.978636406250000000e+05
2.004358281250000000e+05
1.988586250000000000e+05
1.973462031250000000e+05
1.977563281250000000e+05
1.974617500000000000e+05
1.999045625000000000e+05
2.001830156250000000e+05
1.969689375000000000e+05
1.980141093750000000e+05
1.978833906250000000e+05
1.998494062500000000e+05
1.996975937500000000e+05
1.992302812500000000e+05
1.983813750000000000e+05
1.976800468750000000e+05
1.969857500000000000e+05
1.995119218750000000e+05
1.961666406250000000e+05
1.979571718750000000e+05
2.006299687500000000e+05
1.988505312500000000e+05
2.004666562500000000e+05
1.994131250000000000e+05
1.992980625000000000e+05
2.001876093750000000e+05
1.979120000000000000e+05
1.989930156250000000e+05
2.004143906250000000e+05
1.992375937500000000e+05
1.989462031250000000e+05
1.992361406250000000e+05
2.001884531250000000e+05
1.973926250000000000e+05
1.978338437500000000e+05
1.998373125000000000e+05
1.978418750000000000e+05
1.997178437500000000e+05
1.983560468750000000e+05
1.972576718750000000e+05
1.995491562500000000e+05
1.979500937500000000e+05
2.004162187500000000e+05
1.979690468750000000e+05
1.976946562500000000e+05
1.982342656250000000e+05
1.972758906250000000e+05
1.981187031250000000e+05
2.005250312500000000e+05
1.988753281250000000e+05
1.989615312500000000e+05
1.998179062500000000e+05
1.974936718750000000e+05
2.000645625000000000e+05
1.985586875000000000e+05
2.008074843750000000e+05
1.996480781250000000e+05
1.974139062500000000e+05
1.980525625000000000e+05
1.976033750000000000e+05
2.002526093750000000e+05
1.998057187500000000e+05
1.995495312500000000e+05
1.996655312500000000e+05
1.989144218750000000e+05
1.993063750000000000e+05
1.974417343750000000e+05
1.971909375000000000e+05
1.969078281250000000e+05
1.991651406250000000e+05
1.994714531250000000e+05
1.982981718750000000e+05
2.004612031250000000e+05
1.988530000000000000e+05
1.987890937500000000e+05
1.980905000000000000e+05
1.993305937500000000e+05
1.995900937500000000e+05
1.993117500000000000e+05
1.987905312500000000e+05
1.969487500000000000e+05
1.992723750000000000e+05
1.979636875000000000e+05
2.006464218750000000e+05
1.984941093750000000e+05
2.008377656250000000e+05
1.987536406250000000e+05
1.982426875000000000e+05
1.993754218750000000e+05
1.972803750000000000e+05
1.996483750000000000e+05
1.972064218750000000e+05
1.981983750000000000e+05
1.998306250000000000e+05
2.003142656250000000e+05
1.986140156250000000e+05
1.998265625000000000e+05
1.977007187500000000e+05
1.991482968750000000e+05
1.979432031250000000e+05
1.978497968750000000e+05
2.000041093750000000e+05
1.988288750000000000e+05
1.972881875000000000e+05
1.995717968750000000e+05
1.984176718750000000e+05
1.978738593750000000e+05
1.979658750000000000e+05
2.014673906250000000e+05
1.972855468750000000e+05
1.986760156250000000e+05
1.987484062500000000e+05
2.004669843750000000e+05
1.991122500000000000e+05
1.998350625000000000e+05
1.975651250000000000e+05
1.984160312500000000e+05
1.998454531250000000e+05
1.977085312500000000e+05
1.990526562500000000e+05
1.975067187500000000e+05
1.997775000000000000e+05
1.993250000000000000e+05
1.989996093750000000e+05
1.991730000000000000e+05
2.005044843750000000e+05
1.994892031250000000e+05
1.975593750000000000e+05
2.000293593750000000e+05
1.966183593750000000e+05
1.985880312500000000e+05
1.967489062500000000e+05
2.000398593750000000e+05
2.001546718750000000e+05
1.973550625000000000e+05
1.998936406250000000e+05
2.006086250000000000e+05
1.993871562500000000e+05
1.990886562500000000e+05
1.989433125000000000e+05
2.001537343750000000e+05
1.971029843750000000e+05
1.992791250000000000e+05
1.987454531250000000e+05
1.974174531250000000e+05
1.999329843750000000e+05
1.994686406250000000e+05
1.974619531250000000e+05
1.992179375000000000e+05
2.002202656250000000e+05
2.005813281250000000e+05
1.997908593750000000e+05
1.985962656250000000e+05
1.980334062500000000e+05
2.005717343750000000e+05
1.978003750000000000e+05
1.986273750000000000e+05
1.997874843750000000e+05
1.988222031250000000e+05
1.991692500000000000e+05
1.992088593750000000e+05
1.978970781250000000e+05
2.017309531250000000e+05
1.996176875000000000e+05
1.983323750000000000e+05
1.982338906250000000e+05
1.974719843750000000e+05
2.005708281250000000e+05
1.988221718750000000e+05
2.006248437500000000e+05
1.979463593750000000e+05
1.978772187500000000e+05
1.966099062500000000e+05
1.988618281250000000e+05
2.014868906250000000e+05
1.979953125000000000e+05
2.005112968750000000e+05
1.988243437500000000e+05
1.975599531250000000e+05
1.996176875000000000e+05
1.996208437500000000e+05
2.003488593750000000e+05
1.989165312500000000e+05
1.972305625000000000e+05
1.990601875000000000e+05
1.978003437500000000e+05
1.985989531250000000e+05
1.983078125000000000e+05
1.987426875000000000e+05
1.978501250000000000e+05
1.978159375000000000e+05
1.983657968750000000e+05
2.006233437500000000e+05
1.991312187500000000e+05
1.983833906250000000e+05
1.992386093750000000e+05
1.984876875000000000e+05
2.005071093750000000e+05
1.980858281250000000e+05
1.969348593750000000e+05
1.974729531250000000e+05
1.989459687500000000e+05
1.996344218750000000e+05
1.996243125000000000e+05
1.993251562500000000e+05
2.005662031250000000e+05
1.988018281250000000e+05
2.008629218750000000e+05
1.999576093750000000e+05
1.997707656250000000e+05
2.003040937500000000e+05
1.989760312500000000e+05
2.001983906250000000e+05
2.003509218750000000e+05
1.989816562500000000e+05
1.980135781250000000e+05
1.994555937500000000e+05
1.984813593750000000e+05
1.980480625000000000e+05
1.972298125000000000e+05
1.998222656250000000e+05
2.003234062500000000e+05
2.002592968750000000e+05
1.991176406250000000e+05
2.000360937500000000e+05
2.004277812500000000e+05
1.989286406250000000e+05
2.007249687500000000e+05
1.987582500000000000e+05
1.985092968750000000e+05
1.997127187500000000e+05
2.012610312500000000e+05
1.973330781250000000e+05
1.983228281250000000e+05
1.978373281250000000e+05
1.991361875000000000e+05
1.999156250000000000e+05
1.989075625000000000e+05
1.989054218750000000e+05
1.992133593750000000e+05
1.977119531250000000e+05
1.971486875000000000e+05
1.998482968750000000e+05
1.975565625000000000e+05
2.000977812500000000e+05
1.989300000000000000e+05
1.949201250000000000e+05
1.984408437500000000e+05
1.990221093750000000e+05
1.999706250000000000e+05
1.975527031250000000e+05
1.989038593750000000e+05
1.988355156250000000e+05
1.966295625000000000e+05
1.953944218750000000e+05
1.973440781250000000e+05
1.986672187500000000e+05
1.981550468750000000e+05
1.996811406250000000e+05
1.988077656250000000e+05
2.006049843750000000e+05
1.993948437500000000e+05
1.994892812500000000e+05
1.980950937500000000e+05
2.005337343750000000e+05
1.988617500000000000e+05
1.984630937500000000e+05
1.981545468750000000e+05
1.985473750000000000e+05
1.991929531250000000e+05
1.990091250000000000e+05
1.962505156250000000e+05
1.989598125000000000e+05
