2.088168125000000000e+05
2.080439062500000000e+05
2.060852812500000000e+05
2.085239687500000000e+05
2.081575156250000000e+05
2.091898593750000000e+05
2.135714375000000000e+05
2.130080312500000000e+05
2.146257031250000000e+05
2.146179843750000000e+05
2.138297031250000000e+05
2.144775937500000000e+05
2.075605937500000000e+05
2.091661562500000000e+05
2.110445468750000000e+05
2.154354531250000000e+05
2.136051875000000000e+05
2.226106093750000000e+05
2.257218750000000000e+05
2.098986718750000000e+05
2.262714687500000000e+05
2.217514687500000000e+05
2.234696093750000000e+05
2.282091250000000000e+05
2.110626250000000000e+05
2.144497031250000000e+05
2.173464218750000000e+05
2.111192343750000000e+05
2.238544375000000000e+05
2.294042031250000000e+05
2.170814531250000000e+05
2.208902500000000000e+05
2.177729843750000000e+05
2.231150468750000000e+05
2.237239843750000000e+05
2.137182500000000000e+05
2.117908125000000000e+05
2.147671406250000000e+05
2.132274375000000000e+05
2.123734687500000000e+05
2.093104062500000000e+05
2.147783281250000000e+05
2.123630312500000000e+05
2.097562812500000000e+05
2.080169375000000000e+05
2.107406093750000000e+05
2.103778125000000000e+05
2.183599218750000000e+05
2.148385625000000000e+05
2.107776875000000000e+05
2.087570468750000000e+05
2.087677031250000000e+05
2.101455000000000000e+05
2.119299687500000000e+05
2.094224062500000000e+05
2.074755156250000000e+05
2.079290156250000000e+05
2.093228437500000000e+05
2.107231718750000000e+05
2.134492968750000000e+05
2.108881718750000000e+05
2.095582812500000000e+05
2.068232656250000000e+05
2.060783125000000000e+05
2.083587968750000000e+05
2.094316250000000000e+05
2.082009218750000000e+05
2.091426718750000000e+05
2.084351093750000000e+05
2.065466875000000000e+05
2.075948281250000000e+05
2.096165781250000000e+05
2.064332500000000000e+05
2.089399531250000000e+05
2.069994062500000000e+05
2.065390781250000000e+05
2.069483750000000000e+05
2.063271250000000000e+05
2.060869375000000000e+05
2.060675156250000000e+05
2.071127031250000000e+05
2.074522031250000000e+05
2.072911562500000000e+05
2.076941093750000000e+05
2.078305625000000000e+05
2.063943750000000000e+05
2.059526406250000000e+05
2.068313593750000000e+05
2.059840468750000000e+05
2.047440625000000000e+05
2.033697812500000000e+05
2.084455000000000000e+05
2.049096562500000000e+05
2.062002968750000000e+05
2.067467500000000000e+05
2.050710156250000000e+05
2.075464531250000000e+05
2.058395625000000000e+05
2.049327968750000000e+05
2.037615937500000000e+05
2.056016406250000000e+05
2.059601718750000000e+05
2.052467656250000000e+05
2.063719531250000000e+05
2.058522343750000000e+05
2.059051250000000000e+05
2.060997968750000000e+05
2.062171718750000000e+05
2.052409062500000000e+05
2.059576875000000000e+05
2.074734375000000000e+05
2.064685625000000000e+05
2.041495000000000000e+05
2.038784062500000000e+05
2.046200312500000000e+05
2.050098125000000000e+05
2.050576562500000000e+05
2.058937031250000000e+05
2.051907812500000000e+05
2.043959218750000000e+05
2.028826875000000000e+05
2.054219687500000000e+05
2.055337187500000000e+05
2.068046875000000000e+05
2.048003125000000000e+05
2.051978593750000000e+05
2.038047500000000000e+05
2.052135781250000000e+05
2.029866250000000000e+05
2.046416718750000000e+05
2.028682187500000000e+05
2.063370625000000000e+05
2.045976406250000000e+05
2.066646093750000000e+05
2.032890468750000000e+05
2.038273437500000000e+05
2.047909375000000000e+05
2.041135937500000000e+05
2.029028125000000000e+05
2.035845156250000000e+05
2.031483593750000000e+05
2.029924062500000000e+05
2.057788125000000000e+05
2.031440312500000000e+05
2.050457812500000000e+05
2.052421562500000000e+05
2.046934375000000000e+05
2.073242656250000000e+05
2.063790937500000000e+05
2.039247656250000000e+05
2.026659843750000000e+05
2.055066875000000000e+05
2.039851406250000000e+05
2.037258750000000000e+05
2.036123906250000000e+05
2.051283437500000000e+05
2.043227968750000000e+05
2.051775468750000000e+05
2.029591562500000000e+05
2.043851875000000000e+05
2.037709218750000000e+05
2.030403437500000000e+05
2.041415937500000000e+05
2.030439375000000000e+05
2.045671718750000000e+05
2.053869687500000000e+05
2.025158281250000000e+05
2.053789218750000000e+05
2.054252656250000000e+05
2.045985312500000000e+05
2.014448906250000000e+05
2.060885625000000000e+05
2.038291406250000000e+05
2.052336093750000000e+05
2.026855468750000000e+05
2.049199687500000000e+05
2.018055937500000000e+05
2.059944218750000000e+05
2.037752812500000000e+05
2.055057656250000000e+05
2.035685937500000000e+05
2.023517187500000000e+05
2.036393750000000000e+05
2.041556093750000000e+05
2.061555156250000000e+05
2.066719843750000000e+05
2.046249218750000000e+05
2.052585468750000000e+05
2.040871875000000000e+05
2.031895625000000000e+05
2.028766718750000000e+05
2.029042656250000000e+05
2.036468906250000000e+05
2.038798593750000000e+05
2.045412500000000000e+05
2.030794687500000000e+05
2.022258593750000000e+05
2.038459531250000000e+05
2.007707812500000000e+05
2.036178125000000000e+05
2.022983281250000000e+05
2.038458750000000000e+05
2.040481875000000000e+05
2.029347968750000000e+05
2.027550937500000000e+05
2.039706875000000000e+05
2.016843125000000000e+05
2.019602187500000000e+05
2.028021093750000000e+05
2.024677187500000000e+05
2.017778750000000000e+05
2.026360625000000000e+05
2.047903281250000000e+05
2.040734843750000000e+05
2.031005625000000000e+05
2.026229375000000000e+05
2.044723437500000000e+05
2.021840156250000000e+05
2.026221250000000000e+05
2.037801718750000000e+05
2.017619687500000000e+05
2.051936093750000000e+05
2.035752812500000000e+05
2.027068125000000000e+05
2.060253593750000000e+05
2.042078750000000000e+05
2.017178281250000000e+05
2.049475156250000000e+05
2.044614062500000000e+05
2.033001718750000000e+05
2.037721406250000000e+05
2.028370468750000000e+05
2.045186718750000000e+05
2.026097187500000000e+05
2.021698593750000000e+05
2.000833906250000000e+05
2.025351250000000000e+05
2.051179062500000000e+05
2.048378750000000000e+05
2.040370468750000000e+05
2.048608281250000000e+05
2.026768437500000000e+05
2.055449531250000000e+05
2.043143437500000000e+05
2.059049062500000000e+05
2.038970312500000000e+05
2.031863750000000000e+05
2.016083593750000000e+05
2.031231562500000000e+05
2.028107187500000000e+05
2.032589375000000000e+05
2.051688125000000000e+05
2.029408437500000000e+05
2.044146562500000000e+05
2.037891562500000000e+05
2.046336875000000000e+05
2.031455625000000000e+05
2.020176875000000000e+05
2.034143281250000000e+05
2.018163125000000000e+05
2.047549687500000000e+05
2.028014687500000000e+05
2.027686093750000000e+05
2.038897343750000000e+05
2.033260937500000000e+05
2.034930156250000000e+05
2.024267187500000000e+05
2.038770781250000000e+05
2.021027031250000000e+05
2.024801093750000000e+05
2.015032343750000000e+05
2.013051875000000000e+05
2.062360156250000000e+05
2.034278281250000000e+05
2.019965468750000000e+05
2.038151250000000000e+05
2.044635000000000000e+05
2.037103125000000000e+05
2.026313437500000000e+05
2.020759062500000000e+05
2.028823750000000000e+05
2.013573125000000000e+05
2.024126250000000000e+05
2.020165156250000000e+05
2.024806093750000000e+05
2.048035000000000000e+05
2.046604687500000000e+05
2.015107031250000000e+05
2.027084531250000000e+05
2.048700625000000000e+05
2.043077812500000000e+05
2.037402343750000000e+05
2.027051718750000000e+05
2.036252031250000000e+05
2.050012656250000000e+05
2.013125312500000000e+05
2.024235625000000000e+05
2.039885625000000000e+05
2.049290156250000000e+05
2.021608906250000000e+05
2.034550000000000000e+05
2.030154218750000000e+05
2.013527812500000000e+05
2.033265468750000000e+05
2.035876562500000000e+05
2.033959062500000000e+05
2.023870156250000000e+05
2.041935312500000000e+05
2.022277343750000000e+05
2.022475468750000000e+05
2.018445000000000000e+05
2.021852968750000000e+05
2.041877031250000000e+05
2.034937656250000000e+05
2.016832812500000000e+05
2.028120468750000000e+05
2.034635156250000000e+05
2.020905781250000000e+05
2.018357187500000000e+05
2.010671562500000000e+05
2.030993281250000000e+05
2.027820312500000000e+05
2.020417968750000000e+05
2.020239062500000000e+05
2.015854218750000000e+05
2.033109843750000000e+05
2.054975468750000000e+05
2.041571562500000000e+05
2.021919375000000000e+05
2.035883593750000000e+05
2.018995156250000000e+05
2.048449062500000000e+05
2.005486406250000000e+05
2.011200156250000000e+05
2.029365781250000000e+05
2.031870937500000000e+05
2.039182968750000000e+05
2.014086250000000000e+05
2.012489843750000000e+05
2.029029218750000000e+05
2.033156250000000000e+05
2.033159062500000000e+05
2.021367968750000000e+05
2.011674843750000000e+05
2.023703125000000000e+05
2.036958906250000000e+05
2.031766718750000000e+05
2.038351250000000000e+05
2.022804375000000000e+05
2.024277343750000000e+05
2.019292343750000000e+05
2.027467500000000000e+05
2.018111406250000000e+05
2.016360781250000000e+05
2.022242968750000000e+05
2.039118750000000000e+05
2.021067812500000000e+05
2.001867187500000000e+05
2.025247656250000000e+05
2.030516250000000000e+05
2.011945781250000000e+05
2.042400625000000000e+05
2.017798125000000000e+05
2.022235937500000000e+05
2.022394218750000000e+05
2.028061093750000000e+05
2.015861718750000000e+05
2.036464218750000000e+05
2.007758125000000000e+05
2.034862500000000000e+05
2.044946250000000000e+05
2.051592187500000000e+05
2.024694687500000000e+05
2.019102656250000000e+05
2.014673906250000000e+05
2.018498125000000000e+05
2.008953437500000000e+05
2.047442343750000000e+05
2.024902343750000000e+05
2.004594062500000000e+05
2.029518750000000000e+05
2.010305156250000000e+05
2.000355625000000000e+05
2.032839218750000000e+05
2.033628125000000000e+05
2.007068281250000000e+05
2.032464531250000000e+05
2.005030937500000000e+05
2.031548437500000000e+05
2.037217500000000000e+05
2.033407500000000000e+05
2.027702656250000000e+05
2.011790000000000000e+05
2.033491718750000000e+05
2.014239375000000000e+05
2.013063125000000000e+05
2.021504062500000000e+05
2.038053281250000000e+05
2.003769687500000000e+05
2.004690781250000000e+05
2.030215000000000000e+05
2.035731562500000000e+05
2.023449062500000000e+05
2.015786718750000000e+05
2.031914843750000000e+05
2.035853125000000000e+05
2.035900781250000000e+05
2.005045312500000000e+05
2.053631093750000000e+05
2.012577187500000000e+05
2.029140156250000000e+05
2.015301406250000000e+05
2.027857187500000000e+05
2.033094218750000000e+05
2.024628281250000000e+05
2.020814843750000000e+05
2.029630000000000000e+05
2.035069687500000000e+05
2.012928437500000000e+05
2.028262187500000000e+05
2.027524062500000000e+05
2.033202343750000000e+05
2.013686406250000000e+05
2.020650312500000000e+05
2.025177031250000000e+05
2.029434375000000000e+05
2.005075625000000000e+05
2.036024531250000000e+05
2.038812031250000000e+05
2.019415781250000000e+05
2.017048593750000000e+05
2.012303281250000000e+05
2.035368125000000000e+05
2.026135156250000000e+05
2.025658125000000000e+05
2.026931718750000000e+05
2.036368281250000000e+05
2.022366093750000000e+05
2.037507968750000000e+05
2.015335000000000000e+05
2.004923125000000000e+05
2.013520781250000000e+05
2.027598437500000000e+05
2.027680468750000000e+05
2.025893750000000000e+05
2.021122343750000000e+05
2.018264531250000000e+05
2.033878281250000000e+05
2.017013593750000000e+05
2.019906250000000000e+05
2.028787968750000000e+05
2.018853593750000000e+05
2.024403125000000000e+05
1.997690937500000000e+05
2.038485156250000000e+05
2.029243593750000000e+05
2.027061562500000000e+05
2.031455937500000000e+05
2.029517500000000000e+05
2.028129218750000000e+05
2.024173125000000000e+05
2.021254843750000000e+05
2.015202500000000000e+05
2.019288125000000000e+05
2.009657031250000000e+05
2.024164531250000000e+05
2.026000156250000000e+05
2.035622343750000000e+05
2.023449531250000000e+05
2.029627343750000000e+05
2.035608593750000000e+05
2.036449843750000000e+05
2.008482343750000000e+05
2.014895468750000000e+05
2.020627812500000000e+05
2.004323906250000000e+05
2.032723750000000000e+05
2.018224375000000000e+05
2.018434218750000000e+05
2.014458437500000000e+05
2.023879843750000000e+05
2.025935781250000000e+05
2.019811406250000000e+05
2.028078437500000000e+05
2.044842343750000000e+05
2.034830312500000000e+05
2.005359687500000000e+05
2.013880000000000000e+05
2.017955937500000000e+05
2.041753750000000000e+05
2.024756093750000000e+05
2.025698750000000000e+05
2.005287500000000000e+05
2.022883593750000000e+05
2.022335781250000000e+05
2.028600937500000000e+05
2.037720625000000000e+05
2.002801093750000000e+05
2.037127500000000000e+05
1.990477656250000000e+05
9.423752000000000000e+06
4.522725500000000000e+06
5.316957000000000000e+06
3.819619750000000000e+06
9.474372000000000000e+06
5.171288000000000000e+06
6.975272500000000000e+06
5.618612500000000000e+06
3.233465500000000000e+06
5.614459000000000000e+06
3.490015500000000000e+06
5.989334000000000000e+06
4.716847000000000000e+06
2.996273000000000000e+06
6.998468000000000000e+06
6.104635500000000000e+06
3.101721500000000000e+06
2.376986000000000000e+06
2.672196000000000000e+06
2.488866750000000000e+06
2.410429250000000000e+06
1.670155000000000000e+06
1.392479750000000000e+06
1.480477375000000000e+06
2.123574000000000000e+06
1.426363250000000000e+06
2.527902000000000000e+06
1.575908500000000000e+06
2.671840250000000000e+06
2.245880750000000000e+06
3.151601500000000000e+06
2.948729000000000000e+06
2.751972000000000000e+06
2.137874250000000000e+06
1.479023750000000000e+06
2.989536500000000000e+06
2.422444750000000000e+06
1.787423125000000000e+06
1.528699000000000000e+06
2.949213000000000000e+06
2.872988250000000000e+06
1.351649250000000000e+06
2.219365500000000000e+06
2.089095250000000000e+06
2.086175000000000000e+06
2.032133000000000000e+06
1.332655500000000000e+06
1.168044000000000000e+06
1.843759250000000000e+06
1.735423625000000000e+06
1.455847500000000000e+06
1.359918250000000000e+06
1.389266000000000000e+06
1.190003875000000000e+06
1.441536250000000000e+06
1.477885000000000000e+06
1.161997125000000000e+06
1.101988125000000000e+06
1.197375500000000000e+06
1.099684875000000000e+06
1.152101375000000000e+06
1.130571750000000000e+06
1.121033750000000000e+06
1.046763750000000000e+06
1.070909875000000000e+06
1.034346500000000000e+06
9.631206250000000000e+05
9.134927500000000000e+05
1.085416625000000000e+06
1.053489500000000000e+06
8.562184375000000000e+05
8.222077500000000000e+05
1.006456437500000000e+06
9.656238125000000000e+05
8.319207500000000000e+05
7.726548750000000000e+05
9.523881875000000000e+05
9.049724375000000000e+05
8.307151250000000000e+05
7.763295000000000000e+05
8.575181875000000000e+05
8.623201250000000000e+05
7.747792500000000000e+05
7.217785625000000000e+05
8.550056250000000000e+05
8.416995000000000000e+05
6.890815000000000000e+05
6.586850625000000000e+05
8.186090000000000000e+05
7.752263750000000000e+05
7.239665000000000000e+05
6.871432500000000000e+05
7.379958125000000000e+05
6.839515000000000000e+05
7.147310625000000000e+05
6.791713125000000000e+05
7.462537500000000000e+05
7.289920000000000000e+05
6.301367500000000000e+05
6.136973125000000000e+05
7.649493125000000000e+05
7.301631250000000000e+05
6.054706250000000000e+05
5.858313750000000000e+05
6.970499375000000000e+05
6.440313750000000000e+05
6.607645000000000000e+05
6.323508125000000000e+05
6.360886250000000000e+05
6.099157500000000000e+05
5.993593125000000000e+05
5.728605000000000000e+05
6.705908750000000000e+05
6.598130625000000000e+05
5.454501250000000000e+05
5.227700625000000000e+05
6.620088750000000000e+05
6.226270000000000000e+05
5.882357500000000000e+05
5.481242500000000000e+05
6.330837500000000000e+05
6.243143125000000000e+05
5.434880000000000000e+05
5.135046562500000000e+05
6.475227500000000000e+05
6.576032500000000000e+05
4.750117187500000000e+05
4.683751250000000000e+05
6.468045625000000000e+05
6.139514375000000000e+05
5.165790000000000000e+05
5.291973125000000000e+05
5.239843750000000000e+05
4.792303437500000000e+05
5.397253750000000000e+05
5.087603125000000000e+05
5.282941250000000000e+05
5.212630000000000000e+05
5.013240937500000000e+05
4.893663750000000000e+05
4.564869687500000000e+05
5.243730000000000000e+05
4.349521875000000000e+05
6.764235625000000000e+05
6.168910000000000000e+05
5.958258750000000000e+05
5.926752500000000000e+05
6.116011875000000000e+05
5.778946250000000000e+05
5.489329375000000000e+05
4.828262500000000000e+05
7.177010000000000000e+05
6.149450000000000000e+05
7.949636250000000000e+05
7.676288750000000000e+05
5.553591875000000000e+05
4.881425000000000000e+05
6.139486250000000000e+05
5.839570625000000000e+05
4.752403437500000000e+05
4.762037187500000000e+05
5.407280625000000000e+05
5.155290000000000000e+05
5.072656562500000000e+05
4.964832187500000000e+05
4.453964375000000000e+05
4.204381250000000000e+05
5.585902500000000000e+05
5.288776250000000000e+05
5.085777187500000000e+05
4.674374062500000000e+05
4.579795937500000000e+05
4.216515000000000000e+05
5.070368125000000000e+05
5.259369375000000000e+05
4.633249062500000000e+05
4.557874375000000000e+05
4.407357812500000000e+05
5.135387500000000000e+05
4.243436562500000000e+05
5.233033125000000000e+05
5.144225312500000000e+05
4.271264062500000000e+05
5.231677812500000000e+05
5.119821875000000000e+05
5.097128750000000000e+05
4.569417812500000000e+05
5.792888750000000000e+05
5.083053750000000000e+05
6.474083750000000000e+05
5.889056250000000000e+05
5.924459375000000000e+05
5.089544687500000000e+05
8.920278125000000000e+05
9.419317500000000000e+05
4.643019687500000000e+05
6.541823750000000000e+05
5.472658125000000000e+05
1.045879187500000000e+06
1.051737750000000000e+06
6.410230000000000000e+05
6.714373750000000000e+05
7.206791250000000000e+05
5.418075625000000000e+05
7.813493125000000000e+05
7.147733125000000000e+05
5.982258750000000000e+05
5.785075000000000000e+05
5.271203125000000000e+05
6.361186250000000000e+05
5.665706875000000000e+05
6.359661250000000000e+05
6.442693750000000000e+05
6.294615625000000000e+05
4.989117500000000000e+05
5.744441875000000000e+05
4.965972187500000000e+05
5.918976875000000000e+05
5.379446250000000000e+05
5.856865625000000000e+05
6.018352500000000000e+05
4.427986250000000000e+05
5.375698750000000000e+05
4.853959062500000000e+05
7.263016250000000000e+05
8.095830000000000000e+05
6.547260000000000000e+05
6.323697500000000000e+05
5.966441250000000000e+05
5.207301250000000000e+05
6.421538125000000000e+05
4.961795312500000000e+05
5.571520000000000000e+05
5.251836875000000000e+05
6.834025625000000000e+05
6.420625000000000000e+05
8.556197500000000000e+05
7.407369375000000000e+05
6.262992500000000000e+05
6.456220000000000000e+05
4.814012812500000000e+05
4.875893750000000000e+05
5.040195625000000000e+05
4.349789375000000000e+05
4.307887187500000000e+05
4.845282812500000000e+05
4.434452500000000000e+05
5.841068750000000000e+05
5.279185000000000000e+05
6.074756250000000000e+05
5.938037500000000000e+05
4.922270937500000000e+05
4.625016562500000000e+05
4.963237500000000000e+05
4.475198437500000000e+05
5.433191250000000000e+05
4.996298750000000000e+05
5.207026250000000000e+05
5.125563125000000000e+05
4.013255000000000000e+05
3.880742500000000000e+05
4.596432500000000000e+05
4.279806875000000000e+05
4.422654375000000000e+05
4.404935937500000000e+05
3.876915625000000000e+05
3.813080937500000000e+05
4.332270000000000000e+05
4.116164687500000000e+05
3.946093750000000000e+05
3.799993125000000000e+05
3.805203750000000000e+05
3.727049687500000000e+05
3.967646875000000000e+05
3.908220312500000000e+05
3.543107187500000000e+05
3.401490312500000000e+05
3.835312500000000000e+05
3.651376875000000000e+05
4.151066250000000000e+05
3.946149375000000000e+05
3.720542812500000000e+05
3.548814062500000000e+05
3.934177500000000000e+05
3.588471250000000000e+05
4.684017500000000000e+05
4.252573750000000000e+05
4.887185625000000000e+05
4.892388750000000000e+05
3.821380312500000000e+05
3.529305000000000000e+05
3.966135312500000000e+05
3.940319375000000000e+05
3.753371875000000000e+05
3.405638125000000000e+05
5.094079062500000000e+05
5.103121250000000000e+05
3.509559375000000000e+05
3.541210312500000000e+05
4.186626875000000000e+05
3.610027500000000000e+05
4.720738125000000000e+05
4.820586875000000000e+05
3.833695000000000000e+05
3.877677500000000000e+05
4.180034062500000000e+05
3.811008437500000000e+05
4.703952500000000000e+05
4.207762500000000000e+05
4.867514687500000000e+05
4.802405937500000000e+05
4.128652500000000000e+05
4.070980625000000000e+05
3.850415000000000000e+05
3.653394062500000000e+05
4.355011250000000000e+05
3.959345000000000000e+05
4.185884375000000000e+05
4.137427500000000000e+05
3.426886875000000000e+05
3.260892812500000000e+05
3.832033125000000000e+05
3.691711562500000000e+05
3.781155000000000000e+05
3.542404375000000000e+05
3.832108437500000000e+05
3.772341250000000000e+05
3.590695625000000000e+05
3.332520000000000000e+05
3.941242812500000000e+05
3.838802500000000000e+05
3.632053437500000000e+05
3.319074062500000000e+05
3.828820625000000000e+05
3.873847812500000000e+05
3.701283125000000000e+05
3.428402500000000000e+05
3.451097812500000000e+05
3.357775625000000000e+05
3.946931875000000000e+05
3.648896250000000000e+05
3.951926562500000000e+05
3.814648125000000000e+05
3.338098750000000000e+05
3.070964062500000000e+05
3.820829687500000000e+05
3.664732500000000000e+05
3.179411875000000000e+05
3.047597500000000000e+05
3.331898125000000000e+05
3.259865000000000000e+05
3.574863125000000000e+05
3.424941250000000000e+05
3.282794062500000000e+05
3.174103125000000000e+05
3.540778125000000000e+05
3.174589375000000000e+05
4.357789062500000000e+05
4.287197187500000000e+05
3.109584062500000000e+05
3.693097187500000000e+05
3.711465312500000000e+05
3.441169375000000000e+05
4.002809062500000000e+05
4.077369375000000000e+05
3.815016875000000000e+05
3.427527500000000000e+05
3.973153750000000000e+05
3.949015937500000000e+05
3.393421875000000000e+05
3.527345937500000000e+05
3.483011875000000000e+05
3.161773750000000000e+05
3.128129375000000000e+05
3.099614687500000000e+05
3.068423437500000000e+05
3.461881875000000000e+05
2.991087812500000000e+05
2.871835000000000000e+05
3.027586250000000000e+05
3.310591250000000000e+05
3.076545625000000000e+05
3.346205937500000000e+05
3.397055625000000000e+05
3.186129375000000000e+05
3.493715625000000000e+05
3.614181250000000000e+05
3.242910625000000000e+05
3.181825937500000000e+05
3.747867500000000000e+05
3.429587500000000000e+05
3.697390937500000000e+05
3.975503125000000000e+05
3.668612500000000000e+05
3.743034687500000000e+05
3.379195000000000000e+05
3.566749687500000000e+05
3.308758437500000000e+05
3.179600000000000000e+05
3.327505000000000000e+05
3.132210625000000000e+05
3.148552187500000000e+05
3.163206875000000000e+05
2.953704375000000000e+05
3.078920312500000000e+05
3.018083437500000000e+05
2.858862187500000000e+05
3.029726562500000000e+05
2.823702500000000000e+05
2.823885937500000000e+05
3.056490000000000000e+05
2.833127187500000000e+05
3.520480312500000000e+05
3.392692500000000000e+05
3.413823750000000000e+05
3.143376250000000000e+05
3.912381562500000000e+05
3.600490312500000000e+05
3.161916875000000000e+05
2.991660000000000000e+05
2.960427500000000000e+05
3.140709062500000000e+05
2.857358125000000000e+05
2.799206562500000000e+05
3.023110625000000000e+05
2.944678125000000000e+05
2.785241250000000000e+05
2.845137500000000000e+05
3.165416875000000000e+05
2.854393125000000000e+05
3.870950625000000000e+05
3.500246562500000000e+05
3.177590625000000000e+05
2.968896875000000000e+05
3.290607187500000000e+05
3.349005625000000000e+05
3.162580937500000000e+05
3.189255000000000000e+05
2.952070937500000000e+05
3.060319062500000000e+05
2.783244687500000000e+05
2.897675000000000000e+05
2.871763125000000000e+05
2.727951562500000000e+05
2.808948750000000000e+05
2.964690000000000000e+05
2.798374375000000000e+05
2.780320000000000000e+05
2.912270000000000000e+05
2.849110937500000000e+05
2.746958125000000000e+05
2.987302500000000000e+05
2.860929687500000000e+05
2.656785312500000000e+05
2.750802812500000000e+05
3.095787500000000000e+05
2.864584375000000000e+05
3.410604375000000000e+05
3.042589687500000000e+05
2.908110937500000000e+05
3.223959375000000000e+05
2.955961250000000000e+05
2.948869375000000000e+05
3.253394375000000000e+05
2.984064062500000000e+05
2.965868750000000000e+05
3.154818125000000000e+05
2.950699687500000000e+05
2.817119062500000000e+05
2.901805625000000000e+05
3.086611250000000000e+05
3.036105937500000000e+05
3.018707500000000000e+05
2.903545312500000000e+05
2.858085000000000000e+05
2.877969062500000000e+05
2.791628125000000000e+05
2.759654375000000000e+05
2.731915937500000000e+05
2.701595000000000000e+05
2.636751250000000000e+05
2.741448125000000000e+05
2.604772500000000000e+05
2.704235937500000000e+05
2.654628437500000000e+05
2.591247968750000000e+05
2.567046250000000000e+05
2.648274062500000000e+05
2.541321562500000000e+05
2.743645937500000000e+05
2.796812500000000000e+05
2.634646875000000000e+05
2.753960000000000000e+05
2.613428281250000000e+05
2.638734062500000000e+05
2.626712812500000000e+05
2.753727187500000000e+05
2.632652812500000000e+05
2.593500000000000000e+05
2.625609687500000000e+05
1.203799100000000000e+07
1.016925600000000000e+07
7.529998000000000000e+06
6.084999000000000000e+06
5.430184000000000000e+06
3.942985000000000000e+06
5.105039000000000000e+06
5.536213500000000000e+06
4.990800000000000000e+06
3.562552000000000000e+06
2.873538750000000000e+06
3.414666500000000000e+06
2.858736500000000000e+06
1.987047750000000000e+06
3.762302000000000000e+06
3.960403000000000000e+06
2.360743500000000000e+06
2.252890000000000000e+06
2.341095750000000000e+06
2.385266000000000000e+06
2.546195500000000000e+06
2.199298250000000000e+06
2.217697000000000000e+06
2.005847750000000000e+06
1.753059000000000000e+06
1.585752375000000000e+06
2.203632000000000000e+06
1.910712500000000000e+06
1.693430250000000000e+06
1.693411375000000000e+06
1.708213500000000000e+06
1.497340375000000000e+06
1.498988500000000000e+06
1.540847625000000000e+06
1.328689750000000000e+06
1.195145250000000000e+06
1.634049500000000000e+06
1.520465750000000000e+06
1.148297875000000000e+06
1.092036500000000000e+06
1.450169000000000000e+06
1.282935250000000000e+06
1.259670625000000000e+06
1.229962750000000000e+06
9.876995000000000000e+05
8.847743125000000000e+05
1.281596500000000000e+06
1.214053750000000000e+06
8.224692500000000000e+05
7.745355000000000000e+05
1.117366500000000000e+06
1.028138875000000000e+06
9.633484375000000000e+05
9.563525625000000000e+05
9.787479375000000000e+05
9.064127500000000000e+05
1.023326500000000000e+06
9.551523125000000000e+05
9.604502500000000000e+05
9.159370000000000000e+05
8.617109375000000000e+05
8.209202500000000000e+05
9.696854375000000000e+05
9.051711250000000000e+05
7.405620000000000000e+05
7.278051250000000000e+05
8.910097500000000000e+05
8.327830000000000000e+05
7.333295000000000000e+05
7.211370625000000000e+05
8.203520625000000000e+05
7.709898125000000000e+05
7.804016250000000000e+05
7.526908750000000000e+05
7.753823750000000000e+05
7.257972500000000000e+05
8.041863750000000000e+05
7.854953750000000000e+05
7.505313750000000000e+05
6.831649375000000000e+05
8.318658125000000000e+05
8.151395000000000000e+05
7.496218750000000000e+05
6.786571250000000000e+05
8.104565000000000000e+05
8.024957500000000000e+05
7.896055000000000000e+05
6.970468750000000000e+05
7.811536875000000000e+05
7.803678750000000000e+05
8.353160000000000000e+05
7.081775625000000000e+05
7.862131875000000000e+05
8.351536875000000000e+05
8.208811875000000000e+05
6.627451250000000000e+05
8.203304375000000000e+05
8.792941250000000000e+05
8.802073125000000000e+05
7.140955625000000000e+05
7.179979375000000000e+05
7.753440000000000000e+05
9.210553750000000000e+05
7.432501250000000000e+05
7.222880625000000000e+05
7.800877500000000000e+05
8.620869375000000000e+05
7.174963750000000000e+05
7.142433750000000000e+05
7.738010000000000000e+05
8.258005000000000000e+05
7.128000625000000000e+05
6.195883125000000000e+05
6.495555000000000000e+05
7.677650000000000000e+05
6.701000000000000000e+05
6.669552500000000000e+05
6.803072500000000000e+05
7.223992500000000000e+05
6.220113750000000000e+05
7.040433125000000000e+05
7.429097500000000000e+05
6.685236250000000000e+05
5.867480625000000000e+05
6.827231250000000000e+05
6.934831250000000000e+05
7.353838750000000000e+05
6.763030000000000000e+05
5.736365625000000000e+05
5.611974375000000000e+05
6.932592500000000000e+05
6.442241875000000000e+05
7.220833750000000000e+05
7.209251250000000000e+05
5.250746250000000000e+05
4.996547812500000000e+05
8.484967500000000000e+05
8.553628750000000000e+05
5.297368750000000000e+05
4.968814375000000000e+05
7.474741250000000000e+05
6.767310625000000000e+05
6.495939375000000000e+05
6.388029375000000000e+05
5.735385625000000000e+05
5.285868750000000000e+05
6.350144375000000000e+05
6.082470000000000000e+05
5.417721250000000000e+05
5.311341875000000000e+05
5.783855000000000000e+05
5.472409375000000000e+05
5.473469375000000000e+05
5.266522500000000000e+05
5.312419375000000000e+05
5.111794687500000000e+05
5.479656250000000000e+05
5.283677500000000000e+05
5.175650625000000000e+05
4.896931250000000000e+05
5.361927500000000000e+05
5.148423750000000000e+05
4.994176875000000000e+05
4.746614375000000000e+05
5.510606875000000000e+05
5.345676250000000000e+05
4.728477500000000000e+05
4.595441250000000000e+05
5.706486875000000000e+05
5.573281250000000000e+05
4.526929375000000000e+05
4.412158437500000000e+05
5.821511250000000000e+05
5.487228750000000000e+05
4.702006562500000000e+05
4.505975312500000000e+05
5.943590000000000000e+05
5.645245000000000000e+05
4.643323125000000000e+05
4.355511875000000000e+05
6.340064375000000000e+05
6.248193750000000000e+05
4.200211562500000000e+05
4.162025000000000000e+05
6.339525000000000000e+05
5.647536250000000000e+05
5.840919375000000000e+05
5.430017500000000000e+05
5.030433125000000000e+05
4.806138750000000000e+05
5.575686250000000000e+05
4.836702812500000000e+05
8.494071875000000000e+05
8.576878125000000000e+05
4.614157187500000000e+05
4.398335312500000000e+05
6.359552500000000000e+05
5.419689375000000000e+05
4.804966562500000000e+05
8.137361250000000000e+05
8.665345625000000000e+05
6.782809375000000000e+05
6.394033750000000000e+05
4.548112812500000000e+05
6.651223750000000000e+05
7.634826250000000000e+05
7.488800625000000000e+05
5.674938125000000000e+05
6.507997500000000000e+05
6.760513125000000000e+05
6.678141875000000000e+05
1.107762750000000000e+06
1.030573187500000000e+06
5.527921875000000000e+05
8.219546250000000000e+05
7.737642500000000000e+05
5.804861250000000000e+05
8.915846250000000000e+05
8.803815000000000000e+05
8.274696250000000000e+05
8.744673750000000000e+05
6.199323125000000000e+05
5.267073750000000000e+05
6.187877500000000000e+05
5.202401875000000000e+05
7.370316875000000000e+05
6.596571250000000000e+05
6.591381250000000000e+05
6.756246875000000000e+05
5.500307500000000000e+05
5.314478750000000000e+05
5.444486875000000000e+05
5.540457500000000000e+05
4.561668125000000000e+05
7.222513750000000000e+05
6.922677500000000000e+05
6.950838750000000000e+05
5.772186250000000000e+05
7.574323750000000000e+05
5.240459375000000000e+05
5.690963125000000000e+05
5.067577500000000000e+05
4.776504375000000000e+05
5.835036875000000000e+05
5.928841250000000000e+05
4.647940937500000000e+05
5.502278125000000000e+05
5.406007500000000000e+05
5.189138437500000000e+05
5.316449375000000000e+05
4.410227187500000000e+05
5.058673125000000000e+05
5.188885625000000000e+05
4.432346250000000000e+05
4.768046250000000000e+05
4.748372187500000000e+05
4.476948750000000000e+05
5.203070000000000000e+05
4.793638125000000000e+05
5.298981875000000000e+05
5.445913125000000000e+05
4.324621875000000000e+05
6.420478750000000000e+05
6.376773125000000000e+05
6.358544375000000000e+05
6.015911250000000000e+05
4.463244375000000000e+05
5.120800000000000000e+05
5.400521250000000000e+05
4.802128125000000000e+05
4.773612187500000000e+05
5.051950937500000000e+05
3.947689375000000000e+05
5.203518750000000000e+05
6.116301250000000000e+05
5.615144375000000000e+05
5.103954687500000000e+05
4.997286875000000000e+05
4.690141250000000000e+05
6.256190625000000000e+05
5.609796250000000000e+05
7.398872500000000000e+05
6.644185000000000000e+05
4.194981562500000000e+05
6.800478750000000000e+05
5.500261250000000000e+05
6.500505625000000000e+05
5.744475625000000000e+05
1.047389937500000000e+06
1.198122750000000000e+06
5.497295000000000000e+05
9.536230000000000000e+05
8.701608750000000000e+05
7.359671875000000000e+05
7.418036250000000000e+05
4.939500312500000000e+05
4.656463437500000000e+05
5.967551875000000000e+05
5.209269375000000000e+05
5.479711875000000000e+05
5.638495625000000000e+05
3.971026250000000000e+05
4.321507812500000000e+05
4.225179375000000000e+05
3.908633125000000000e+05
5.250836875000000000e+05
4.513141250000000000e+05
6.232286875000000000e+05
5.975441250000000000e+05
4.205976250000000000e+05
6.325032500000000000e+05
5.606133750000000000e+05
4.732421250000000000e+05
4.326123750000000000e+05
9.139541250000000000e+05
9.475452500000000000e+05
4.409834687500000000e+05
5.071146875000000000e+05
6.980577500000000000e+05
7.062118750000000000e+05
5.635069375000000000e+05
4.306107500000000000e+05
6.376092500000000000e+05
6.051013750000000000e+05
7.800347500000000000e+05
5.248424375000000000e+05
7.932218750000000000e+05
7.422286875000000000e+05
9.102780000000000000e+05
8.558598750000000000e+05
4.378052812500000000e+05
6.219238750000000000e+05
4.375157812500000000e+05
5.022503125000000000e+05
4.483821562500000000e+05
4.373415312500000000e+05
7.556887500000000000e+05
7.170861250000000000e+05
4.847446562500000000e+05
4.096844375000000000e+05
6.030280625000000000e+05
5.048816875000000000e+05
6.460569375000000000e+05
6.152510000000000000e+05
5.524152500000000000e+05
5.130557500000000000e+05
3.828843750000000000e+05
4.030762500000000000e+05
3.696376250000000000e+05
3.688977500000000000e+05
4.532862187500000000e+05
3.819130625000000000e+05
5.396720625000000000e+05
4.620356250000000000e+05
6.620758750000000000e+05
5.671743125000000000e+05
4.785480937500000000e+05
5.116061250000000000e+05
4.824644375000000000e+05
3.986186250000000000e+05
5.710768125000000000e+05
5.838514375000000000e+05
3.891276250000000000e+05
3.609218750000000000e+05
4.925780000000000000e+05
4.303033125000000000e+05
4.217730937500000000e+05
4.272233750000000000e+05
3.550405937500000000e+05
3.485519375000000000e+05
5.508026250000000000e+05
4.653430937500000000e+05
6.580911875000000000e+05
5.880027500000000000e+05
4.889129375000000000e+05
4.193796562500000000e+05
8.521277500000000000e+05
9.866678125000000000e+05
4.708373125000000000e+05
5.048061562500000000e+05
5.431658750000000000e+05
4.920110000000000000e+05
7.010492500000000000e+05
7.101132500000000000e+05
4.196873750000000000e+05
3.590694062500000000e+05
4.879058750000000000e+05
4.345318125000000000e+05
3.677564687500000000e+05
4.523947187500000000e+05
5.028817500000000000e+05
4.910184375000000000e+05
5.009568125000000000e+05
4.706705000000000000e+05
4.959892500000000000e+05
4.981509375000000000e+05
4.059406562500000000e+05
4.481856562500000000e+05
4.010249687500000000e+05
5.488413125000000000e+05
4.402417812500000000e+05
6.228823750000000000e+05
5.610461250000000000e+05
4.606147812500000000e+05
4.694320312500000000e+05
3.858581562500000000e+05
4.930255625000000000e+05
4.778522187500000000e+05
5.516762500000000000e+05
4.912203125000000000e+05
4.056827187500000000e+05
3.671451562500000000e+05
5.525047500000000000e+05
4.857277500000000000e+05
4.206088125000000000e+05
3.994447812500000000e+05
3.789918125000000000e+05
4.103421875000000000e+05
4.602589375000000000e+05
3.764106875000000000e+05
3.427983750000000000e+05
4.930809375000000000e+05
4.052609062500000000e+05
5.276741250000000000e+05
4.861746250000000000e+05
4.580507500000000000e+05
6.172051250000000000e+05
6.251036875000000000e+05
4.009203437500000000e+05
3.601760000000000000e+05
4.473112500000000000e+05
4.009888750000000000e+05
3.530404062500000000e+05
3.259645625000000000e+05
3.413429375000000000e+05
3.991256562500000000e+05
3.351485625000000000e+05
3.420803125000000000e+05
3.809740312500000000e+05
3.443512500000000000e+05
3.319195312500000000e+05
3.641633750000000000e+05
3.400608437500000000e+05
3.331712500000000000e+05
3.471156875000000000e+05
3.260164062500000000e+05
3.148835000000000000e+05
3.333373437500000000e+05
2.989353750000000000e+05
3.009141250000000000e+05
3.214709062500000000e+05
3.246410625000000000e+05
3.062022187500000000e+05
2.952961250000000000e+05
3.474024375000000000e+05
3.008674375000000000e+05
3.307280625000000000e+05
4.625725625000000000e+05
4.392733125000000000e+05
4.212703437500000000e+05
3.751940000000000000e+05
4.856299687500000000e+05
3.949301250000000000e+05
3.547528125000000000e+05
6.907776250000000000e+05
5.945818750000000000e+05
3.623272812500000000e+05
3.510081875000000000e+05
3.495307812500000000e+05
3.000628125000000000e+05
4.763650000000000000e+05
4.484339062500000000e+05
3.114107187500000000e+05
3.857547187500000000e+05
3.888636250000000000e+05
3.541013437500000000e+05
6.565256250000000000e+05
5.191591250000000000e+05
5.923173750000000000e+05
5.130664375000000000e+05
5.916858750000000000e+05
6.995578750000000000e+05
3.686741250000000000e+05
3.097193125000000000e+05
4.862065625000000000e+05
4.164501250000000000e+05
5.415841250000000000e+05
4.483979062500000000e+05
6.594149375000000000e+05
4.843996562500000000e+05
8.279038750000000000e+05
1.015514500000000000e+06
7.136751250000000000e+05
4.658455937500000000e+05
4.710160000000000000e+05
3.960680312500000000e+05
3.561669062500000000e+05
4.416970625000000000e+05
3.989579375000000000e+05
3.575587187500000000e+05
1.587857600000000000e+07
1.205828800000000000e+07
8.824971000000000000e+06
9.339759000000000000e+06
8.779382000000000000e+06
7.019139000000000000e+06
5.312988000000000000e+06
6.208273000000000000e+06
6.987412500000000000e+06
5.531993500000000000e+06
4.259340000000000000e+06
4.263492000000000000e+06
3.957848750000000000e+06
3.587333750000000000e+06
3.395872000000000000e+06
3.064223000000000000e+06
3.614459750000000000e+06
3.169386000000000000e+06
2.191914000000000000e+06
2.159349000000000000e+06
2.546638750000000000e+06
1.901444375000000000e+06
3.340112750000000000e+06
3.468972500000000000e+06
2.274020750000000000e+06
2.247542000000000000e+06
1.628923500000000000e+06
3.527163000000000000e+06
3.895450000000000000e+06
2.403333500000000000e+06
3.646331000000000000e+06
3.586799000000000000e+06
2.467186500000000000e+06
1.634795500000000000e+06
2.054294500000000000e+06
1.974567500000000000e+06
1.542181000000000000e+06
1.621673375000000000e+06
1.845471375000000000e+06
1.879898000000000000e+06
2.691712500000000000e+06
2.434575000000000000e+06
1.732163625000000000e+06
1.698074625000000000e+06
1.450674500000000000e+06
1.167725875000000000e+06
1.920866500000000000e+06
1.954605625000000000e+06
1.193727750000000000e+06
3.157893500000000000e+06
4.010057500000000000e+06
2.671367500000000000e+06
1.500899250000000000e+06
1.793155000000000000e+06
1.273411000000000000e+06
2.068801750000000000e+06
2.442517250000000000e+06
1.406339500000000000e+06
2.240421250000000000e+06
2.374601000000000000e+06
1.817106750000000000e+06
1.109306500000000000e+06
3.062566500000000000e+06
4.239683000000000000e+06
3.504268750000000000e+06
1.616541250000000000e+06
2.483616500000000000e+06
2.754264500000000000e+06
2.245893000000000000e+06
1.662583750000000000e+06
2.216569500000000000e+06
2.817842000000000000e+06
2.132434500000000000e+06
2.353941750000000000e+06
2.086098125000000000e+06
1.217096000000000000e+06
1.867563750000000000e+06
1.911618500000000000e+06
2.807976250000000000e+06
2.994220500000000000e+06
1.997181500000000000e+06
2.781677750000000000e+06
3.116417250000000000e+06
2.001097375000000000e+06
2.140175000000000000e+06
2.694903000000000000e+06
2.281901500000000000e+06
1.390681250000000000e+06
1.650282250000000000e+06
1.967052000000000000e+06
1.599482750000000000e+06
1.764634250000000000e+06
1.503796250000000000e+06
1.100396000000000000e+06
1.272891000000000000e+06
1.053961875000000000e+06
1.002767875000000000e+06
9.900226250000000000e+05
8.264601875000000000e+05
1.095435375000000000e+06
9.958296250000000000e+05
1.173520500000000000e+06
1.061629750000000000e+06
9.434483750000000000e+05
9.697570625000000000e+05
9.360005000000000000e+05
8.217885625000000000e+05
9.724606875000000000e+05
9.926676250000000000e+05
7.438145000000000000e+05
8.545935000000000000e+05
7.199807500000000000e+05
7.039423750000000000e+05
8.168993750000000000e+05
6.729652500000000000e+05
1.337378625000000000e+06
1.501821125000000000e+06
7.999171250000000000e+05
1.285172500000000000e+06
1.473170000000000000e+06
1.217493625000000000e+06
7.110171250000000000e+05
1.781093500000000000e+06
2.597411500000000000e+06
2.271593500000000000e+06
1.127022375000000000e+06
1.647570000000000000e+06
1.859854750000000000e+06
1.465461625000000000e+06
8.647526875000000000e+05
2.126240000000000000e+06
2.778625500000000000e+06
1.928363500000000000e+06
1.619014125000000000e+06
1.822358250000000000e+06
1.287255875000000000e+06
1.033708250000000000e+06
1.187455375000000000e+06
8.223007500000000000e+05
1.115581625000000000e+06
1.300652000000000000e+06
1.040375250000000000e+06
6.698054375000000000e+05
6.780415625000000000e+05
7.125231875000000000e+05
7.522428125000000000e+05
8.874241875000000000e+05
8.461445000000000000e+05
6.788325625000000000e+05
6.261055000000000000e+05
6.592994375000000000e+05
6.362646250000000000e+05
8.380678750000000000e+05
7.860206250000000000e+05
5.832603125000000000e+05
5.637016875000000000e+05
6.539891875000000000e+05
6.190660000000000000e+05
7.384485625000000000e+05
7.304976875000000000e+05
5.829475000000000000e+05
5.478731250000000000e+05
7.450380625000000000e+05
7.021176250000000000e+05
6.492897500000000000e+05
6.631140000000000000e+05
6.031848125000000000e+05
5.377415000000000000e+05
6.685150000000000000e+05
6.347106250000000000e+05
5.396493750000000000e+05
5.341923125000000000e+05
5.983153750000000000e+05
5.531101875000000000e+05
5.642494375000000000e+05
5.657020000000000000e+05
5.349623750000000000e+05
5.200077500000000000e+05
5.851074375000000000e+05
5.652003750000000000e+05
5.023475937500000000e+05
4.875137187500000000e+05
5.719898750000000000e+05
5.523685000000000000e+05
4.926036875000000000e+05
4.830698750000000000e+05
5.479613750000000000e+05
5.203447500000000000e+05
4.900912500000000000e+05
4.777805625000000000e+05
5.105815000000000000e+05
4.885228437500000000e+05
4.883630625000000000e+05
4.801139062500000000e+05
4.780945312500000000e+05
4.585513125000000000e+05
4.853570625000000000e+05
4.728726875000000000e+05
4.626814375000000000e+05
4.435103750000000000e+05
4.728648750000000000e+05
4.590108125000000000e+05
4.561576250000000000e+05
4.356377187500000000e+05
4.656436250000000000e+05
4.502867500000000000e+05
4.355236875000000000e+05
4.204954062500000000e+05
4.528786875000000000e+05
4.456398125000000000e+05
4.432787812500000000e+05
4.270729375000000000e+05
4.436390625000000000e+05
4.308565937500000000e+05
4.417091562500000000e+05
4.203409687500000000e+05
4.774306250000000000e+05
4.475798437500000000e+05
4.585180312500000000e+05
4.425826250000000000e+05
4.265118437500000000e+05
4.236628750000000000e+05
4.523364375000000000e+05
4.424871250000000000e+05
4.041231250000000000e+05
4.526214687500000000e+05
5.361418750000000000e+05
4.865891562500000000e+05
5.573101250000000000e+05
4.507532812500000000e+05
7.068611250000000000e+05
7.358831250000000000e+05
4.650050312500000000e+05
7.290783750000000000e+05
7.129519375000000000e+05
8.721568750000000000e+05
6.727021875000000000e+05
6.965460000000000000e+05
8.495224375000000000e+05
5.471198750000000000e+05
7.025980625000000000e+05
6.615883125000000000e+05
6.102535000000000000e+05
6.452893750000000000e+05
4.679112187500000000e+05
4.505645625000000000e+05
5.725779375000000000e+05
5.000864375000000000e+05
5.051166562500000000e+05
4.845223750000000000e+05
5.041753125000000000e+05
4.405610000000000000e+05
5.868602500000000000e+05
5.325106250000000000e+05
4.944788750000000000e+05
4.780225000000000000e+05
4.601184375000000000e+05
4.578817812500000000e+05
4.109423437500000000e+05
5.310771250000000000e+05
4.991306250000000000e+05
5.547758125000000000e+05
5.093482500000000000e+05
4.802380625000000000e+05
4.662574062500000000e+05
4.257575937500000000e+05
4.093584062500000000e+05
4.774395000000000000e+05
4.270333437500000000e+05
5.247474375000000000e+05
5.276090625000000000e+05
4.300236250000000000e+05
3.861725937500000000e+05
5.375530625000000000e+05
4.899902187500000000e+05
4.512117812500000000e+05
4.293418125000000000e+05
3.841851875000000000e+05
4.048693437500000000e+05
3.967319375000000000e+05
3.718683437500000000e+05
3.717586250000000000e+05
4.086473125000000000e+05
3.781398125000000000e+05
3.804912500000000000e+05
4.035588125000000000e+05
3.961250625000000000e+05
3.511799375000000000e+05
4.318020625000000000e+05
4.115166562500000000e+05
4.763830312500000000e+05
4.443246875000000000e+05
4.094241250000000000e+05
4.810483750000000000e+05
4.892922500000000000e+05
4.791244062500000000e+05
4.131428125000000000e+05
4.728385625000000000e+05
4.449013750000000000e+05
3.996306562500000000e+05
3.759788750000000000e+05
4.022578437500000000e+05
4.496158437500000000e+05
3.964286250000000000e+05
4.885308125000000000e+05
4.633068125000000000e+05
4.699948750000000000e+05
3.926605625000000000e+05
4.492917500000000000e+05
4.292159375000000000e+05
3.858472187500000000e+05
4.839690625000000000e+05
4.626835312500000000e+05
4.238216875000000000e+05
4.747128437500000000e+05
4.738560937500000000e+05
4.426374062500000000e+05
3.919567187500000000e+05
4.688874687500000000e+05
3.961515625000000000e+05
5.498748750000000000e+05
4.672053125000000000e+05
5.502589375000000000e+05
4.577024375000000000e+05
7.249968750000000000e+05
6.156730000000000000e+05
4.812146250000000000e+05
5.170123750000000000e+05
4.096308437500000000e+05
3.427678437500000000e+05
4.458925000000000000e+05
4.372196875000000000e+05
4.287142500000000000e+05
6.893145000000000000e+05
5.458576250000000000e+05
5.765803125000000000e+05
4.916676250000000000e+05
6.047225625000000000e+05
6.632235000000000000e+05
3.824555000000000000e+05
5.035948750000000000e+05
4.764096250000000000e+05
4.488667500000000000e+05
6.667462500000000000e+05
5.781462500000000000e+05
8.657406250000000000e+05
9.111964375000000000e+05
4.737555312500000000e+05
4.191188750000000000e+05
6.338246250000000000e+05
4.226907500000000000e+05
5.982166250000000000e+05
4.286149375000000000e+05
9.514143750000000000e+05
9.768846250000000000e+05
5.362874375000000000e+05
4.687242812500000000e+05
5.909736250000000000e+05
6.303899375000000000e+05
7.930035000000000000e+05
6.699451875000000000e+05
3.645070312500000000e+05
4.096039687500000000e+05
5.117381875000000000e+05
5.456070625000000000e+05
5.314936250000000000e+05
6.077352500000000000e+05
4.659875625000000000e+05
5.752487500000000000e+05
4.895054062500000000e+05
5.091953750000000000e+05
5.334618750000000000e+05
4.216430000000000000e+05
5.314948750000000000e+05
3.917538125000000000e+05
4.128857187500000000e+05
5.380162500000000000e+05
3.761920625000000000e+05
6.182710625000000000e+05
5.562113125000000000e+05
4.306538750000000000e+05
4.487587187500000000e+05
3.706067812500000000e+05
3.500264375000000000e+05
3.646550000000000000e+05
4.285678437500000000e+05
3.723002812500000000e+05
4.911306875000000000e+05
4.013506250000000000e+05
4.754108750000000000e+05
3.849820312500000000e+05
9.234413750000000000e+05
1.158574250000000000e+06
6.153186250000000000e+05
5.170395312500000000e+05
4.525627187500000000e+05
6.777581250000000000e+05
4.156933437500000000e+05
7.464336875000000000e+05
7.540421250000000000e+05
4.217370312500000000e+05
9.323857500000000000e+05
5.960997500000000000e+05
1.319525250000000000e+06
1.433288750000000000e+06
8.754878125000000000e+05
1.106555500000000000e+06
1.929715125000000000e+06
1.413760500000000000e+06
6.113036875000000000e+05
5.839970000000000000e+05
6.445921875000000000e+05
5.534524375000000000e+05
6.402499375000000000e+05
6.510555000000000000e+05
4.071855625000000000e+05
4.651291875000000000e+05
4.011398750000000000e+05
4.525168750000000000e+05
4.542492812500000000e+05
3.981671562500000000e+05
3.728379062500000000e+05
3.547400312500000000e+05
3.383717812500000000e+05
3.522196250000000000e+05
3.848623750000000000e+05
3.930451875000000000e+05
3.584615000000000000e+05
5.045281250000000000e+05
4.567882187500000000e+05
4.805170625000000000e+05
3.759951250000000000e+05
4.158088750000000000e+05
3.318738125000000000e+05
3.206151562500000000e+05
3.575943750000000000e+05
3.660181250000000000e+05
3.128619062500000000e+05
4.384198750000000000e+05
4.040670625000000000e+05
4.093850625000000000e+05
3.978737500000000000e+05
3.784962812500000000e+05
3.594713750000000000e+05
3.628357187500000000e+05
3.483619375000000000e+05
3.794726562500000000e+05
3.471856250000000000e+05
3.524030937500000000e+05
3.521488750000000000e+05
3.867367500000000000e+05
3.475991875000000000e+05
3.396809687500000000e+05
4.265301562500000000e+05
3.844353750000000000e+05
3.858874375000000000e+05
3.280173750000000000e+05
3.118009062500000000e+05
3.077457500000000000e+05
3.518961562500000000e+05
3.161252812500000000e+05
3.106175625000000000e+05
3.030457187500000000e+05
3.016315937500000000e+05
3.379007812500000000e+05
2.949566875000000000e+05
3.474468125000000000e+05
3.503127812500000000e+05
3.286193750000000000e+05
4.460630312500000000e+05
3.515467500000000000e+05
4.398182500000000000e+05
3.882067187500000000e+05
4.307933125000000000e+05
3.862761875000000000e+05
3.204284062500000000e+05
3.062112500000000000e+05
4.509719062500000000e+05
3.475395312500000000e+05
4.932608750000000000e+05
3.787710625000000000e+05
6.262412500000000000e+05
4.009384687500000000e+05
4.206508437500000000e+05
1.078058250000000000e+06
9.130133125000000000e+05
7.711213750000000000e+05
8.086866250000000000e+05
6.028610000000000000e+05
4.906027187500000000e+05
9.648842500000000000e+05
9.019347500000000000e+05
4.006938125000000000e+05
1.671017250000000000e+06
1.807549750000000000e+06
6.477245625000000000e+05
1.272315500000000000e+06
1.243844750000000000e+06
5.230842500000000000e+05
2.673328000000000000e+06
2.041343000000000000e+07
1.649326300000000000e+07
1.221486300000000000e+07
1.132184500000000000e+07
1.117882600000000000e+07
9.401518000000000000e+06
7.330530500000000000e+06
8.257496000000000000e+06
8.424630000000000000e+06
5.893025000000000000e+06
6.215945000000000000e+06
6.743299500000000000e+06
6.198146500000000000e+06
5.349373000000000000e+06
3.683279750000000000e+06
4.962633500000000000e+06
4.603082500000000000e+06
2.629450750000000000e+06
6.037051500000000000e+06
7.134979000000000000e+06
4.430387000000000000e+06
5.687427500000000000e+06
6.427519000000000000e+06
4.526505000000000000e+06
2.322045250000000000e+06
2.494099500000000000e+06
3.368745500000000000e+06
2.802422250000000000e+06
3.746903000000000000e+06
4.003131500000000000e+06
2.305801000000000000e+06
3.463331000000000000e+06
3.300426250000000000e+06
1.954544625000000000e+06
5.131485000000000000e+06
7.311268000000000000e+06
5.983714500000000000e+06
2.489245500000000000e+06
3.586222500000000000e+06
4.457409000000000000e+06
3.975230000000000000e+06
2.620158500000000000e+06
2.000303250000000000e+06
3.455906500000000000e+06
2.676372500000000000e+06
1.723302125000000000e+06
1.905895250000000000e+06
1.454678250000000000e+06
1.323726625000000000e+06
1.244064875000000000e+06
1.616464500000000000e+06
1.405669000000000000e+06
1.288027250000000000e+06
1.713002000000000000e+06
1.359517500000000000e+06
2.238382500000000000e+06
2.267070500000000000e+06
1.364464500000000000e+06
3.080562500000000000e+06
4.171746000000000000e+06
2.793927750000000000e+06
1.986570375000000000e+06
2.282298750000000000e+06
1.429294625000000000e+06
2.406313250000000000e+06
2.815658500000000000e+06
1.637485125000000000e+06
2.550464500000000000e+06
2.532525000000000000e+06
1.700261125000000000e+06
1.606062375000000000e+06
2.291236250000000000e+06
1.629318000000000000e+06
2.108287500000000000e+06
1.794457000000000000e+06
9.997182500000000000e+05
2.998679500000000000e+06
4.182362500000000000e+06
3.162252000000000000e+06
2.202185250000000000e+06
2.405188250000000000e+06
1.628771125000000000e+06
1.569560125000000000e+06
1.644290250000000000e+06
1.347855375000000000e+06
1.542431125000000000e+06
1.264094125000000000e+06
9.877164375000000000e+05
1.172897000000000000e+06
1.218912250000000000e+06
1.507318500000000000e+06
1.635594125000000000e+06
1.443009375000000000e+06
1.227003500000000000e+06
1.177406750000000000e+06
9.097639375000000000e+05
1.498599750000000000e+06
1.695292250000000000e+06
1.100818875000000000e+06
2.095072375000000000e+06
2.785650000000000000e+06
1.877324375000000000e+06
1.071341875000000000e+06
1.277986500000000000e+06
9.307700625000000000e+05
1.597747750000000000e+06
1.957647750000000000e+06
1.066280625000000000e+06
1.417511750000000000e+06
1.626082250000000000e+06
1.300923500000000000e+06
8.081693750000000000e+05
9.539206250000000000e+05
7.605311250000000000e+05
6.978299375000000000e+05
9.019450000000000000e+05
8.556485000000000000e+05
8.217684375000000000e+05
9.634173750000000000e+05
7.935899375000000000e+05
1.388974750000000000e+06
1.576479625000000000e+06
8.493930000000000000e+05
1.409561750000000000e+06
1.493839750000000000e+06
1.170216750000000000e+06
7.893481250000000000e+05
1.065653250000000000e+06
6.883246875000000000e+05
1.025432375000000000e+06
1.067129500000000000e+06
7.961730000000000000e+05
1.557985500000000000e+06
1.798379000000000000e+06
9.263081875000000000e+05
1.229707125000000000e+06
1.471454000000000000e+06
1.145200375000000000e+06
6.782969375000000000e+05
1.152722125000000000e+06
1.053427000000000000e+06
1.318146875000000000e+06
1.429060875000000000e+06
9.812742500000000000e+05
1.649128500000000000e+06
1.875076000000000000e+06
1.136071250000000000e+06
1.589461750000000000e+06
1.756794500000000000e+06
1.318264125000000000e+06
9.104477500000000000e+05
1.521707375000000000e+06
1.639507375000000000e+06
9.800281875000000000e+05
1.383128250000000000e+06
1.406232250000000000e+06
9.862887500000000000e+05
1.807622500000000000e+06
2.469858750000000000e+06
1.699708750000000000e+06
1.176680250000000000e+06
1.206109250000000000e+06
8.508693750000000000e+05
1.087047250000000000e+06
1.350341625000000000e+06
1.007973937500000000e+06
1.245942625000000000e+06
1.151551500000000000e+06
8.291680000000000000e+05
1.216861500000000000e+06
1.291661250000000000e+06
8.508513750000000000e+05
9.979043750000000000e+05
8.662225000000000000e+05
1.062208250000000000e+06
1.154011875000000000e+06
8.374716875000000000e+05
7.601342500000000000e+05
8.020421250000000000e+05
7.920758125000000000e+05
7.863388750000000000e+05
7.348523750000000000e+05
8.674860000000000000e+05
7.759607500000000000e+05
6.843221250000000000e+05
6.890065000000000000e+05
7.359184375000000000e+05
6.604451250000000000e+05
7.363939375000000000e+05
7.040541250000000000e+05
5.543538750000000000e+05
5.346961250000000000e+05
6.565581875000000000e+05
6.021452500000000000e+05
7.279799375000000000e+05
7.108158125000000000e+05
6.140435000000000000e+05
5.915744375000000000e+05
6.766493125000000000e+05
6.128358125000000000e+05
6.599068125000000000e+05
6.554632500000000000e+05
4.855806250000000000e+05
4.768908750000000000e+05
5.425206250000000000e+05
5.063657500000000000e+05
6.834595000000000000e+05
5.791496250000000000e+05
7.018171250000000000e+05
7.041962500000000000e+05
5.167418750000000000e+05
7.717983750000000000e+05
7.328068125000000000e+05
8.547689375000000000e+05
8.668042500000000000e+05
6.475393750000000000e+05
6.378128750000000000e+05
5.654074375000000000e+05
5.541893750000000000e+05
5.459423125000000000e+05
5.547120625000000000e+05
5.432075625000000000e+05
4.699203125000000000e+05
6.434291875000000000e+05
5.802250000000000000e+05
8.039369375000000000e+05
7.428103750000000000e+05
5.534125625000000000e+05
5.395955625000000000e+05
5.989258750000000000e+05
5.527302500000000000e+05
7.077496250000000000e+05
6.739219375000000000e+05
5.312235625000000000e+05
5.130763437500000000e+05
5.956335000000000000e+05
5.317213125000000000e+05
5.889380000000000000e+05
5.842524375000000000e+05
4.599304375000000000e+05
4.332612187500000000e+05
4.997622500000000000e+05
4.514098125000000000e+05
6.803093125000000000e+05
6.620396875000000000e+05
5.380188750000000000e+05
5.183241875000000000e+05
5.872473750000000000e+05
5.156212500000000000e+05
5.635171250000000000e+05
5.577665000000000000e+05
4.138616875000000000e+05
4.313785000000000000e+05
4.350808125000000000e+05
4.179846875000000000e+05
3.953261562500000000e+05
4.142687187500000000e+05
4.378983437500000000e+05
4.106946875000000000e+05
4.144353750000000000e+05
3.999377812500000000e+05
4.912834375000000000e+05
4.729835312500000000e+05
5.082128125000000000e+05
4.577027500000000000e+05
4.192026250000000000e+05
6.296783750000000000e+05
5.625108750000000000e+05
6.676988750000000000e+05
6.502861875000000000e+05
4.240791250000000000e+05
8.122726250000000000e+05
8.158905000000000000e+05
4.720170625000000000e+05
7.584988750000000000e+05
7.832132500000000000e+05
5.177790000000000000e+05
8.202812500000000000e+05
8.242071875000000000e+05
7.946598750000000000e+05
9.013670000000000000e+05
5.962790000000000000e+05
7.707810000000000000e+05
5.536885000000000000e+05
6.903956875000000000e+05
6.813311250000000000e+05
5.099496250000000000e+05
5.249705000000000000e+05
5.191537187500000000e+05
4.732559375000000000e+05
6.552073750000000000e+05
5.780528125000000000e+05
5.142705000000000000e+05
4.942763750000000000e+05
5.949485625000000000e+05
5.749581875000000000e+05
4.239030625000000000e+05
3.928675312500000000e+05
5.145249375000000000e+05
4.711740937500000000e+05
4.756304375000000000e+05
5.066376875000000000e+05
5.172600312500000000e+05
6.763810000000000000e+05
6.021406250000000000e+05
5.019653125000000000e+05
4.630566562500000000e+05
4.595051875000000000e+05
4.275636875000000000e+05
4.741832500000000000e+05
4.173927500000000000e+05
3.814130312500000000e+05
4.119475625000000000e+05
5.279283750000000000e+05
4.371463750000000000e+05
7.877115625000000000e+05
7.167438750000000000e+05
4.328745000000000000e+05
4.284613750000000000e+05
4.607831250000000000e+05
4.798225312500000000e+05
4.393220000000000000e+05
8.400252500000000000e+05
7.239560000000000000e+05
4.603056875000000000e+05
4.430569062500000000e+05
4.740489062500000000e+05
4.067271875000000000e+05
5.109240625000000000e+05
4.974923125000000000e+05
4.148962500000000000e+05
3.833525625000000000e+05
4.046546562500000000e+05
4.060740000000000000e+05
3.704143750000000000e+05
4.133795000000000000e+05
4.317352500000000000e+05
4.031295000000000000e+05
4.213500000000000000e+05
3.777155937500000000e+05
3.928877812500000000e+05
3.683918437500000000e+05
3.742478437500000000e+05
3.386090625000000000e+05
3.473430312500000000e+05
3.467860312500000000e+05
3.317255312500000000e+05
3.397166875000000000e+05
3.321054062500000000e+05
3.271317187500000000e+05
3.590141250000000000e+05
3.224336562500000000e+05
4.083177812500000000e+05
4.201903125000000000e+05
3.595445625000000000e+05
3.854885937500000000e+05
3.900769062500000000e+05
3.756621875000000000e+05
3.373282812500000000e+05
3.749773437500000000e+05
3.554035312500000000e+05
4.255526250000000000e+05
4.445401250000000000e+05
3.652093125000000000e+05
3.952452187500000000e+05
5.533525000000000000e+05
5.029553125000000000e+05
5.599102500000000000e+05
5.016131875000000000e+05
4.854991562500000000e+05
4.911891250000000000e+05
4.198926562500000000e+05
6.027823750000000000e+05
5.947225000000000000e+05
5.399450625000000000e+05
4.894634687500000000e+05
4.201441875000000000e+05
3.605055625000000000e+05
3.940102187500000000e+05
6.038193750000000000e+05
5.525745625000000000e+05
5.544668125000000000e+05
5.638076250000000000e+05
4.588203437500000000e+05
4.074498125000000000e+05
4.151076250000000000e+05
3.619292812500000000e+05
3.701158750000000000e+05
3.687466562500000000e+05
4.653778125000000000e+05
3.475243437500000000e+05
4.193861250000000000e+05
3.748840625000000000e+05
3.523705937500000000e+05
3.930271250000000000e+05
3.193272500000000000e+05
4.536426250000000000e+05
3.946593125000000000e+05
3.480494375000000000e+05
4.141105312500000000e+05
4.395172187500000000e+05
3.728071875000000000e+05
4.684069062500000000e+05
3.731292812500000000e+05
4.270699375000000000e+05
3.831040625000000000e+05
3.532094687500000000e+05
3.665895625000000000e+05
3.142335625000000000e+05
4.034906250000000000e+05
3.318724687500000000e+05
3.412598437500000000e+05
5.583588125000000000e+05
4.797455625000000000e+05
4.412282500000000000e+05
4.094775937500000000e+05
3.494177500000000000e+05
7.094680000000000000e+05
7.088267500000000000e+05
3.662444375000000000e+05
6.062031250000000000e+05
7.650458750000000000e+05
9.144746250000000000e+05
5.087344687500000000e+05
1.097340500000000000e+06
8.237361250000000000e+05
9.536694375000000000e+05
1.160283500000000000e+06
7.598786250000000000e+05
7.235330000000000000e+05
1.020504250000000000e+06
5.076199375000000000e+05
6.318265000000000000e+05
5.702563750000000000e+05
8.519011250000000000e+05
5.098170312500000000e+05
4.231920000000000000e+05
6.172570000000000000e+05
4.241130625000000000e+05
1.155846250000000000e+06
1.133410000000000000e+06
4.344408750000000000e+05
8.400747500000000000e+05
6.903341875000000000e+05
1.332792750000000000e+06
2.009261750000000000e+06
1.263592375000000000e+06
5.885926250000000000e+05
6.200410625000000000e+05
6.447952500000000000e+05
4.430703125000000000e+05
8.550388750000000000e+05
9.452745000000000000e+05
5.676436875000000000e+05
8.015226250000000000e+05
6.288290000000000000e+05
8.391326250000000000e+05
9.853503125000000000e+05
6.139003750000000000e+05
9.987496250000000000e+05
1.385796250000000000e+06
7.100755000000000000e+05
6.425122500000000000e+05
4.683742187500000000e+05
1.275476500000000000e+06
1.562842750000000000e+06
7.122795000000000000e+05
1.008961750000000000e+06
6.691200625000000000e+05
2.064834500000000000e+06
3.072840500000000000e+06
1.743155000000000000e+06
1.300449125000000000e+06
1.233991500000000000e+06
6.490874375000000000e+05
8.476155000000000000e+05
8.416375000000000000e+05
1.347334000000000000e+06
1.179675750000000000e+06
6.949571250000000000e+05
9.389236250000000000e+05
7.703956875000000000e+05
8.397577500000000000e+05
8.477843750000000000e+05
4.723685625000000000e+05
6.914951250000000000e+05
4.983153750000000000e+05
6.296383750000000000e+05
5.614186250000000000e+05
5.022868125000000000e+05
5.593259375000000000e+05
5.509366250000000000e+05
5.105500000000000000e+05
5.123191875000000000e+05
5.598530625000000000e+05
3.953417500000000000e+05
6.996915000000000000e+05
3.707450000000000000e+05
8.909590000000000000e+05
8.777698750000000000e+05
1.873537800000000000e+07
1.627006200000000000e+07
1.324738700000000000e+07
1.143089900000000000e+07
1.079873400000000000e+07
9.685857000000000000e+06
8.071289000000000000e+06
7.066245000000000000e+06
6.646721000000000000e+06
5.730452500000000000e+06
5.542458500000000000e+06
5.304958500000000000e+06
4.695606000000000000e+06
4.314128500000000000e+06
3.888999000000000000e+06
3.375128500000000000e+06
3.992525500000000000e+06
3.729943500000000000e+06
3.012767000000000000e+06
2.961594500000000000e+06
3.086374250000000000e+06
2.583158000000000000e+06
3.349808250000000000e+06
3.472497500000000000e+06
2.299062250000000000e+06
2.213941500000000000e+06
2.433432000000000000e+06
2.049193500000000000e+06
2.769770250000000000e+06
2.806208000000000000e+06
1.798150250000000000e+06
4.742471000000000000e+06
6.488896000000000000e+06
5.054673000000000000e+06
1.870479250000000000e+06
3.916264000000000000e+06
4.685219000000000000e+06
4.236117500000000000e+06
3.133981750000000000e+06
1.603445750000000000e+06
5.454827000000000000e+06
7.513842000000000000e+06
6.255448000000000000e+06
3.404589250000000000e+06
5.362764500000000000e+06
5.745769000000000000e+06
4.191213000000000000e+06
2.073008250000000000e+06
2.284561500000000000e+06
2.818974750000000000e+06
3.244467750000000000e+06
2.697584500000000000e+06
3.293483250000000000e+06
2.790371250000000000e+06
1.769379250000000000e+06
2.115589000000000000e+06
1.737170000000000000e+06
2.851394500000000000e+06
3.290834750000000000e+06
1.850159500000000000e+06
2.104212000000000000e+06
2.426939000000000000e+06
1.942084250000000000e+06
1.303939500000000000e+06
1.515013875000000000e+06
1.286096750000000000e+06
1.174463875000000000e+06
1.166790500000000000e+06
1.303614750000000000e+06
1.219717500000000000e+06
1.331832750000000000e+06
1.100914500000000000e+06
1.092754250000000000e+06
1.330577500000000000e+06
1.116651625000000000e+06
1.652478500000000000e+06
1.594039750000000000e+06
1.013257625000000000e+06
2.600846750000000000e+06
3.035654000000000000e+06
1.576670500000000000e+06
1.949467250000000000e+06
2.360947500000000000e+06
1.977280625000000000e+06
1.228810125000000000e+06
1.943010500000000000e+06
1.698247000000000000e+06
1.191064625000000000e+06
1.251444125000000000e+06
1.343019875000000000e+06
1.132568500000000000e+06
1.419580500000000000e+06
1.412491750000000000e+06
1.017210375000000000e+06
1.682390625000000000e+06
1.453551000000000000e+06
1.069534125000000000e+06
1.157895625000000000e+06
1.106869250000000000e+06
9.753149375000000000e+05
1.391102625000000000e+06
1.331502125000000000e+06
9.691306250000000000e+05
9.573328750000000000e+05
9.680105625000000000e+05
8.935400625000000000e+05
1.638389750000000000e+06
1.660558250000000000e+06
8.412395000000000000e+05
8.221136250000000000e+05
1.128341750000000000e+06
9.854107500000000000e+05
1.254148250000000000e+06
1.227499250000000000e+06
8.149483125000000000e+05
2.461736250000000000e+06
3.269061000000000000e+06
2.266826500000000000e+06
1.183924500000000000e+06
1.518056250000000000e+06
1.105804750000000000e+06
1.806926500000000000e+06
2.179386250000000000e+06
1.231012125000000000e+06
1.462726250000000000e+06
1.687081375000000000e+06
1.305816875000000000e+06
7.816376250000000000e+05
9.522926250000000000e+05
8.080925625000000000e+05
7.276505000000000000e+05
1.099820875000000000e+06
9.597479375000000000e+05
1.223104250000000000e+06
1.245072500000000000e+06
7.716951250000000000e+05
1.976393375000000000e+06
2.413416000000000000e+06
1.446850250000000000e+06
1.440847250000000000e+06
1.770524750000000000e+06
1.383452250000000000e+06
8.260916250000000000e+05
8.751906250000000000e+05
8.186886875000000000e+05
7.756786250000000000e+05
1.028613625000000000e+06
9.151762500000000000e+05
1.088431500000000000e+06
1.150984375000000000e+06
8.544066875000000000e+05
8.394128125000000000e+05
7.901650000000000000e+05
8.375629375000000000e+05
7.145705000000000000e+05
6.641245625000000000e+05
1.000768625000000000e+06
9.585228750000000000e+05
9.528555000000000000e+05
8.371536875000000000e+05
7.864098750000000000e+05
6.944353750000000000e+05
9.107010000000000000e+05
7.749411250000000000e+05
1.298133500000000000e+06
1.307937625000000000e+06
7.864088750000000000e+05
7.919183750000000000e+05
8.562883125000000000e+05
7.479135000000000000e+05
1.055447750000000000e+06
1.031785000000000000e+06
6.436205000000000000e+05
1.930411500000000000e+06
2.565778750000000000e+06
1.962700750000000000e+06
7.304588750000000000e+05
1.439854750000000000e+06
1.678213375000000000e+06
1.475057750000000000e+06
9.774835000000000000e+05
1.141335250000000000e+06
1.920023000000000000e+06
1.603097000000000000e+06
7.058171250000000000e+05
1.150223250000000000e+06
1.316734000000000000e+06
1.111581250000000000e+06
7.536380625000000000e+05
8.863745000000000000e+05
7.334741250000000000e+05
7.431756250000000000e+05
9.792396250000000000e+05
8.108668125000000000e+05
1.129187750000000000e+06
1.122057875000000000e+06
6.826268750000000000e+05
1.468122500000000000e+06
1.733194250000000000e+06
1.019702625000000000e+06
1.212310000000000000e+06
1.266067250000000000e+06
8.057668750000000000e+05
1.803522750000000000e+06
2.412656500000000000e+06
1.579105000000000000e+06
1.194119875000000000e+06
1.233741500000000000e+06
7.738751250000000000e+05
1.172150750000000000e+06
1.148396875000000000e+06
1.431852125000000000e+06
1.611232000000000000e+06
1.078082125000000000e+06
1.820540375000000000e+06
2.128677500000000000e+06
1.325399000000000000e+06
9.671158750000000000e+05
1.181501000000000000e+06
9.100372500000000000e+05
7.070247500000000000e+05
6.474097500000000000e+05
8.935126250000000000e+05
9.595832500000000000e+05
6.676135625000000000e+05
1.079457500000000000e+06
1.187068250000000000e+06
7.542259375000000000e+05
9.521131250000000000e+05
7.743261875000000000e+05
1.003231625000000000e+06
1.347849875000000000e+06
9.010242500000000000e+05
8.267806875000000000e+05
8.452235000000000000e+05
6.288543125000000000e+05
9.186803125000000000e+05
1.115910250000000000e+06
6.788103125000000000e+05
8.570372500000000000e+05
9.478255000000000000e+05
6.587641250000000000e+05
7.209296875000000000e+05
6.856072500000000000e+05
9.584772500000000000e+05
9.996126250000000000e+05
6.119274375000000000e+05
1.275864750000000000e+06
1.401683750000000000e+06
8.477633750000000000e+05
1.008519437500000000e+06
8.204260000000000000e+05
1.069954750000000000e+06
1.716443625000000000e+06
1.214261250000000000e+06
7.881532500000000000e+05
7.903520000000000000e+05
6.108185625000000000e+05
7.681197500000000000e+05
6.149065000000000000e+05
8.005487500000000000e+05
7.909508750000000000e+05
6.804960625000000000e+05
6.435519375000000000e+05
5.937329375000000000e+05
5.897306250000000000e+05
6.442868750000000000e+05
5.695136250000000000e+05
5.695930000000000000e+05
5.398655000000000000e+05
5.025190625000000000e+05
4.995080000000000000e+05
4.934967812500000000e+05
5.223616562500000000e+05
4.974490000000000000e+05
5.582907500000000000e+05
5.083738750000000000e+05
5.831595000000000000e+05
5.254488750000000000e+05
5.492207500000000000e+05
5.414264375000000000e+05
4.610680625000000000e+05
4.460276875000000000e+05
4.537397187500000000e+05
5.371491250000000000e+05
4.658131562500000000e+05
5.862945000000000000e+05
5.580223750000000000e+05
4.682663750000000000e+05
4.576596562500000000e+05
4.694649687500000000e+05
4.950250000000000000e+05
4.301350000000000000e+05
5.641502500000000000e+05
5.083518437500000000e+05
4.670633750000000000e+05
4.709331250000000000e+05
4.372900625000000000e+05
6.723815000000000000e+05
5.978927500000000000e+05
4.863976562500000000e+05
4.508995937500000000e+05
4.268657812500000000e+05
4.235616562500000000e+05
4.169193750000000000e+05
4.933793437500000000e+05
4.388185312500000000e+05
4.933671250000000000e+05
4.296015000000000000e+05
4.371645312500000000e+05
4.342307812500000000e+05
4.088043750000000000e+05
4.026718750000000000e+05
4.367403125000000000e+05
3.883372812500000000e+05
5.220549687500000000e+05
4.741370000000000000e+05
4.438671250000000000e+05
4.905965625000000000e+05
5.223005625000000000e+05
4.275937500000000000e+05
3.812869687500000000e+05
4.067930000000000000e+05
4.112620312500000000e+05
4.034696250000000000e+05
3.971536875000000000e+05
4.544763437500000000e+05
3.983887812500000000e+05
3.651307500000000000e+05
4.110857187500000000e+05
4.180918125000000000e+05
3.778591875000000000e+05
3.834711562500000000e+05
3.977177500000000000e+05
3.877309062500000000e+05
3.428005000000000000e+05
4.302189375000000000e+05
4.187637500000000000e+05
4.193409062500000000e+05
4.535276875000000000e+05
3.957086250000000000e+05
4.394399375000000000e+05
4.405801562500000000e+05
4.014680312500000000e+05
4.554560312500000000e+05
4.099013750000000000e+05
3.908629062500000000e+05
4.529416562500000000e+05
4.058148750000000000e+05
4.298369687500000000e+05
4.711890000000000000e+05
4.523388125000000000e+05
4.790009375000000000e+05
3.746114375000000000e+05
4.307436250000000000e+05
5.396134375000000000e+05
5.553459375000000000e+05
4.239949062500000000e+05
3.936447500000000000e+05
4.509038750000000000e+05
3.910494687500000000e+05
3.597348750000000000e+05
3.509796562500000000e+05
4.044919062500000000e+05
4.343050312500000000e+05
4.626291875000000000e+05
4.078358125000000000e+05
5.314809375000000000e+05
3.834762500000000000e+05
1.023099000000000000e+06
9.245928750000000000e+05
4.870598125000000000e+05
4.390943125000000000e+05
5.396128750000000000e+05
5.363738125000000000e+05
4.771509687500000000e+05
3.795142500000000000e+05
6.097537500000000000e+05
5.307867500000000000e+05
6.927236875000000000e+05
5.606566250000000000e+05
5.964664375000000000e+05
5.991588125000000000e+05
5.376687500000000000e+05
5.052476250000000000e+05
3.734110937500000000e+05
3.537759687500000000e+05
3.725045625000000000e+05
3.980614687500000000e+05
3.630136875000000000e+05
3.659192187500000000e+05
4.135992500000000000e+05
3.974146562500000000e+05
3.861696250000000000e+05
3.413986562500000000e+05
3.243793750000000000e+05
3.738657187500000000e+05
4.183655312500000000e+05
3.758795000000000000e+05
5.321481875000000000e+05
3.795979375000000000e+05
6.166920000000000000e+05
4.762917812500000000e+05
6.068801250000000000e+05
4.111779375000000000e+05
1.346998500000000000e+06
2.065117500000000000e+06
1.531360250000000000e+06
4.505009062500000000e+05
5.654526250000000000e+05
9.416032500000000000e+05
1.769618750000000000e+06
1.356159250000000000e+06
5.310666875000000000e+05
5.475761250000000000e+05
5.106893125000000000e+05
3.658875000000000000e+05
7.071372500000000000e+05
6.865207500000000000e+05
3.749872812500000000e+05
4.847698750000000000e+05
8.241200000000000000e+05
1.060199625000000000e+06
7.848398125000000000e+05
5.675728750000000000e+05
4.691601250000000000e+05
7.431745000000000000e+05
7.729445000000000000e+05
4.677700312500000000e+05
6.844674375000000000e+05
6.254419375000000000e+05
7.585910000000000000e+05
7.672160000000000000e+05
3.868098125000000000e+05
1.690404000000000000e+06
2.054029500000000000e+06
1.013423375000000000e+06
8.982989375000000000e+05
8.501695625000000000e+05
5.150471875000000000e+05
8.318936250000000000e+05
4.943908125000000000e+05
7.393270000000000000e+05
5.799496250000000000e+05
1.416844875000000000e+06
1.884437750000000000e+06
9.171198750000000000e+05
5.668707500000000000e+05
4.787523125000000000e+05
5.473298750000000000e+05
4.716169062500000000e+05
4.071922500000000000e+05
4.298150937500000000e+05
4.820580312500000000e+05
3.862422500000000000e+05
3.475047812500000000e+05
6.343543750000000000e+05
4.496128750000000000e+05
5.911843750000000000e+05
4.673860312500000000e+05
1.099259000000000000e+06
1.401011000000000000e+06
7.359543750000000000e+05
5.262878125000000000e+05
5.102573750000000000e+05
6.996705000000000000e+05
6.526044375000000000e+05
5.797905625000000000e+05
6.760815000000000000e+05
4.135858125000000000e+05
8.881428750000000000e+05
6.836721250000000000e+05
7.987862500000000000e+05
7.308278125000000000e+05
4.726746875000000000e+05
6.615126875000000000e+05
3.780496875000000000e+05
5.063830000000000000e+05
4.119460937500000000e+05
4.851204375000000000e+05
4.422995312500000000e+05
4.481179062500000000e+05
4.137742500000000000e+05
3.533860937500000000e+05
4.287630937500000000e+05
3.494265000000000000e+05
4.063494375000000000e+05
3.805235000000000000e+05
3.643887500000000000e+05
4.881250937500000000e+05
4.190312500000000000e+05
4.558251875000000000e+05
3.685342187500000000e+05
5.067869375000000000e+05
3.832655000000000000e+05
5.024205000000000000e+05
5.231782500000000000e+05
4.072830625000000000e+05
3.421792187500000000e+05
5.783622500000000000e+05
2.080467400000000000e+07
1.841438800000000000e+07
1.491079700000000000e+07
1.242870200000000000e+07
1.162930000000000000e+07
1.036371200000000000e+07
8.510042000000000000e+06
7.440465000000000000e+06
7.188275500000000000e+06
6.065699000000000000e+06
5.377224500000000000e+06
5.225806000000000000e+06
4.537810000000000000e+06
4.742445000000000000e+06
4.254363000000000000e+06
4.237344500000000000e+06
4.026805000000000000e+06
3.701946500000000000e+06
3.711069250000000000e+06
3.048615500000000000e+06
2.950490000000000000e+06
3.002829500000000000e+06
2.604398500000000000e+06
4.247470500000000000e+06
4.337412500000000000e+06
3.099192750000000000e+06
3.186080000000000000e+06
3.516864500000000000e+06
3.121731000000000000e+06
2.818249250000000000e+06
2.524569500000000000e+06
2.507469250000000000e+06
2.921251500000000000e+06
2.579826750000000000e+06
2.549599500000000000e+06
2.497114250000000000e+06
1.928488000000000000e+06
1.866734750000000000e+06
2.313235000000000000e+06
2.056221875000000000e+06
2.293582000000000000e+06
2.430713500000000000e+06
1.707004375000000000e+06
1.533541000000000000e+06
2.617564500000000000e+06
2.399309500000000000e+06
1.998950500000000000e+06
1.754226000000000000e+06
1.781381375000000000e+06
1.805302250000000000e+06
1.904338500000000000e+06
1.592960625000000000e+06
2.009804250000000000e+06
2.059172875000000000e+06
2.118993750000000000e+06
1.617729625000000000e+06
1.683411625000000000e+06
2.017967500000000000e+06
1.474963000000000000e+06
1.812032000000000000e+06
2.512385250000000000e+06
3.191164750000000000e+06
2.980790250000000000e+06
2.020044500000000000e+06
1.527627500000000000e+06
1.718302250000000000e+06
2.273658000000000000e+06
1.898344500000000000e+06
1.952483375000000000e+06
1.700080000000000000e+06
1.934315250000000000e+06
2.379176000000000000e+06
1.983952000000000000e+06
1.671495500000000000e+06
1.716123250000000000e+06
1.482453500000000000e+06
1.272013125000000000e+06
1.751313000000000000e+06
1.659379250000000000e+06
1.160141375000000000e+06
1.081307250000000000e+06
1.492778625000000000e+06
1.425450875000000000e+06
1.068278125000000000e+06
1.037642875000000000e+06
1.404560375000000000e+06
1.299335500000000000e+06
1.035786125000000000e+06
9.729908750000000000e+05
1.241728750000000000e+06
1.171707125000000000e+06
9.438210625000000000e+05
8.973751250000000000e+05
1.163490750000000000e+06
1.100738250000000000e+06
8.653028750000000000e+05
8.293460625000000000e+05
1.090341500000000000e+06
1.040363937500000000e+06
8.220188750000000000e+05
7.840496250000000000e+05
1.050778625000000000e+06
1.006511187500000000e+06
7.575156875000000000e+05
7.279312500000000000e+05
9.884003125000000000e+05
9.509288750000000000e+05
7.164876250000000000e+05
6.872150000000000000e+05
9.518981250000000000e+05
9.156920000000000000e+05
6.773675000000000000e+05
6.453425000000000000e+05
9.067803125000000000e+05
8.732410000000000000e+05
6.259207500000000000e+05
6.103221875000000000e+05
8.575222500000000000e+05
8.303590625000000000e+05
6.081758125000000000e+05
5.848618750000000000e+05
8.290520000000000000e+05
8.017301250000000000e+05
5.745786250000000000e+05
5.524843125000000000e+05
7.884073125000000000e+05
7.689930625000000000e+05
5.736368125000000000e+05
5.477110000000000000e+05
7.743568750000000000e+05
7.521218125000000000e+05
5.261921250000000000e+05
5.133348750000000000e+05
7.298726875000000000e+05
6.987157500000000000e+05
6.062296875000000000e+05
5.859057500000000000e+05
7.624417500000000000e+05
7.190829375000000000e+05
5.503225000000000000e+05
5.348026250000000000e+05
7.074270000000000000e+05
6.997214375000000000e+05
7.118973125000000000e+05
6.924416875000000000e+05
6.936603750000000000e+05
6.546270000000000000e+05
6.627830000000000000e+05
6.169680625000000000e+05
7.647481875000000000e+05
7.035143125000000000e+05
5.495503125000000000e+05
5.310123750000000000e+05
6.476097500000000000e+05
6.036418750000000000e+05
8.888533750000000000e+05
9.273851250000000000e+05
5.672535625000000000e+05
5.242701875000000000e+05
1.014799000000000000e+06
9.449943750000000000e+05
6.774932500000000000e+05
5.939954375000000000e+05
7.584503125000000000e+05
7.466558750000000000e+05
5.747363750000000000e+05
6.142476250000000000e+05
9.629128750000000000e+05
6.957922500000000000e+05
1.303060500000000000e+06
9.704990000000000000e+05
2.234768500000000000e+06
2.233111250000000000e+06
9.430590000000000000e+05
1.121268250000000000e+06
1.442337500000000000e+06
1.777837250000000000e+06
1.395343250000000000e+06
1.405770750000000000e+06
1.351942000000000000e+06
9.726855000000000000e+05
7.128342500000000000e+05
1.234578250000000000e+06
1.688054000000000000e+06
1.335179375000000000e+06
6.980542500000000000e+05
1.363256250000000000e+06
1.386335625000000000e+06
1.427821875000000000e+06
1.215734875000000000e+06
1.275687750000000000e+06
8.597460000000000000e+05
8.280916250000000000e+05
1.092845625000000000e+06
1.158232500000000000e+06
8.298685000000000000e+05
1.024269500000000000e+06
1.146926500000000000e+06
7.909308750000000000e+05
1.082976000000000000e+06
1.199436750000000000e+06
9.430921250000000000e+05
7.622246875000000000e+05
8.067968750000000000e+05
1.201856000000000000e+06
1.181557250000000000e+06
7.563720625000000000e+05
6.343723750000000000e+05
1.020897625000000000e+06
9.860935625000000000e+05
5.736900625000000000e+05
1.335854500000000000e+06
1.410240750000000000e+06
1.056539000000000000e+06
9.454217500000000000e+05
1.118217125000000000e+06
8.314847500000000000e+05
8.899276250000000000e+05
9.947607500000000000e+05
6.761843125000000000e+05
9.623748750000000000e+05
1.084032750000000000e+06
7.913011250000000000e+05
7.100190625000000000e+05
5.850145000000000000e+05
6.454772500000000000e+05
6.139148125000000000e+05
5.299122500000000000e+05
5.487773750000000000e+05
6.795288750000000000e+05
6.286555625000000000e+05
7.821833750000000000e+05
5.909588750000000000e+05
9.044328750000000000e+05
8.597065625000000000e+05
5.287744375000000000e+05
1.129093000000000000e+06
1.156519750000000000e+06
8.538779375000000000e+05
8.003520000000000000e+05
8.288070625000000000e+05
6.269378750000000000e+05
8.860903750000000000e+05
9.133665000000000000e+05
5.397288125000000000e+05
1.127241625000000000e+06
9.445127500000000000e+05
1.415355750000000000e+06
1.640027000000000000e+06
9.387208750000000000e+05
1.139505625000000000e+06
1.044277687500000000e+06
1.024362812500000000e+06
1.120308500000000000e+06
6.791450000000000000e+05
8.680562500000000000e+05
9.493432500000000000e+05
9.886378750000000000e+05
6.392239375000000000e+05
5.329166875000000000e+05
5.133368125000000000e+05
7.035576250000000000e+05
6.131886250000000000e+05
5.565843750000000000e+05
5.843266875000000000e+05
5.766131250000000000e+05
4.851246250000000000e+05
5.822522500000000000e+05
5.280926875000000000e+05
8.080605000000000000e+05
6.675516250000000000e+05
5.532677500000000000e+05
5.616005000000000000e+05
4.745794687500000000e+05
4.563321250000000000e+05
5.128433125000000000e+05
4.374027500000000000e+05
6.258475000000000000e+05
6.373117500000000000e+05
4.976544375000000000e+05
4.225953750000000000e+05
4.747823750000000000e+05
5.299101250000000000e+05
4.595476562500000000e+05
4.012367187500000000e+05
4.194257500000000000e+05
4.323615312500000000e+05
4.255932500000000000e+05
4.353868437500000000e+05
4.053062812500000000e+05
3.660404375000000000e+05
4.642638125000000000e+05
4.227731875000000000e+05
4.420885937500000000e+05
3.805767500000000000e+05
3.845010625000000000e+05
4.085806250000000000e+05
3.785685000000000000e+05
4.687710000000000000e+05
4.379645000000000000e+05
4.266120937500000000e+05
4.416853437500000000e+05
4.056512187500000000e+05
5.817092500000000000e+05
5.050940312500000000e+05
5.275484375000000000e+05
4.664120000000000000e+05
6.493006875000000000e+05
5.710246875000000000e+05
4.666838437500000000e+05
4.494397500000000000e+05
4.150999375000000000e+05
4.448909062500000000e+05
5.602543750000000000e+05
5.266155000000000000e+05
5.429575000000000000e+05
4.457561875000000000e+05
5.290406875000000000e+05
4.164152187500000000e+05
8.163218750000000000e+05
7.910748750000000000e+05
6.678837500000000000e+05
6.232070625000000000e+05
3.938082187500000000e+05
3.934668437500000000e+05
3.839750625000000000e+05
4.921319687500000000e+05
3.828192500000000000e+05
3.578160000000000000e+05
4.653735625000000000e+05
4.645498437500000000e+05
4.189630625000000000e+05
4.309943437500000000e+05
4.599625000000000000e+05
4.315939687500000000e+05
4.314138125000000000e+05
4.021082187500000000e+05
3.747194375000000000e+05
3.784760000000000000e+05
4.377125625000000000e+05
4.029937812500000000e+05
4.897631875000000000e+05
4.033845312500000000e+05
3.578099687500000000e+05
3.767501875000000000e+05
4.682648750000000000e+05
4.226147500000000000e+05
4.480624687500000000e+05
3.775004062500000000e+05
3.835098125000000000e+05
4.251316875000000000e+05
3.825608437500000000e+05
3.763498750000000000e+05
4.034762500000000000e+05
3.854936875000000000e+05
3.536913125000000000e+05
3.871426875000000000e+05
4.104264687500000000e+05
3.563613750000000000e+05
4.762008750000000000e+05
4.772158125000000000e+05
4.213710625000000000e+05
4.781144687500000000e+05
3.929867500000000000e+05
3.858256875000000000e+05
4.099733125000000000e+05
3.706058750000000000e+05
4.794064375000000000e+05
3.578564375000000000e+05
8.204236875000000000e+05
7.035110625000000000e+05
7.546811250000000000e+05
7.723971250000000000e+05
3.983059375000000000e+05
5.955506250000000000e+05
9.039010000000000000e+05
1.158276500000000000e+06
6.541183125000000000e+05
1.365245000000000000e+06
1.244385000000000000e+06
3.893232812500000000e+05
6.030167500000000000e+05
6.644500000000000000e+05
9.582010000000000000e+05
6.543452500000000000e+05
5.534727500000000000e+05
1.265736375000000000e+06
6.277945000000000000e+05
1.147033375000000000e+06
8.462288125000000000e+05
5.719486250000000000e+05
5.401660000000000000e+05
6.303288750000000000e+05
6.208011250000000000e+05
4.258468125000000000e+05
4.981957500000000000e+05
4.745354062500000000e+05
5.754831875000000000e+05
3.882156875000000000e+05
3.694315000000000000e+05
4.816390625000000000e+05
3.868395937500000000e+05
6.906508125000000000e+05
4.509733750000000000e+05
7.993816250000000000e+05
8.071851875000000000e+05
4.368358437500000000e+05
9.997096875000000000e+05
6.638756250000000000e+05
1.468580750000000000e+06
1.731218250000000000e+06
1.282518250000000000e+06
6.025634375000000000e+05
1.187687375000000000e+06
7.815441875000000000e+05
1.524626000000000000e+06
1.776201125000000000e+06
1.279788000000000000e+06
4.981495937500000000e+05
8.604390625000000000e+05
3.111483000000000000e+06
4.221957000000000000e+06
3.146128500000000000e+06
1.148596250000000000e+06
3.340792500000000000e+06
3.118698000000000000e+06
8.787310625000000000e+05
1.836846000000000000e+06
1.697018250000000000e+06
1.042981125000000000e+06
9.949067500000000000e+05
1.342257000000000000e+06
1.947833500000000000e+06
1.477293875000000000e+06
5.559065000000000000e+06
6.062527000000000000e+06
2.247725250000000000e+06
3.564015500000000000e+06
4.103089500000000000e+06
2.871291000000000000e+06
1.514664375000000000e+06
8.964250625000000000e+05
2.525783000000000000e+06
1.407256625000000000e+06
3.528692000000000000e+06
3.633074500000000000e+06
2.193051500000000000e+06
1.417576500000000000e+06
1.174900500000000000e+06
1.405309875000000000e+06
1.674336250000000000e+06
1.068688625000000000e+06
9.468846250000000000e+05
7.270603750000000000e+05
1.045335875000000000e+06
1.056887500000000000e+06
6.855980625000000000e+05
1.071074250000000000e+06
8.815546250000000000e+05
1.600041250000000000e+06
1.525688125000000000e+06
8.703033750000000000e+05
6.611387500000000000e+05
7.669902500000000000e+05
7.694567500000000000e+05
7.159151250000000000e+05
6.031861250000000000e+05
6.977341250000000000e+05
5.992611875000000000e+05
5.086970625000000000e+05
5.618306250000000000e+05
5.155044375000000000e+05
5.305647500000000000e+05
5.466896875000000000e+05
5.375488750000000000e+05
5.888397500000000000e+05
5.008866250000000000e+05
4.844878125000000000e+05
4.360029375000000000e+05
4.768448125000000000e+05
4.553377812500000000e+05
4.208014687500000000e+05
4.074280000000000000e+05
4.467723437500000000e+05
3.894543750000000000e+05
3.821288125000000000e+05
5.706163750000000000e+05
4.574701875000000000e+05
7.672262500000000000e+05
6.611172500000000000e+05
5.005416875000000000e+05
4.749097500000000000e+05
4.148011875000000000e+05
3.820706875000000000e+05
4.228179375000000000e+05
4.403762812500000000e+05
4.134961250000000000e+05
3.583010000000000000e+05
5.182936250000000000e+05
4.162682500000000000e+05
2.368955400000000000e+07
2.303654200000000000e+07
2.075106600000000000e+07
1.799775000000000000e+07
1.495346200000000000e+07
1.296298200000000000e+07
1.158653700000000000e+07
1.007040200000000000e+07
8.223643500000000000e+06
6.954618500000000000e+06
6.069105500000000000e+06
5.575746000000000000e+06
5.198835000000000000e+06
4.812859000000000000e+06
4.409345500000000000e+06
4.569047000000000000e+06
3.617477000000000000e+06
4.910749000000000000e+06
4.870248000000000000e+06
3.109756500000000000e+06
5.932857500000000000e+06
7.956755000000000000e+06
5.672423000000000000e+06
2.960094250000000000e+06
3.423814000000000000e+06
2.421574000000000000e+06
4.989162000000000000e+06
5.888402000000000000e+06
3.289490500000000000e+06
3.599647500000000000e+06
4.133025500000000000e+06
3.213919500000000000e+06
2.119719250000000000e+06
2.666523500000000000e+06
1.927810750000000000e+06
1.760391625000000000e+06
2.740359500000000000e+06
2.404274750000000000e+06
2.527678250000000000e+06
2.556347750000000000e+06
1.961105625000000000e+06
1.693929625000000000e+06
2.634765000000000000e+06
2.511206500000000000e+06
1.953998750000000000e+06
1.962273750000000000e+06
2.055316875000000000e+06
1.698332375000000000e+06
2.377009500000000000e+06
2.529357500000000000e+06
1.662971625000000000e+06
1.595483000000000000e+06
2.328076000000000000e+06
1.904709750000000000e+06
1.789748500000000000e+06
1.821915500000000000e+06
1.425089875000000000e+06
1.266105125000000000e+06
1.888789250000000000e+06
1.790047750000000000e+06
1.172955750000000000e+06
1.137311750000000000e+06
1.572274000000000000e+06
1.384289750000000000e+06
1.619736625000000000e+06
1.743462125000000000e+06
1.308336500000000000e+06
1.207201750000000000e+06
2.120966000000000000e+06
2.033916625000000000e+06
1.147092000000000000e+06
1.096006375000000000e+06
2.116866750000000000e+06
2.018344500000000000e+06
1.174314750000000000e+06
1.116213125000000000e+06
2.074477000000000000e+06
1.940922500000000000e+06
1.172294250000000000e+06
1.128248375000000000e+06
1.902623750000000000e+06
1.777442500000000000e+06
1.203201250000000000e+06
1.138395875000000000e+06
1.659946000000000000e+06
1.512586500000000000e+06
1.224094250000000000e+06
1.175788375000000000e+06
1.403156250000000000e+06
1.286738500000000000e+06
1.219154375000000000e+06
1.156473875000000000e+06
1.228378750000000000e+06
1.135909125000000000e+06
1.209276750000000000e+06
1.149081250000000000e+06
1.078430250000000000e+06
1.006118437500000000e+06
1.169061250000000000e+06
1.121295250000000000e+06
9.724947500000000000e+05
9.117802500000000000e+05
1.131510750000000000e+06
1.078346000000000000e+06
9.001083125000000000e+05
8.458273125000000000e+05
1.080705750000000000e+06
1.035603687500000000e+06
8.218050625000000000e+05
7.804458750000000000e+05
1.033424125000000000e+06
9.967823750000000000e+05
7.789115625000000000e+05
7.441838750000000000e+05
9.971945625000000000e+05
9.584871250000000000e+05
7.409329375000000000e+05
7.004867500000000000e+05
9.562989375000000000e+05
9.257790000000000000e+05
6.894840000000000000e+05
6.624756250000000000e+05
9.200040000000000000e+05
8.792123750000000000e+05
6.743983125000000000e+05
6.306112500000000000e+05
8.911603750000000000e+05
8.580632500000000000e+05
6.298286875000000000e+05
6.038540000000000000e+05
8.455580000000000000e+05
8.114364375000000000e+05
6.822929375000000000e+05
6.447084375000000000e+05
8.435983750000000000e+05
8.132265000000000000e+05
6.618413125000000000e+05
6.252023125000000000e+05
8.156716250000000000e+05
7.809232500000000000e+05
6.779895000000000000e+05
6.507817500000000000e+05
7.922852500000000000e+05
7.613160625000000000e+05
6.936330625000000000e+05
6.548861875000000000e+05
7.997568750000000000e+05
7.640973125000000000e+05
6.506097500000000000e+05
6.185150625000000000e+05
7.747932500000000000e+05
7.403582500000000000e+05
6.460267500000000000e+05
6.078331875000000000e+05
7.789248125000000000e+05
7.481900625000000000e+05
5.897546875000000000e+05
5.569790000000000000e+05
7.302681250000000000e+05
6.996527500000000000e+05
7.054601250000000000e+05
6.834906250000000000e+05
7.256345625000000000e+05
6.937865000000000000e+05
7.112258750000000000e+05
6.718947500000000000e+05
7.317425625000000000e+05
6.966617500000000000e+05
6.901051875000000000e+05
6.483805625000000000e+05
7.369241875000000000e+05
7.045618750000000000e+05
5.934096250000000000e+05
5.716890625000000000e+05
7.135824375000000000e+05
6.743328750000000000e+05
6.717543125000000000e+05
6.668345625000000000e+05
7.244694375000000000e+05
6.775781250000000000e+05
6.289466250000000000e+05
6.101965625000000000e+05
7.262208750000000000e+05
6.669213750000000000e+05
5.950766875000000000e+05
6.020280000000000000e+05
7.264247500000000000e+05
6.747198125000000000e+05
5.478252500000000000e+05
5.525160000000000000e+05
6.510601875000000000e+05
5.974556875000000000e+05
8.940747500000000000e+05
9.970800625000000000e+05
6.704411875000000000e+05
5.991161875000000000e+05
1.026625312500000000e+06
8.871549375000000000e+05
8.899490000000000000e+05
9.195337500000000000e+05
5.953315000000000000e+05
4.964220625000000000e+05
8.469120000000000000e+05
8.650375625000000000e+05
7.483666875000000000e+05
6.667776875000000000e+05
8.481866250000000000e+05
7.929043750000000000e+05
5.771768125000000000e+05
5.623558125000000000e+05
7.443456875000000000e+05
6.597983750000000000e+05
6.691645000000000000e+05
6.943117500000000000e+05
6.895566250000000000e+05
6.286717500000000000e+05
7.060416875000000000e+05
6.569925000000000000e+05
7.326018125000000000e+05
7.126688750000000000e+05
5.356573125000000000e+05
4.817354062500000000e+05
6.756143750000000000e+05
6.425590625000000000e+05
8.833535000000000000e+05
9.369178750000000000e+05
6.145238125000000000e+05
5.324879375000000000e+05
1.035546812500000000e+06
1.030718250000000000e+06
6.378838125000000000e+05
6.056643750000000000e+05
7.442801250000000000e+05
6.299733750000000000e+05
7.933083125000000000e+05
7.606420000000000000e+05
5.229322187500000000e+05
6.012270000000000000e+05
6.381772500000000000e+05
5.819677500000000000e+05
7.997373125000000000e+05
7.187998750000000000e+05
8.928826250000000000e+05
8.838220625000000000e+05
6.254963125000000000e+05
6.088910000000000000e+05
6.918631875000000000e+05
7.119300000000000000e+05
6.279250000000000000e+05
5.862680625000000000e+05
5.987983125000000000e+05
6.201324375000000000e+05
6.112539375000000000e+05
5.536156250000000000e+05
6.133148750000000000e+05
5.802031875000000000e+05
5.388700625000000000e+05
6.167316250000000000e+05
5.051480937500000000e+05
8.717472500000000000e+05
9.332155000000000000e+05
9.105490000000000000e+05
6.937715000000000000e+05
8.616596875000000000e+05
9.760617500000000000e+05
7.955546250000000000e+05
6.854676250000000000e+05
5.783656250000000000e+05
5.704808750000000000e+05
7.611019375000000000e+05
6.695595000000000000e+05
6.589271250000000000e+05
6.812833750000000000e+05
6.315298750000000000e+05
5.860792500000000000e+05
6.977815000000000000e+05
6.604528750000000000e+05
6.298552500000000000e+05
5.988246250000000000e+05
5.827414375000000000e+05
5.118628750000000000e+05
6.459135000000000000e+05
6.473868750000000000e+05
4.561937187500000000e+05
4.309097500000000000e+05
6.069731250000000000e+05
5.539456250000000000e+05
5.912312500000000000e+05
6.094903750000000000e+05
5.289187500000000000e+05
4.972667500000000000e+05
6.679359375000000000e+05
6.498098750000000000e+05
5.052131250000000000e+05
4.895294375000000000e+05
5.807050000000000000e+05
5.405848125000000000e+05
5.332863750000000000e+05
5.119979687500000000e+05
4.952295937500000000e+05
4.581682500000000000e+05
5.475507500000000000e+05
5.282331250000000000e+05
4.289492812500000000e+05
4.036041875000000000e+05
5.366440000000000000e+05
5.155735000000000000e+05
4.099362500000000000e+05
3.902763125000000000e+05
5.075016250000000000e+05
4.905933125000000000e+05
4.321150312500000000e+05
4.139759375000000000e+05
4.853430000000000000e+05
4.690415625000000000e+05
4.255195000000000000e+05
4.068140312500000000e+05
4.654755625000000000e+05
4.520880000000000000e+05
4.303619375000000000e+05
4.070485937500000000e+05
4.490656562500000000e+05
4.367932500000000000e+05
4.343543750000000000e+05
4.189445625000000000e+05
4.438678750000000000e+05
4.287118750000000000e+05
4.255088750000000000e+05
4.086630937500000000e+05
4.440236562500000000e+05
4.262138750000000000e+05
4.546375625000000000e+05
4.388162187500000000e+05
4.132667500000000000e+05
4.004798750000000000e+05
4.990604375000000000e+05
4.249810937500000000e+05
6.413856250000000000e+05
6.052993125000000000e+05
3.693946562500000000e+05
3.653590312500000000e+05
4.148858437500000000e+05
3.919912812500000000e+05
5.149858437500000000e+05
5.041748750000000000e+05
5.778952500000000000e+05
4.746461562500000000e+05
6.007171875000000000e+05
5.922853750000000000e+05
3.567948125000000000e+05
5.869923750000000000e+05
6.603141250000000000e+05
5.864349375000000000e+05
1.059410000000000000e+06
1.181612000000000000e+06
5.258436250000000000e+05
1.051480500000000000e+06
1.105000375000000000e+06
5.872990000000000000e+05
8.624059375000000000e+05
9.897375000000000000e+05
1.269534500000000000e+06
7.620668125000000000e+05
2.493951500000000000e+06
3.103389250000000000e+06
1.612050250000000000e+06
1.166853500000000000e+06
1.418146750000000000e+06
9.356122500000000000e+05
5.482035000000000000e+05
6.577122500000000000e+05
6.536178750000000000e+05
5.688090000000000000e+05
5.129273125000000000e+05
8.100292500000000000e+05
6.728325000000000000e+05
7.714131875000000000e+05
8.469611250000000000e+05
5.709270000000000000e+05
5.008423437500000000e+05
6.968585000000000000e+05
6.546072500000000000e+05
6.615114375000000000e+05
6.120208750000000000e+05
5.901301875000000000e+05
5.516998750000000000e+05
5.683768125000000000e+05
5.137304375000000000e+05
4.918574375000000000e+05
4.683642187500000000e+05
4.682717812500000000e+05
4.530918750000000000e+05
4.146993125000000000e+05
5.367661250000000000e+05
4.702074375000000000e+05
5.817998750000000000e+05
5.134258750000000000e+05
5.558129375000000000e+05
4.503348750000000000e+05
5.706836875000000000e+05
4.980600000000000000e+05
6.383657500000000000e+05
4.713381250000000000e+05
8.611642500000000000e+05
7.951615000000000000e+05
5.707736250000000000e+05
4.693612500000000000e+05
1.182182625000000000e+06
1.251986750000000000e+06
6.038725625000000000e+05
6.967528750000000000e+05
8.127611250000000000e+05
9.763579375000000000e+05
6.096061250000000000e+05
5.357528750000000000e+05
4.800238437500000000e+05
4.930035625000000000e+05
4.736202500000000000e+05
4.098517187500000000e+05
3.857571562500000000e+05
3.916686250000000000e+05
5.117131562500000000e+05
4.209313125000000000e+05
4.755620937500000000e+05
5.442208750000000000e+05
4.716163437500000000e+05
5.361857500000000000e+05
5.059139375000000000e+05
4.712472500000000000e+05
3.852031250000000000e+05
3.999407812500000000e+05
5.462673750000000000e+05
4.689910000000000000e+05
5.135495625000000000e+05
4.729581562500000000e+05
4.059088750000000000e+05
6.733214375000000000e+05
6.193810000000000000e+05
4.562901875000000000e+05
4.376666250000000000e+05
4.539954687500000000e+05
5.756980000000000000e+05
4.216017500000000000e+05
5.280979375000000000e+05
4.343278125000000000e+05
5.807242500000000000e+05
4.758491875000000000e+05
4.697770312500000000e+05
9.158632500000000000e+05
6.296803750000000000e+05
8.571633125000000000e+05
8.794219375000000000e+05
4.754308750000000000e+05
7.109741875000000000e+05
5.479608125000000000e+05
6.492115625000000000e+05
5.181850000000000000e+05
9.168568750000000000e+05
5.618350000000000000e+05
8.308245000000000000e+05
7.970931250000000000e+05
4.570672812500000000e+05
7.192161875000000000e+05
5.182915625000000000e+05
5.423824375000000000e+05
5.700883750000000000e+05
5.222553750000000000e+05
6.223780000000000000e+05
5.002427500000000000e+05
8.873293125000000000e+05
6.763768125000000000e+05
5.773700000000000000e+05
4.988860312500000000e+05
8.368092500000000000e+05
9.814673750000000000e+05
4.703004375000000000e+05
4.057415000000000000e+05
1.546254750000000000e+06
2.479567750000000000e+06
1.765859750000000000e+06
5.842987500000000000e+05
6.286172500000000000e+05
4.068452812500000000e+05
3.909813437500000000e+05
4.797207187500000000e+05
4.395781250000000000e+05
4.747566875000000000e+05
3.975906250000000000e+05
3.880793750000000000e+05
3.642272812500000000e+05
4.655160625000000000e+05
4.080196562500000000e+05
4.399245625000000000e+05
5.133118437500000000e+05
4.559550000000000000e+05
4.284625312500000000e+05
4.122992812500000000e+05
3.626863750000000000e+05
5.569500625000000000e+05
5.358563750000000000e+05
2.712094400000000000e+07
2.714555400000000000e+07
2.496325000000000000e+07
2.278513200000000000e+07
1.903496400000000000e+07
1.567367300000000000e+07
1.351055000000000000e+07
1.306234800000000000e+07
1.246383900000000000e+07
1.057659800000000000e+07
8.924360000000000000e+06
7.869628000000000000e+06
7.981846000000000000e+06
7.130883000000000000e+06
6.643831000000000000e+06
5.747265000000000000e+06
6.338134500000000000e+06
5.676779500000000000e+06
4.802000500000000000e+06
4.774921000000000000e+06
4.742424500000000000e+06
4.041247500000000000e+06
4.512603000000000000e+06
4.425764500000000000e+06
4.529520000000000000e+06
3.955860750000000000e+06
3.454050000000000000e+06
3.412100250000000000e+06
3.954528000000000000e+06
3.218243000000000000e+06
3.613361250000000000e+06
3.655797500000000000e+06
3.553782500000000000e+06
3.065000000000000000e+06
2.939049500000000000e+06
2.699460750000000000e+06
3.608180000000000000e+06
3.286436750000000000e+06
2.067975250000000000e+06
5.392674000000000000e+06
6.433867000000000000e+06
3.558809750000000000e+06
3.667877500000000000e+06
4.293896000000000000e+06
3.295001500000000000e+06
2.219033250000000000e+06
2.551674750000000000e+06
2.365395750000000000e+06
1.897266625000000000e+06
3.656049250000000000e+06
3.103489500000000000e+06
3.411544000000000000e+06
3.627307000000000000e+06
2.245561500000000000e+06
1.771375375000000000e+06
3.040450000000000000e+06
3.515235750000000000e+06
2.208869250000000000e+06
4.939116000000000000e+06
6.512175000000000000e+06
3.886794000000000000e+06
3.151607000000000000e+06
3.926496000000000000e+06
2.692859500000000000e+06
2.004857375000000000e+06
2.111942000000000000e+06
2.487204250000000000e+06
2.524192000000000000e+06
1.904793125000000000e+06
1.507270500000000000e+06
1.930259250000000000e+06
2.024798750000000000e+06
1.397388625000000000e+06
4.966347500000000000e+06
6.591833000000000000e+06
4.451141500000000000e+06
1.778436500000000000e+06
2.364365750000000000e+06
1.521442250000000000e+06
3.537160750000000000e+06
4.216346000000000000e+06
1.950170250000000000e+06
3.158795000000000000e+06
3.635667000000000000e+06
2.706222500000000000e+06
1.406705375000000000e+06
4.338047500000000000e+06
5.822083000000000000e+06
3.640528500000000000e+06
4.409669000000000000e+06
5.400652500000000000e+06
4.070075000000000000e+06
2.700933000000000000e+06
3.005907000000000000e+06
1.526700250000000000e+06
2.174174500000000000e+06
2.618794250000000000e+06
2.490884000000000000e+06
1.718666500000000000e+06
2.669727250000000000e+06
4.627748000000000000e+06
3.885596000000000000e+06
1.534966125000000000e+06
2.503765500000000000e+06
2.885288000000000000e+06
2.529126750000000000e+06
1.771732000000000000e+06
1.499770000000000000e+06
2.487449750000000000e+06
1.867603250000000000e+06
1.736170750000000000e+06
1.734459000000000000e+06
1.199266500000000000e+06
2.749283000000000000e+06
2.621860000000000000e+06
2.169458500000000000e+06
2.485804500000000000e+06
1.765733250000000000e+06
3.456552500000000000e+06
3.351215000000000000e+06
1.497344000000000000e+06
2.754741500000000000e+06
3.117566000000000000e+06
2.460992000000000000e+06
1.431854750000000000e+06
2.862382500000000000e+06
4.124617500000000000e+06
2.766848750000000000e+06
2.529665500000000000e+06
2.815081000000000000e+06
2.004341750000000000e+06
1.778600250000000000e+06
1.963116250000000000e+06
1.475437250000000000e+06
1.630423500000000000e+06
1.498717250000000000e+06
1.059564500000000000e+06
2.347422000000000000e+06
3.155388500000000000e+06
2.048768500000000000e+06
2.050106500000000000e+06
2.265416750000000000e+06
1.603320500000000000e+06
1.635964750000000000e+06
1.903589750000000000e+06
1.663644000000000000e+06
1.581181250000000000e+06
1.178011000000000000e+06
1.003568500000000000e+06
1.087897750000000000e+06
1.074702875000000000e+06
1.254969125000000000e+06
1.092367000000000000e+06
1.310391750000000000e+06
1.033808937500000000e+06
1.398317000000000000e+06
1.506106625000000000e+06
1.135825750000000000e+06
1.084411000000000000e+06
9.967025625000000000e+05
8.403945000000000000e+05
9.271483750000000000e+05
1.079584750000000000e+06
1.032926500000000000e+06
8.012663750000000000e+05
8.712700000000000000e+05
1.201008750000000000e+06
1.115767125000000000e+06
1.255258125000000000e+06
1.236647625000000000e+06
9.461930625000000000e+05
1.029633375000000000e+06
7.277666250000000000e+05
1.042192625000000000e+06
9.273154375000000000e+05
1.086866625000000000e+06
1.168256750000000000e+06
9.513771250000000000e+05
8.948413750000000000e+05
1.369724500000000000e+06
1.339139500000000000e+06
9.134280000000000000e+05
8.578110000000000000e+05
1.094634625000000000e+06
8.999863125000000000e+05
9.807832500000000000e+05
9.990059375000000000e+05
7.018798750000000000e+05
6.891706250000000000e+05
8.409970000000000000e+05
7.899823750000000000e+05
9.891067500000000000e+05
8.850801875000000000e+05
7.652243125000000000e+05
7.557135625000000000e+05
8.095505000000000000e+05
7.271611875000000000e+05
7.571043125000000000e+05
7.394184375000000000e+05
6.322291250000000000e+05
5.870770625000000000e+05
7.473087500000000000e+05
7.061947500000000000e+05
5.990240000000000000e+05
5.902783750000000000e+05
6.980058750000000000e+05
6.514420000000000000e+05
6.127100000000000000e+05
6.078267500000000000e+05
6.563263750000000000e+05
6.233690625000000000e+05
6.152901250000000000e+05
5.846063750000000000e+05
6.640890000000000000e+05
6.370414375000000000e+05
5.247736250000000000e+05
4.963325937500000000e+05
6.649500000000000000e+05
6.434839375000000000e+05
4.823194375000000000e+05
4.714087812500000000e+05
6.160851250000000000e+05
5.766786875000000000e+05
6.672317500000000000e+05
6.973374375000000000e+05
5.374556875000000000e+05
5.073203125000000000e+05
8.189316250000000000e+05
8.144622500000000000e+05
5.483848125000000000e+05
5.203968125000000000e+05
7.835422500000000000e+05
6.615125625000000000e+05
7.549433750000000000e+05
7.504881875000000000e+05
4.873180000000000000e+05
4.761457812500000000e+05
4.895074375000000000e+05
6.711303125000000000e+05
6.303098125000000000e+05
7.940872500000000000e+05
7.171786875000000000e+05
5.013223125000000000e+05
4.956741875000000000e+05
6.142501250000000000e+05
5.563296250000000000e+05
6.958979375000000000e+05
6.921454375000000000e+05
5.713980000000000000e+05
5.111716875000000000e+05
6.397429375000000000e+05
6.273835625000000000e+05
6.757676250000000000e+05
5.737625000000000000e+05
6.399265000000000000e+05
6.598869375000000000e+05
6.381486250000000000e+05
5.300738750000000000e+05
6.195646250000000000e+05
6.138425625000000000e+05
7.882250000000000000e+05
6.533511875000000000e+05
5.748961875000000000e+05
5.876525625000000000e+05
6.652853750000000000e+05
5.307818125000000000e+05
6.680316250000000000e+05
6.575360000000000000e+05
8.028312500000000000e+05
6.322943125000000000e+05
5.530258750000000000e+05
6.025488750000000000e+05
7.180047500000000000e+05
5.517647500000000000e+05
6.052057500000000000e+05
6.357765000000000000e+05
7.117757500000000000e+05
5.535124375000000000e+05
6.634804375000000000e+05
6.520660000000000000e+05
8.108813750000000000e+05
6.721653750000000000e+05
6.180230000000000000e+05
5.986460625000000000e+05
6.904026250000000000e+05
6.101060000000000000e+05
5.834202500000000000e+05
5.512806875000000000e+05
5.712378750000000000e+05
5.307150000000000000e+05
5.403911875000000000e+05
5.169070000000000000e+05
4.875487500000000000e+05
5.064113750000000000e+05
4.785098437500000000e+05
4.988400000000000000e+05
4.941575625000000000e+05
4.292925312500000000e+05
4.461209687500000000e+05
4.552197500000000000e+05
4.718125000000000000e+05
4.217728750000000000e+05
4.381216250000000000e+05
4.307702187500000000e+05
4.258528125000000000e+05
4.663908125000000000e+05
4.225444687500000000e+05
4.010247812500000000e+05
4.555747500000000000e+05
4.747043437500000000e+05
4.038994062500000000e+05
4.603155937500000000e+05
4.955319375000000000e+05
4.635446250000000000e+05
4.149879062500000000e+05
3.947361250000000000e+05
4.647916250000000000e+05
5.224437500000000000e+05
4.457759687500000000e+05
7.934057500000000000e+05
6.494928750000000000e+05
5.517963125000000000e+05
4.899549375000000000e+05
6.156406250000000000e+05
5.539672500000000000e+05
6.829157500000000000e+05
5.523493750000000000e+05
8.043238750000000000e+05
8.274741875000000000e+05
6.344370625000000000e+05
5.439077500000000000e+05
4.690255625000000000e+05
4.810718125000000000e+05
4.305140625000000000e+05
4.240790625000000000e+05
6.189091875000000000e+05
5.611582500000000000e+05
4.879618437500000000e+05
4.521728437500000000e+05
4.129826875000000000e+05
5.032304375000000000e+05
4.260173125000000000e+05
4.093864375000000000e+05
5.089643125000000000e+05
4.312243750000000000e+05
4.506863750000000000e+05
5.519010625000000000e+05
5.019622187500000000e+05
5.173442500000000000e+05
4.323475625000000000e+05
4.503341875000000000e+05
4.575193437500000000e+05
3.902690937500000000e+05
4.762543437500000000e+05
5.406227500000000000e+05
4.283130312500000000e+05
8.617845000000000000e+05
6.571115625000000000e+05
8.626928750000000000e+05
7.441917500000000000e+05
5.120084375000000000e+05
5.692467500000000000e+05
6.338661875000000000e+05
4.622596250000000000e+05
6.182060000000000000e+05
5.722940000000000000e+05
5.556998750000000000e+05
6.156326875000000000e+05
4.468144375000000000e+05
4.252534375000000000e+05
5.049457187500000000e+05
4.068754062500000000e+05
4.988460625000000000e+05
4.088799375000000000e+05
4.906629375000000000e+05
5.393506250000000000e+05
4.665086562500000000e+05
6.082123125000000000e+05
4.948921250000000000e+05
5.240062500000000000e+05
3.541415625000000000e+05
3.817558437500000000e+05
3.606365625000000000e+05
4.157602187500000000e+05
4.016162812500000000e+05
3.355598437500000000e+05
3.309622500000000000e+05
3.439827812500000000e+05
3.906214375000000000e+05
3.877028437500000000e+05
3.307255000000000000e+05
3.311064687500000000e+05
3.670090625000000000e+05
4.084802500000000000e+05
3.584575937500000000e+05
3.522739687500000000e+05
4.269311562500000000e+05
3.651485625000000000e+05
3.417802500000000000e+05
4.852431562500000000e+05
4.125186875000000000e+05
5.045488125000000000e+05
4.165922500000000000e+05
3.916529687500000000e+05
6.919093750000000000e+05
4.554074687500000000e+05
6.517278750000000000e+05
5.904326875000000000e+05
4.789328750000000000e+05
4.855375312500000000e+05
4.417972812500000000e+05
3.782287187500000000e+05
5.306076875000000000e+05
4.206253125000000000e+05
3.866117812500000000e+05
6.778271250000000000e+05
4.761547500000000000e+05
6.778645000000000000e+05
5.642431250000000000e+05
9.072936250000000000e+05
1.127777250000000000e+06
4.891711562500000000e+05
4.804986250000000000e+05
8.761847500000000000e+05
1.304804125000000000e+06
5.516963125000000000e+05
9.918142500000000000e+05
9.837690000000000000e+05
5.027252812500000000e+05
1.416351750000000000e+06
1.051377250000000000e+06
1.407629250000000000e+06
1.942892625000000000e+06
1.553505250000000000e+06
5.375646875000000000e+05
4.200067000000000000e+06
5.509891000000000000e+06
3.502190000000000000e+06
1.171939250000000000e+06
1.599029250000000000e+06
1.016588250000000000e+06
7.642805000000000000e+05
6.436498750000000000e+05
7.995692500000000000e+05
8.234287500000000000e+05
4.853406250000000000e+05
5.959505000000000000e+05
4.954123437500000000e+05
5.127317500000000000e+05
5.578704375000000000e+05
3.806421875000000000e+05
5.193940625000000000e+05
5.112053125000000000e+05
4.736312500000000000e+05
5.294266875000000000e+05
4.296854062500000000e+05
5.987588750000000000e+05
4.062780937500000000e+05
3.800608437500000000e+05
5.583044375000000000e+05
3.687812500000000000e+05
5.650636875000000000e+05
5.156477187500000000e+05
5.681638125000000000e+05
4.354335625000000000e+05
5.424754375000000000e+05
4.608898750000000000e+05
7.356132500000000000e+05
4.873764375000000000e+05
6.966957500000000000e+05
6.315354375000000000e+05
4.533820937500000000e+05
4.440044687500000000e+05
6.606306250000000000e+05
5.213914687500000000e+05
9.179248750000000000e+05
8.923088125000000000e+05
5.753927500000000000e+05
5.136641875000000000e+05
3.805662500000000000e+05
4.065197500000000000e+05
3.420756250000000000e+05
3.993491562500000000e+05
4.737994375000000000e+05
4.311048750000000000e+05
4.971661875000000000e+05
4.018135625000000000e+05
5.734516250000000000e+05
3.760823750000000000e+05
7.112229375000000000e+05
6.470161250000000000e+05
6.351193750000000000e+05
7.056322500000000000e+05
4.643443125000000000e+05
4.104130000000000000e+05
6.421799375000000000e+05
4.064945625000000000e+05
8.099383750000000000e+05
7.386403750000000000e+05
6.974978750000000000e+05
3.031763200000000000e+07
2.932359800000000000e+07
2.642864800000000000e+07
2.365297200000000000e+07
1.994477000000000000e+07
1.709236400000000000e+07
1.496760000000000000e+07
1.375736100000000000e+07
1.312089700000000000e+07
1.301370600000000000e+07
1.234976800000000000e+07
1.099577800000000000e+07
9.258216000000000000e+06
7.957946000000000000e+06
7.485043500000000000e+06
7.132509000000000000e+06
6.428136500000000000e+06
5.460517000000000000e+06
5.114272500000000000e+06
5.234953000000000000e+06
4.392636000000000000e+06
4.462601000000000000e+06
4.456413500000000000e+06
4.004838500000000000e+06
3.893617000000000000e+06
3.913475500000000000e+06
3.700482500000000000e+06
3.325676750000000000e+06
3.650766500000000000e+06
3.431414500000000000e+06
3.587554500000000000e+06
2.715601000000000000e+06
6.047021000000000000e+06
6.969980000000000000e+06
3.909571750000000000e+06
4.538662000000000000e+06
5.247205000000000000e+06
3.999901000000000000e+06
2.465001000000000000e+06
3.278661500000000000e+06
2.055931500000000000e+06
3.413375750000000000e+06
3.416272250000000000e+06
2.203320250000000000e+06
5.008529000000000000e+06
7.280416000000000000e+06
5.407638500000000000e+06
1.909799250000000000e+06
2.348221500000000000e+06
1.609752125000000000e+06
2.842387750000000000e+06
2.089599375000000000e+06
3.566499000000000000e+06
3.600326000000000000e+06
2.336807250000000000e+06
3.948798250000000000e+06
5.404367500000000000e+06
3.263806500000000000e+06
4.333403500000000000e+06
4.716009000000000000e+06
3.020393500000000000e+06
1.919681875000000000e+06
2.186115500000000000e+06
3.084828500000000000e+06
2.610306750000000000e+06
3.133285000000000000e+06
3.164233500000000000e+06
1.870621500000000000e+06
1.924210750000000000e+06
1.858903500000000000e+06
1.490874000000000000e+06
2.291362750000000000e+06
2.158906250000000000e+06
1.437542500000000000e+06
3.692520250000000000e+06
3.998108000000000000e+06
1.953489500000000000e+06
3.485225000000000000e+06
3.791654000000000000e+06
2.834632250000000000e+06
1.341102250000000000e+06
6.531983000000000000e+06
1.014050200000000000e+07
9.590466000000000000e+06
5.123238000000000000e+06
3.232074500000000000e+06
4.211440500000000000e+06
3.257494500000000000e+06
1.872105875000000000e+06
2.846000250000000000e+06
2.806480750000000000e+06
2.962316250000000000e+06
3.145175500000000000e+06
2.860982500000000000e+06
2.688553000000000000e+06
2.336275000000000000e+06
1.876471000000000000e+06
1.577362500000000000e+06
1.462138125000000000e+06
1.559305750000000000e+06
1.499146250000000000e+06
1.674537750000000000e+06
1.227712375000000000e+06
1.370100000000000000e+06
1.437610500000000000e+06
1.244716500000000000e+06
1.107038875000000000e+06
1.520229250000000000e+06
1.343915250000000000e+06
1.213177500000000000e+06
1.470275625000000000e+06
1.148765875000000000e+06
1.459226500000000000e+06
9.712645625000000000e+05
3.627413000000000000e+06
4.317504000000000000e+06
1.989201875000000000e+06
2.780726500000000000e+06
3.205991500000000000e+06
2.399240250000000000e+06
1.132240375000000000e+06
4.457670500000000000e+06
5.947954500000000000e+06
3.587895500000000000e+06
3.687731000000000000e+06
4.681450000000000000e+06
3.407142000000000000e+06
2.591063000000000000e+06
3.185341000000000000e+06
1.556155750000000000e+06
2.385119750000000000e+06
2.687151250000000000e+06
2.186873000000000000e+06
1.241495000000000000e+06
3.836137000000000000e+06
5.596184000000000000e+06
3.972195500000000000e+06
1.905711875000000000e+06
2.297691250000000000e+06
1.580656250000000000e+06
3.023866000000000000e+06
3.469892250000000000e+06
1.745365250000000000e+06
2.342251500000000000e+06
2.734572000000000000e+06
2.201689500000000000e+06
1.096842875000000000e+06
3.611746000000000000e+06
5.325968000000000000e+06
4.061527000000000000e+06
1.836088500000000000e+06
2.152990500000000000e+06
1.478717875000000000e+06
2.367017000000000000e+06
2.482719750000000000e+06
1.377896500000000000e+06
2.048742625000000000e+06
2.260327000000000000e+06
1.728020875000000000e+06
1.076759375000000000e+06
2.635058750000000000e+06
2.943630500000000000e+06
1.549811625000000000e+06
2.538517500000000000e+06
2.704810000000000000e+06
1.751432250000000000e+06
1.287596500000000000e+06
1.326436375000000000e+06
1.640423125000000000e+06
1.631577125000000000e+06
1.014641875000000000e+06
2.473719000000000000e+06
2.617633500000000000e+06
1.694545500000000000e+06
1.878081500000000000e+06
1.327656000000000000e+06
1.940447875000000000e+06
1.362635750000000000e+06
1.906342250000000000e+06
2.364004250000000000e+06
1.804021000000000000e+06
1.186170000000000000e+06
1.069804625000000000e+06
1.142419000000000000e+06
1.173518000000000000e+06
1.160094000000000000e+06
1.096571250000000000e+06
1.040316375000000000e+06
8.892290625000000000e+05
1.019759187500000000e+06
9.765216250000000000e+05
9.980301250000000000e+05
9.523228750000000000e+05
6.896306250000000000e+05
7.327361875000000000e+05
8.083962500000000000e+05
7.869785000000000000e+05
7.613174375000000000e+05
6.776017500000000000e+05
6.972675000000000000e+05
6.884779375000000000e+05
6.483976875000000000e+05
6.451900625000000000e+05
6.455380000000000000e+05
6.404275000000000000e+05
6.736104375000000000e+05
6.168533750000000000e+05
6.193853750000000000e+05
6.162645000000000000e+05
5.612738750000000000e+05
5.868705000000000000e+05
7.131323125000000000e+05
5.837424375000000000e+05
6.946896875000000000e+05
7.354185625000000000e+05
6.472719375000000000e+05
6.748055625000000000e+05
6.341390625000000000e+05
1.080686375000000000e+06
1.038396000000000000e+06
5.915990000000000000e+05
5.565390625000000000e+05
7.152548125000000000e+05
6.046124375000000000e+05
7.778358125000000000e+05
7.591190000000000000e+05
5.444206250000000000e+05
5.591068750000000000e+05
6.860040000000000000e+05
6.018572500000000000e+05
8.514266250000000000e+05
7.048902500000000000e+05
9.862599375000000000e+05
1.038249625000000000e+06
6.365654375000000000e+05
1.017670687500000000e+06
9.470953750000000000e+05
1.069771000000000000e+06
1.194539750000000000e+06
7.025072500000000000e+05
1.547856250000000000e+06
1.763288750000000000e+06
8.871778750000000000e+05
1.119800000000000000e+06
9.746500625000000000e+05
1.315354000000000000e+06
2.166101250000000000e+06
1.205961750000000000e+06
1.100247000000000000e+06
1.205790250000000000e+06
9.177566875000000000e+05
7.891690000000000000e+05
8.406397500000000000e+05
6.940008750000000000e+05
5.684715625000000000e+05
1.180696500000000000e+06
1.128101125000000000e+06
7.585903750000000000e+05
8.073813750000000000e+05
6.394165000000000000e+05
5.296115625000000000e+05
6.618128750000000000e+05
5.894110625000000000e+05
7.536325625000000000e+05
5.999276250000000000e+05
9.593588750000000000e+05
9.117673750000000000e+05
6.577428125000000000e+05
5.948608750000000000e+05
6.627181250000000000e+05
6.196503125000000000e+05
7.285771875000000000e+05
7.116004375000000000e+05
7.071280000000000000e+05
6.003616250000000000e+05
5.437380000000000000e+05
5.515328125000000000e+05
5.384378125000000000e+05
5.021219375000000000e+05
4.713916875000000000e+05
5.448493750000000000e+05
5.197140625000000000e+05
4.386378437500000000e+05
5.113575000000000000e+05
5.393018750000000000e+05
4.690399687500000000e+05
5.316848750000000000e+05
5.279221875000000000e+05
5.041720312500000000e+05
5.329332500000000000e+05
4.430148750000000000e+05
4.915330000000000000e+05
5.064828750000000000e+05
4.344451875000000000e+05
4.409165000000000000e+05
4.926415625000000000e+05
4.330037187500000000e+05
4.211330625000000000e+05
4.082386562500000000e+05
4.484056875000000000e+05
4.079766250000000000e+05
4.495971875000000000e+05
4.890049375000000000e+05
4.105050625000000000e+05
6.940923750000000000e+05
6.034148125000000000e+05
7.266092500000000000e+05
5.351798125000000000e+05
9.889944375000000000e+05
1.143767875000000000e+06
5.994600625000000000e+05
5.776751875000000000e+05
5.337636875000000000e+05
6.504028125000000000e+05
5.845503125000000000e+05
5.018685000000000000e+05
4.111878750000000000e+05
4.779452500000000000e+05
4.433161250000000000e+05
7.859247500000000000e+05
5.903495000000000000e+05
8.131535000000000000e+05
7.797950000000000000e+05
4.284923125000000000e+05
5.515269375000000000e+05
8.484300000000000000e+05
8.780493750000000000e+05
5.853171875000000000e+05
5.271473125000000000e+05
4.699386562500000000e+05
4.815640625000000000e+05
4.395926250000000000e+05
5.721186250000000000e+05
4.060805312500000000e+05
4.336462812500000000e+05
5.277768125000000000e+05
4.331224062500000000e+05
4.357878437500000000e+05
6.942841875000000000e+05
5.947151875000000000e+05
7.185338750000000000e+05
5.919621250000000000e+05
6.191720000000000000e+05
5.537257500000000000e+05
7.772653125000000000e+05
5.097250625000000000e+05
7.624770000000000000e+05
7.204971875000000000e+05
5.108622812500000000e+05
4.139398125000000000e+05
5.820306250000000000e+05
5.511714375000000000e+05
4.857902500000000000e+05
6.539544375000000000e+05
5.549103750000000000e+05
6.769196250000000000e+05
5.004312187500000000e+05
5.338485000000000000e+05
7.036141875000000000e+05
6.873512500000000000e+05
6.693171250000000000e+05
5.492936250000000000e+05
5.161841562500000000e+05
4.361821875000000000e+05
5.695313125000000000e+05
4.967736562500000000e+05
5.443810625000000000e+05
6.496001250000000000e+05
5.914820625000000000e+05
1.053042000000000000e+06
8.009577500000000000e+05
6.658185000000000000e+05
6.591458125000000000e+05
4.187995937500000000e+05
4.063947187500000000e+05
4.827403125000000000e+05
4.655100312500000000e+05
3.924843750000000000e+05
4.151743437500000000e+05
3.904421562500000000e+05
7.289252500000000000e+05
5.647973125000000000e+05
6.764860625000000000e+05
5.848931250000000000e+05
6.792876875000000000e+05
5.773320000000000000e+05
6.856316250000000000e+05
7.537233750000000000e+05
4.715008125000000000e+05
5.671339375000000000e+05
7.424221250000000000e+05
8.191117500000000000e+05
5.637375000000000000e+05
4.703575312500000000e+05
5.336527500000000000e+05
5.138882187500000000e+05
4.717169687500000000e+05
4.551539375000000000e+05
5.694936250000000000e+05
4.759085625000000000e+05
5.061455937500000000e+05
5.875530000000000000e+05
4.183995000000000000e+05
4.384547812500000000e+05
5.199705000000000000e+05
4.438619375000000000e+05
5.572278125000000000e+05
4.495128125000000000e+05
6.527527500000000000e+05
4.593979062500000000e+05
7.386908125000000000e+05
7.380693125000000000e+05
7.109995000000000000e+05
7.549088125000000000e+05
4.717389062500000000e+05
4.192259062500000000e+05
8.473108750000000000e+05
6.680606875000000000e+05
4.408050625000000000e+05
3.701575937500000000e+05
6.243495000000000000e+05
3.745282812500000000e+05
8.173753750000000000e+05
7.570380000000000000e+05
4.251184375000000000e+05
4.058839062500000000e+05
4.089891250000000000e+05
4.190403125000000000e+05
7.533921250000000000e+05
5.591283750000000000e+05
7.700608750000000000e+05
7.165356875000000000e+05
3.852040937500000000e+05
5.235768750000000000e+05
9.226810625000000000e+05
1.183233750000000000e+06
8.180610000000000000e+05
1.012347125000000000e+06
1.025015125000000000e+06
6.549051875000000000e+05
5.980257500000000000e+05
6.799658750000000000e+05
7.142861875000000000e+05
6.113460000000000000e+05
4.665728750000000000e+05
6.938670625000000000e+05
5.595351250000000000e+05
7.956271875000000000e+05
8.057951875000000000e+05
4.805107812500000000e+05
4.243400937500000000e+05
5.759556250000000000e+05
5.282088750000000000e+05
1.119800000000000000e+06
1.141296375000000000e+06
4.883752812500000000e+05
4.347092812500000000e+05
5.692223750000000000e+05
5.360276250000000000e+05
5.851532500000000000e+05
4.401893125000000000e+05
1.195268750000000000e+06
1.335392125000000000e+06
5.351643125000000000e+05
6.637180000000000000e+05
6.059895625000000000e+05
9.198878750000000000e+05
5.938608750000000000e+05
4.584745000000000000e+05
4.085005625000000000e+05
5.310182500000000000e+05
8.191552500000000000e+05
7.157737500000000000e+05
1.239127250000000000e+06
1.114058500000000000e+06
7.181723750000000000e+05
6.572117500000000000e+05
6.086062500000000000e+05
4.666875000000000000e+05
5.085778125000000000e+05
6.361221875000000000e+05
5.613106875000000000e+05
7.277281250000000000e+05
6.185538750000000000e+05
7.374695625000000000e+05
6.133491250000000000e+05
6.329632500000000000e+05
5.432980625000000000e+05
5.848820000000000000e+05
6.284241250000000000e+05
5.369061875000000000e+05
4.091538750000000000e+05
3.798261875000000000e+05
5.281695625000000000e+05
4.054256875000000000e+05
8.026321875000000000e+05
5.816963750000000000e+05
7.386233750000000000e+05
6.705086250000000000e+05
5.431333750000000000e+05
3.342450000000000000e+07
3.170199600000000000e+07
2.933785200000000000e+07
2.588824200000000000e+07
2.307095600000000000e+07
1.973475000000000000e+07
1.719345600000000000e+07
1.525672500000000000e+07
1.507666000000000000e+07
1.543027700000000000e+07
1.527119100000000000e+07
1.465418400000000000e+07
1.352819400000000000e+07
1.307737700000000000e+07
1.217532000000000000e+07
1.122995000000000000e+07
9.408507000000000000e+06
7.915496000000000000e+06
7.888511500000000000e+06
8.281398000000000000e+06
8.516067000000000000e+06
7.925546500000000000e+06
6.645786000000000000e+06
5.648581000000000000e+06
6.497290000000000000e+06
6.070441000000000000e+06
8.688146000000000000e+06
7.183068000000000000e+06
5.163063000000000000e+06
4.476524000000000000e+06
6.169849000000000000e+06
6.181215000000000000e+06
3.559973250000000000e+06
9.037568000000000000e+06
9.659680000000000000e+06
3.759907000000000000e+06
7.187996500000000000e+06
8.391819000000000000e+06
6.745912000000000000e+06
3.594812250000000000e+06
8.161420500000000000e+06
1.303521800000000000e+07
1.023311800000000000e+07
5.130830500000000000e+06
5.480486000000000000e+06
3.408929750000000000e+06
5.069928500000000000e+06
3.771443500000000000e+06
6.408280000000000000e+06
6.997351500000000000e+06
4.612701000000000000e+06
4.953074500000000000e+06
6.123535000000000000e+06
3.601556500000000000e+06
5.405044500000000000e+06
4.729622000000000000e+06
2.333492500000000000e+06
7.327893000000000000e+06
8.803632000000000000e+06
5.018295500000000000e+06
8.039667500000000000e+06
9.056774000000000000e+06
6.806489000000000000e+06
2.896374000000000000e+06
7.886579000000000000e+06
7.980630000000000000e+06
5.631888000000000000e+06
6.869659500000000000e+06
5.147334500000000000e+06
8.306785000000000000e+06
8.436730000000000000e+06
3.430970000000000000e+06
5.189073000000000000e+06
6.286428000000000000e+06
5.384833000000000000e+06
3.373433000000000000e+06
3.010443000000000000e+06
5.119296000000000000e+06
3.139784500000000000e+06
4.398676000000000000e+06
4.781368000000000000e+06
3.215965500000000000e+06
2.416990000000000000e+06
2.673325500000000000e+06
2.327823000000000000e+06
2.327081500000000000e+06
1.721956375000000000e+06
1.407829250000000000e+06
1.949021250000000000e+06
1.823679500000000000e+06
3.336625500000000000e+06
3.492920500000000000e+06
2.121781750000000000e+06
1.982788875000000000e+06
2.869536250000000000e+06
2.376840000000000000e+06
1.929867250000000000e+06
1.838720750000000000e+06
1.607169250000000000e+06
1.317392750000000000e+06
2.166164500000000000e+06
2.121239000000000000e+06
1.157089875000000000e+06
5.727631500000000000e+06
7.817221500000000000e+06
5.451142000000000000e+06
2.033687875000000000e+06
2.724200500000000000e+06
1.987036750000000000e+06
2.170023500000000000e+06
2.341325500000000000e+06
1.952107500000000000e+06
1.886980375000000000e+06
1.881955500000000000e+06
1.503260875000000000e+06
1.742444000000000000e+06
1.683706250000000000e+06
1.275676000000000000e+06
1.132493875000000000e+06
1.331619875000000000e+06
1.215224250000000000e+06
1.925295250000000000e+06
2.208192250000000000e+06
1.158158000000000000e+06
9.827841250000000000e+05
2.343484500000000000e+06
1.990328500000000000e+06
1.731530750000000000e+06
1.839894250000000000e+06
1.244340875000000000e+06
9.583748750000000000e+05
1.243335625000000000e+06
1.300462000000000000e+06
1.294231000000000000e+06
1.365310625000000000e+06
1.108784750000000000e+06
1.210553000000000000e+06
1.318441250000000000e+06
1.095145250000000000e+06
1.000256312500000000e+06
1.113498375000000000e+06
9.690420625000000000e+05
1.099509875000000000e+06
1.092493125000000000e+06
9.307800000000000000e+05
9.096800000000000000e+05
1.118069500000000000e+06
9.047500000000000000e+05
8.174251250000000000e+05
1.807454250000000000e+06
1.435146875000000000e+06
1.458293000000000000e+06
1.491268375000000000e+06
9.900590625000000000e+05
7.952776250000000000e+05
1.246472500000000000e+06
1.083980000000000000e+06
1.768204750000000000e+06
1.946888500000000000e+06
1.255606000000000000e+06
1.120942250000000000e+06
1.052926250000000000e+06
8.145676250000000000e+05
1.096667500000000000e+06
8.765983750000000000e+05
2.202657500000000000e+06
2.613003000000000000e+06
1.248488500000000000e+06
1.961963750000000000e+06
2.215889750000000000e+06
1.754808625000000000e+06
9.166321875000000000e+05
1.823652500000000000e+06
1.341780500000000000e+06
1.811078000000000000e+06
1.915237500000000000e+06
1.179970000000000000e+06
2.248685250000000000e+06
1.771728750000000000e+06
2.130323750000000000e+06
2.607249000000000000e+06
1.674142500000000000e+06
2.356420750000000000e+06
2.817755000000000000e+06
1.361105250000000000e+06
1.834007250000000000e+06
2.059480750000000000e+06
1.577726500000000000e+06
1.350119875000000000e+06
1.367527250000000000e+06
9.569765000000000000e+05
1.141780625000000000e+06
1.078506500000000000e+06
1.017640750000000000e+06
9.515390625000000000e+05
9.664169375000000000e+05
8.559320000000000000e+05
9.311777500000000000e+05
7.808115625000000000e+05
7.834793125000000000e+05
1.058499500000000000e+06
8.479975000000000000e+05
9.666115000000000000e+05
1.005218375000000000e+06
8.000408750000000000e+05
8.743616250000000000e+05
8.360846250000000000e+05
1.522335500000000000e+06
1.355577500000000000e+06
7.322522500000000000e+05
6.940186875000000000e+05
1.070865625000000000e+06
9.508461250000000000e+05
8.751387500000000000e+05
8.285918125000000000e+05
8.126376250000000000e+05
7.316149375000000000e+05
7.747243125000000000e+05
7.074453125000000000e+05
9.744516250000000000e+05
9.368643750000000000e+05
6.688032500000000000e+05
6.325696875000000000e+05
8.913212500000000000e+05
7.275189375000000000e+05
9.749063125000000000e+05
8.780320000000000000e+05
6.868665000000000000e+05
6.528537500000000000e+05
6.702445000000000000e+05
6.309143125000000000e+05
7.577786250000000000e+05
5.613424375000000000e+05
7.580003750000000000e+05
5.463096875000000000e+05
1.245234250000000000e+06
1.192550875000000000e+06
7.636911250000000000e+05
5.940713125000000000e+05
1.561430625000000000e+06
1.426806000000000000e+06
1.165718625000000000e+06
1.068371750000000000e+06
6.318623750000000000e+05
6.294346250000000000e+05
7.850858125000000000e+05
5.688057500000000000e+05
1.354152500000000000e+06
1.332829625000000000e+06
7.014586875000000000e+05
6.227303750000000000e+05
1.137940375000000000e+06
1.043201937500000000e+06
1.053025250000000000e+06
9.923492500000000000e+05
5.947772500000000000e+05
5.572200000000000000e+05
9.607321250000000000e+05
8.064415625000000000e+05
9.270198125000000000e+05
8.401604375000000000e+05
7.158810625000000000e+05
6.014566250000000000e+05
9.361785000000000000e+05
8.189748750000000000e+05
1.349032500000000000e+06
1.215793000000000000e+06
5.970691875000000000e+05
6.057755000000000000e+05
8.851385000000000000e+05
7.529307500000000000e+05
7.137290000000000000e+05
6.790363125000000000e+05
7.823363750000000000e+05
5.605210625000000000e+05
1.306905250000000000e+06
1.257976875000000000e+06
1.013188750000000000e+06
7.709261250000000000e+05
9.771259375000000000e+05
9.661010000000000000e+05
1.171131000000000000e+06
9.122774375000000000e+05
9.094990625000000000e+05
1.034401125000000000e+06
7.067765625000000000e+05
5.638855625000000000e+05
7.992799375000000000e+05
7.750349375000000000e+05
8.855513125000000000e+05
5.627301250000000000e+05
1.284907250000000000e+06
1.012114812500000000e+06
1.278315875000000000e+06
1.114217125000000000e+06
9.874380000000000000e+05
1.207403500000000000e+06
5.274996250000000000e+05
7.539305625000000000e+05
1.218293750000000000e+06
1.452620000000000000e+06
6.421801875000000000e+05
7.196540000000000000e+05
5.850596250000000000e+05
9.606187500000000000e+05
5.195896562500000000e+05
1.031059875000000000e+06
8.964781250000000000e+05
5.305366875000000000e+05
5.268155000000000000e+05
7.168764375000000000e+05
5.888643750000000000e+05
5.465916875000000000e+05
8.588206875000000000e+05
7.324885625000000000e+05
7.190782500000000000e+05
5.397446875000000000e+05
6.737987500000000000e+05
5.855958125000000000e+05
5.128427187500000000e+05
6.310008750000000000e+05
5.531456875000000000e+05
7.649626250000000000e+05
5.808663125000000000e+05
5.396058750000000000e+05
8.422004375000000000e+05
7.540456250000000000e+05
8.777678125000000000e+05
6.367076250000000000e+05
8.090828125000000000e+05
7.034088750000000000e+05
9.221232500000000000e+05
8.813233750000000000e+05
5.721270625000000000e+05
5.183255937500000000e+05
7.026630000000000000e+05
5.648496875000000000e+05
1.126085250000000000e+06
9.078013750000000000e+05
9.346790625000000000e+05
9.672407500000000000e+05
4.915555000000000000e+05
7.827983750000000000e+05
1.223449625000000000e+06
1.474561250000000000e+06
8.059166250000000000e+05
1.508865750000000000e+06
1.206596375000000000e+06
1.131112000000000000e+06
1.196966375000000000e+06
6.343385625000000000e+05
8.090929375000000000e+05
4.450515625000000000e+05
5.492571250000000000e+05
4.980517500000000000e+05
4.781568750000000000e+05
4.410306562500000000e+05
4.448245625000000000e+05
4.479314062500000000e+05
3.732626250000000000e+05
3.793962500000000000e+05
4.363120000000000000e+05
4.211597187500000000e+05
3.800298437500000000e+05
3.798550625000000000e+05
4.630054062500000000e+05
3.942285000000000000e+05
3.652540625000000000e+05
4.467055937500000000e+05
3.769867500000000000e+05
3.727450000000000000e+05
4.018673437500000000e+05
6.078851250000000000e+05
4.720918437500000000e+05
6.134663750000000000e+05
4.739995000000000000e+05
8.455199375000000000e+05
4.848128125000000000e+05
1.040480875000000000e+06
8.849210625000000000e+05
6.310407500000000000e+05
6.905336250000000000e+05
6.075061875000000000e+05
5.049434687500000000e+05
6.799576250000000000e+05
4.878734687500000000e+05
8.126675000000000000e+05
6.875608750000000000e+05
1.129725625000000000e+06
1.287158875000000000e+06
5.938310625000000000e+05
5.373496875000000000e+05
6.632211875000000000e+05
6.329371875000000000e+05
8.454151875000000000e+05
6.516048750000000000e+05
5.562405000000000000e+05
4.925019375000000000e+05
5.418861250000000000e+05
4.755131250000000000e+05
4.180761250000000000e+05
4.436604062500000000e+05
6.932650625000000000e+05
6.031497500000000000e+05
6.212636250000000000e+05
4.417928437500000000e+05
1.089257750000000000e+06
9.213051250000000000e+05
7.378762500000000000e+05
7.184255625000000000e+05
6.645569375000000000e+05
6.242539375000000000e+05
6.052531875000000000e+05
4.565303750000000000e+05
8.497540625000000000e+05
6.671561250000000000e+05
8.202453750000000000e+05
8.016390000000000000e+05
6.604623125000000000e+05
6.896243750000000000e+05
6.109543125000000000e+05
5.154246875000000000e+05
5.764673125000000000e+05
4.532752812500000000e+05
5.310805000000000000e+05
4.205554375000000000e+05
1.148016375000000000e+06
9.570496250000000000e+05
9.243921875000000000e+05
1.028526562500000000e+06
5.951515625000000000e+05
7.364348750000000000e+05
5.600531875000000000e+05
6.624830000000000000e+05
4.533195625000000000e+05
5.411532500000000000e+05
6.122371250000000000e+05
5.424101875000000000e+05
9.773961250000000000e+05
7.219496250000000000e+05
5.746473125000000000e+05
5.174435937500000000e+05
6.662591250000000000e+05
5.266698125000000000e+05
7.310090000000000000e+05
7.116435000000000000e+05
4.243388437500000000e+05
5.058316250000000000e+05
5.965499375000000000e+05
3.976663750000000000e+05
1.010597875000000000e+06
7.214379375000000000e+05
8.575010000000000000e+05
7.311093125000000000e+05
7.816788125000000000e+05
9.482653750000000000e+05
5.732574375000000000e+05
4.584376875000000000e+05
4.089525625000000000e+05
4.924976562500000000e+05
4.983342500000000000e+05
4.555683437500000000e+05
4.152641250000000000e+05
4.070976250000000000e+05
4.738143750000000000e+05
4.113029687500000000e+05
4.254629375000000000e+05
4.347800625000000000e+05
3.791203125000000000e+05
4.216492812500000000e+05
5.100927187500000000e+05
3.837722187500000000e+05
6.066021250000000000e+05
4.962305625000000000e+05
8.034283125000000000e+05
4.887251250000000000e+05
1.068790500000000000e+06
1.096758625000000000e+06
5.401714375000000000e+05
2.019904625000000000e+06
1.837350000000000000e+06
1.225276000000000000e+06
1.397981250000000000e+06
7.505352500000000000e+05
9.263673125000000000e+05
5.274768125000000000e+05
1.248252500000000000e+06
1.239096750000000000e+06
5.678530000000000000e+05
1.546983500000000000e+06
1.027868125000000000e+06
1.954956000000000000e+06
2.299898000000000000e+06
1.540595000000000000e+06
5.727234375000000000e+05
1.682972500000000000e+06
1.306327500000000000e+06
1.662424625000000000e+06
1.380433125000000000e+06
1.049793500000000000e+06
3.045293600000000000e+07
3.010526000000000000e+07
2.863546400000000000e+07
2.701505000000000000e+07
2.508479400000000000e+07
2.288041200000000000e+07
2.037804800000000000e+07
1.753250400000000000e+07
1.580574600000000000e+07
1.562045400000000000e+07
1.528921800000000000e+07
1.535221500000000000e+07
1.499646100000000000e+07
1.466008700000000000e+07
1.398510200000000000e+07
1.264204700000000000e+07
1.097280200000000000e+07
1.101907700000000000e+07
1.133474300000000000e+07
1.070981300000000000e+07
1.027074000000000000e+07
9.896157000000000000e+06
8.428267000000000000e+06
8.269003500000000000e+06
7.232594000000000000e+06
8.071216000000000000e+06
6.459945000000000000e+06
7.616305000000000000e+06
6.837914000000000000e+06
5.344664000000000000e+06
5.276525000000000000e+06
5.906224000000000000e+06
5.366799000000000000e+06
5.038023000000000000e+06
4.769763500000000000e+06
4.652871000000000000e+06
4.314931500000000000e+06
4.493815000000000000e+06
4.213004500000000000e+06
3.894432750000000000e+06
3.675461000000000000e+06
3.977785750000000000e+06
3.626305750000000000e+06
3.804953500000000000e+06
3.567174750000000000e+06
3.158220500000000000e+06
2.880569750000000000e+06
3.606701500000000000e+06
3.422560500000000000e+06
2.583119250000000000e+06
2.419945000000000000e+06
3.196860750000000000e+06
2.983364250000000000e+06
2.272655250000000000e+06
2.168022500000000000e+06
2.877768250000000000e+06
2.656838000000000000e+06
2.052306750000000000e+06
1.956510250000000000e+06
2.591166500000000000e+06
2.405613000000000000e+06
1.728433625000000000e+06
1.651419500000000000e+06
2.235784250000000000e+06
2.025614875000000000e+06
2.395267500000000000e+06
2.467797500000000000e+06
2.332078000000000000e+06
2.063735625000000000e+06
2.203934500000000000e+06
1.698149250000000000e+06
2.805697750000000000e+06
2.744994000000000000e+06
1.512610000000000000e+06
5.922944000000000000e+06
7.184540000000000000e+06
3.407462000000000000e+06
6.250345000000000000e+06
6.728610000000000000e+06
4.818779000000000000e+06
2.018428250000000000e+06
5.419734500000000000e+06
4.861878000000000000e+06
4.093661250000000000e+06
5.001083000000000000e+06
3.801091250000000000e+06
8.489488000000000000e+06
1.094416500000000000e+07
6.701242000000000000e+06
3.184073250000000000e+06
3.909743000000000000e+06
2.588481500000000000e+06
4.063748750000000000e+06
4.593943000000000000e+06
2.408752000000000000e+06
2.403404500000000000e+06
2.048978250000000000e+06
1.772521875000000000e+06
1.496222500000000000e+06
2.086061875000000000e+06
1.874750250000000000e+06
3.610909000000000000e+06
3.831908000000000000e+06
1.784258250000000000e+06
1.584905500000000000e+06
3.922213500000000000e+06
3.257516500000000000e+06
2.152033500000000000e+06
2.249430000000000000e+06
1.867082750000000000e+06
1.534393750000000000e+06
2.669767500000000000e+06
2.420195000000000000e+06
1.492649125000000000e+06
1.442914250000000000e+06
1.720854000000000000e+06
1.441199500000000000e+06
2.711448000000000000e+06
3.058931750000000000e+06
1.333440500000000000e+06
1.187117125000000000e+06
3.230059500000000000e+06
2.868330500000000000e+06
1.730922625000000000e+06
1.693089375000000000e+06
1.644618375000000000e+06
1.158497875000000000e+06
1.937882250000000000e+06
1.909993250000000000e+06
1.180920500000000000e+06
4.252075500000000000e+06
5.032699000000000000e+06
2.032957500000000000e+06
2.985754000000000000e+06
3.585245500000000000e+06
2.802272000000000000e+06
1.324736875000000000e+06
5.661898000000000000e+06
8.645354000000000000e+06
7.129182000000000000e+06
2.484374000000000000e+06
4.361747000000000000e+06
5.435007000000000000e+06
4.597739000000000000e+06
2.813663500000000000e+06
1.886769500000000000e+06
2.905046500000000000e+06
2.211446750000000000e+06
1.977027500000000000e+06
2.063380250000000000e+06
1.367254750000000000e+06
2.711331500000000000e+06
3.869117000000000000e+06
2.174081250000000000e+06
2.632659500000000000e+06
2.801797250000000000e+06
1.859910125000000000e+06
1.365647750000000000e+06
1.598024500000000000e+06
1.653035250000000000e+06
1.391693750000000000e+06
1.380659125000000000e+06
1.643172375000000000e+06
1.440201250000000000e+06
2.143867250000000000e+06
2.045226500000000000e+06
1.242216750000000000e+06
1.209361125000000000e+06
1.524818250000000000e+06
1.233847500000000000e+06
1.382631875000000000e+06
1.310808625000000000e+06
1.043986250000000000e+06
9.127484375000000000e+05
1.149076750000000000e+06
1.017284875000000000e+06
2.033020000000000000e+06
2.243715250000000000e+06
9.829227500000000000e+05
8.692624375000000000e+05
1.753167000000000000e+06
1.287313500000000000e+06
1.331042250000000000e+06
1.338493750000000000e+06
9.903834375000000000e+05
9.112112500000000000e+05
9.869733750000000000e+05
8.423415000000000000e+05
2.320667750000000000e+06
2.446443500000000000e+06
1.159369250000000000e+06
1.129602000000000000e+06
7.482365000000000000e+05
7.366747500000000000e+05
1.732370000000000000e+06
1.257859875000000000e+06
1.410042125000000000e+06
1.485047625000000000e+06
1.031540125000000000e+06
1.240913500000000000e+06
9.524256250000000000e+05
7.791233750000000000e+05
7.562960625000000000e+05
9.450107500000000000e+05
1.175690500000000000e+06
1.092388750000000000e+06
1.296924500000000000e+06
9.263459375000000000e+05
1.332241625000000000e+06
8.319897500000000000e+05
8.386111250000000000e+05
1.118075250000000000e+06
7.916436250000000000e+05
2.173546000000000000e+06
2.383839250000000000e+06
9.520571250000000000e+05
1.837565625000000000e+06
1.933751000000000000e+06
1.558981625000000000e+06
8.376930000000000000e+05
3.395486500000000000e+06
5.048913500000000000e+06
4.312245500000000000e+06
1.560312500000000000e+06
2.187320000000000000e+06
2.617698250000000000e+06
2.001595000000000000e+06
1.309778875000000000e+06
1.381860250000000000e+06
1.382917875000000000e+06
1.794251000000000000e+06
1.517126000000000000e+06
1.079270125000000000e+06
9.215343750000000000e+05
1.260788250000000000e+06
1.276101750000000000e+06
8.838887500000000000e+05
7.489090000000000000e+05
1.049193000000000000e+06
1.028539187500000000e+06
8.618891250000000000e+05
7.231723750000000000e+05
8.592583750000000000e+05
8.217131875000000000e+05
7.191461875000000000e+05
6.243176875000000000e+05
8.078992500000000000e+05
7.733541875000000000e+05
6.290239375000000000e+05
5.835712500000000000e+05
6.681761875000000000e+05
5.954520000000000000e+05
1.066965750000000000e+06
9.195016250000000000e+05
8.107258125000000000e+05
7.593001875000000000e+05
6.096784375000000000e+05
6.141992500000000000e+05
5.504261875000000000e+05
6.010563125000000000e+05
6.136399375000000000e+05
5.642193750000000000e+05
5.308886875000000000e+05
6.398016875000000000e+05
5.902498750000000000e+05
6.069108125000000000e+05
6.300437500000000000e+05
5.665971875000000000e+05
6.106620625000000000e+05
8.732645000000000000e+05
7.901377500000000000e+05
1.156857875000000000e+06
1.007317125000000000e+06
8.274008750000000000e+05
7.253772500000000000e+05
7.829673750000000000e+05
7.246786250000000000e+05
6.963701875000000000e+05
6.692781250000000000e+05
6.337428125000000000e+05
5.594765000000000000e+05
8.485008750000000000e+05
7.946756250000000000e+05
7.269536875000000000e+05
6.340780625000000000e+05
6.110970000000000000e+05
6.049891250000000000e+05
6.408983750000000000e+05
4.934551875000000000e+05
1.014138562500000000e+06
8.797140625000000000e+05
1.108357000000000000e+06
8.857531250000000000e+05
7.452641250000000000e+05
7.509522500000000000e+05
1.029552875000000000e+06
8.235851250000000000e+05
5.348427500000000000e+05
5.517851250000000000e+05
5.066910000000000000e+05
6.550105000000000000e+05
6.565635000000000000e+05
5.581737500000000000e+05
5.587526250000000000e+05
6.663188125000000000e+05
6.057602500000000000e+05
5.217490625000000000e+05
5.218521875000000000e+05
6.757591250000000000e+05
5.186813750000000000e+05
7.307338750000000000e+05
6.306670000000000000e+05
8.704452500000000000e+05
6.306401250000000000e+05
8.132817500000000000e+05
6.816941875000000000e+05
6.217208125000000000e+05
7.527492500000000000e+05
5.108025937500000000e+05
7.691483750000000000e+05
5.356203750000000000e+05
4.788417500000000000e+05
5.701536875000000000e+05
6.155176250000000000e+05
5.359989375000000000e+05
5.760915000000000000e+05
5.824512500000000000e+05
6.077567500000000000e+05
5.421871875000000000e+05
4.803970000000000000e+05
5.840949375000000000e+05
5.715966250000000000e+05
4.630495000000000000e+05
5.565808750000000000e+05
6.140925000000000000e+05
5.092072812500000000e+05
5.619109375000000000e+05
6.441766250000000000e+05
5.971003125000000000e+05
8.047836250000000000e+05
5.276947500000000000e+05
4.958949375000000000e+05
6.575499375000000000e+05
5.435679375000000000e+05
5.187978125000000000e+05
9.435291250000000000e+05
7.794853750000000000e+05
7.948765000000000000e+05
6.384338125000000000e+05
7.554295625000000000e+05
6.870103750000000000e+05
5.648950000000000000e+05
8.535781875000000000e+05
7.772736875000000000e+05
7.463104375000000000e+05
1.071657000000000000e+06
7.497068125000000000e+05
8.452536250000000000e+05
6.481272500000000000e+05
1.306589750000000000e+06
1.470611000000000000e+06
1.000837750000000000e+06
8.404153125000000000e+05
8.310160000000000000e+05
7.123790000000000000e+05
7.041485000000000000e+05
5.824347500000000000e+05
1.032893500000000000e+06
9.397477500000000000e+05
7.637950625000000000e+05
6.999346250000000000e+05
5.590895000000000000e+05
5.110575937500000000e+05
6.366174375000000000e+05
5.013662812500000000e+05
9.619976875000000000e+05
8.239135000000000000e+05
1.038608875000000000e+06
9.327390000000000000e+05
4.782361250000000000e+05
5.751527500000000000e+05
6.088205000000000000e+05
5.087699687500000000e+05
8.408025000000000000e+05
5.779676250000000000e+05
8.448369375000000000e+05
6.853166875000000000e+05
8.877628750000000000e+05
7.666424375000000000e+05
1.103868500000000000e+06
1.070625625000000000e+06
5.989566250000000000e+05
1.099906750000000000e+06
6.953782500000000000e+05
1.139909875000000000e+06
8.520978750000000000e+05
6.621884375000000000e+05
5.777914375000000000e+05
8.492207500000000000e+05
6.354006250000000000e+05
1.204884500000000000e+06
1.233767000000000000e+06
7.957317500000000000e+05
7.456352500000000000e+05
5.634941250000000000e+05
5.457463750000000000e+05
5.226234375000000000e+05
4.155303750000000000e+05
8.722020625000000000e+05
6.748492500000000000e+05
9.691325000000000000e+05
9.479070000000000000e+05
5.025613750000000000e+05
9.598948750000000000e+05
6.272762500000000000e+05
7.249141250000000000e+05
6.631670000000000000e+05
5.190683437500000000e+05
5.561141875000000000e+05
4.946540312500000000e+05
4.982624375000000000e+05
4.870962500000000000e+05
5.331301250000000000e+05
4.089836250000000000e+05
4.102387812500000000e+05
4.081839687500000000e+05
4.323326875000000000e+05
3.938120937500000000e+05
3.802275312500000000e+05
3.988809375000000000e+05
3.569227187500000000e+05
3.350399375000000000e+05
4.403744375000000000e+05
3.500210625000000000e+05
3.554918125000000000e+05
4.622285625000000000e+05
3.845910937500000000e+05
3.988738437500000000e+05
5.473051875000000000e+05
4.863979375000000000e+05
5.492875000000000000e+05
3.832720625000000000e+05
6.866745000000000000e+05
3.783731250000000000e+05
8.541338750000000000e+05
7.632095000000000000e+05
5.091851875000000000e+05
3.967596562500000000e+05
4.028535000000000000e+05
8.434547500000000000e+05
6.937150000000000000e+05
1.043806625000000000e+06
9.864625625000000000e+05
5.376053750000000000e+05
4.758340000000000000e+05
5.271885000000000000e+05
4.136869062500000000e+05
3.507665625000000000e+05
1.084033750000000000e+06
9.651353750000000000e+05
8.933491250000000000e+05
8.003392500000000000e+05
4.637862500000000000e+05
3.766905937500000000e+05
6.181007500000000000e+05
5.052997812500000000e+05
7.170638750000000000e+05
4.342140937500000000e+05
7.233793125000000000e+05
4.593900312500000000e+05
7.480082500000000000e+05
6.360571875000000000e+05
6.329394375000000000e+05
1.517665000000000000e+06
1.131211750000000000e+06
7.867796250000000000e+05
7.347731875000000000e+05
6.976687500000000000e+05
5.316736250000000000e+05
6.563945000000000000e+05
4.752940937500000000e+05
1.166335000000000000e+06
8.775026250000000000e+05
1.029181000000000000e+06
1.146195875000000000e+06
6.373918750000000000e+05
8.669855000000000000e+05
5.372361250000000000e+05
1.184076625000000000e+06
1.147808750000000000e+06
4.436789375000000000e+05
1.898468750000000000e+06
1.336485875000000000e+06
1.245309000000000000e+06
1.450269750000000000e+06
8.361147500000000000e+05
9.834917500000000000e+05
7.834541250000000000e+05
1.507702000000000000e+06
1.428286750000000000e+06
