4.305697000000000000e+06
6.330065500000000000e+06
5.358846000000000000e+06
2.682101750000000000e+06
3.707958750000000000e+06
4.838312500000000000e+06
4.117523000000000000e+06
2.708107000000000000e+06
2.457264500000000000e+06
2.984555500000000000e+06
2.992267500000000000e+06
2.521956500000000000e+06
2.193078250000000000e+06
2.337754750000000000e+06
2.372622250000000000e+06
2.175388000000000000e+06
1.710708500000000000e+06
2.150744500000000000e+06
2.137576000000000000e+06
1.764760125000000000e+06
1.825021875000000000e+06
1.940449500000000000e+06
1.802119750000000000e+06
1.470705750000000000e+06
1.541297250000000000e+06
1.548143875000000000e+06
1.348540375000000000e+06
1.266316000000000000e+06
1.545234500000000000e+06
1.643141000000000000e+06
1.444061750000000000e+06
1.474409750000000000e+06
1.520894000000000000e+06
1.409438000000000000e+06
1.134241000000000000e+06
1.545857625000000000e+06
1.965358250000000000e+06
1.871941250000000000e+06
1.401936000000000000e+06
1.198902000000000000e+06
1.310754500000000000e+06
1.329255500000000000e+06
1.094226875000000000e+06
1.181839125000000000e+06
1.428629500000000000e+06
1.296113750000000000e+06
1.044878500000000000e+06
1.176857500000000000e+06
1.383142500000000000e+06
1.400452750000000000e+06
1.178356750000000000e+06
1.203675375000000000e+06
1.377200000000000000e+06
1.255732500000000000e+06
9.370791250000000000e+05
1.167508750000000000e+06
1.419786375000000000e+06
1.331749500000000000e+06
1.016843875000000000e+06
1.004742875000000000e+06
1.235544375000000000e+06
1.168981500000000000e+06
9.125485000000000000e+05
1.082013500000000000e+06
1.319344250000000000e+06
1.247243000000000000e+06
9.848768750000000000e+05
9.860934375000000000e+05
1.199507750000000000e+06
1.163918750000000000e+06
9.586252500000000000e+05
1.015591500000000000e+06
1.168297500000000000e+06
1.114092000000000000e+06
8.787848125000000000e+05
9.815391875000000000e+05
1.206236750000000000e+06
1.139643750000000000e+06
8.660830000000000000e+05
9.347985000000000000e+05
1.122587500000000000e+06
1.061993875000000000e+06
8.471071875000000000e+05
9.448313125000000000e+05
1.145864000000000000e+06
1.086592250000000000e+06
8.540761875000000000e+05
9.069245000000000000e+05
1.112092250000000000e+06
1.045140500000000000e+06
8.060508750000000000e+05
9.080657500000000000e+05
1.112495250000000000e+06
1.055917250000000000e+06
8.316943750000000000e+05
8.536290625000000000e+05
1.041601875000000000e+06
9.807081250000000000e+05
7.687728125000000000e+05
8.991983750000000000e+05
1.094455875000000000e+06
1.030896937500000000e+06
8.137248125000000000e+05
8.278783750000000000e+05
1.019500250000000000e+06
9.742147500000000000e+05
8.275061250000000000e+05
9.164313750000000000e+05
1.002460562500000000e+06
9.211172500000000000e+05
7.603727500000000000e+05
1.015903562500000000e+06
1.230470000000000000e+06
1.139598750000000000e+06
9.709212500000000000e+05
8.841438750000000000e+05
9.636678750000000000e+05
9.276466250000000000e+05
7.782473125000000000e+05
8.046124375000000000e+05
8.056351250000000000e+05
8.729201250000000000e+05
8.273262500000000000e+05
7.690563750000000000e+05
8.158421875000000000e+05
8.126612500000000000e+05
6.946860000000000000e+05
8.577433125000000000e+05
8.678595625000000000e+05
7.557840000000000000e+05
7.775802500000000000e+05
7.993628750000000000e+05
6.963571875000000000e+05
7.319813125000000000e+05
7.731518750000000000e+05
7.383897500000000000e+05
6.305565000000000000e+05
6.800118750000000000e+05
6.440338750000000000e+05
6.787743125000000000e+05
6.858053125000000000e+05
6.506160000000000000e+05
6.281083750000000000e+05
6.323281250000000000e+05
6.056693750000000000e+05
6.291478750000000000e+05
6.298987500000000000e+05
6.220641250000000000e+05
6.011120000000000000e+05
6.346112500000000000e+05
5.987298750000000000e+05
5.834835000000000000e+05
5.834291250000000000e+05
5.778610000000000000e+05
6.123010625000000000e+05
6.118311250000000000e+05
5.983694375000000000e+05
5.453675000000000000e+05
5.796630000000000000e+05
6.381741250000000000e+05
5.874203750000000000e+05
5.836641250000000000e+05
6.398128750000000000e+05
5.849447500000000000e+05
5.743825625000000000e+05
6.019230000000000000e+05
6.463821250000000000e+05
6.528831875000000000e+05
5.614510000000000000e+05
6.769411250000000000e+05
7.489453125000000000e+05
6.448153125000000000e+05
8.349798750000000000e+05
9.716981250000000000e+05
8.581406250000000000e+05
6.279955625000000000e+05
8.624963750000000000e+05
1.222268750000000000e+06
1.235488250000000000e+06
9.294870625000000000e+05
8.339085000000000000e+05
9.774712500000000000e+05
8.338929375000000000e+05
5.727280000000000000e+05
7.896390625000000000e+05
1.029567500000000000e+06
9.093386250000000000e+05
5.945350000000000000e+05
6.912985000000000000e+05
9.561989375000000000e+05
9.007948750000000000e+05
6.246138750000000000e+05
6.253976875000000000e+05
8.070922500000000000e+05
7.384678750000000000e+05
5.369336250000000000e+05
6.951905000000000000e+05
9.214439375000000000e+05
8.539452500000000000e+05
6.068427500000000000e+05
6.023373750000000000e+05
7.960952500000000000e+05
7.511883750000000000e+05
5.309306250000000000e+05
6.122306250000000000e+05
7.922967500000000000e+05
7.249253750000000000e+05
5.223851875000000000e+05
6.411641250000000000e+05
8.486776875000000000e+05
7.735621250000000000e+05
5.382785000000000000e+05
5.943623125000000000e+05
7.828531875000000000e+05
7.214603750000000000e+05
5.090076250000000000e+05
6.040605000000000000e+05
7.916423125000000000e+05
7.400614375000000000e+05
5.056135625000000000e+05
5.854806875000000000e+05
7.663035000000000000e+05
7.106386250000000000e+05
5.080671250000000000e+05
5.753597500000000000e+05
7.466231875000000000e+05
6.892653750000000000e+05
4.906328125000000000e+05
5.951365625000000000e+05
7.799826250000000000e+05
7.217023750000000000e+05
5.090727187500000000e+05
5.539253125000000000e+05
7.252543750000000000e+05
6.733618750000000000e+05
4.748557500000000000e+05
5.904901875000000000e+05
7.645928750000000000e+05
7.139523125000000000e+05
5.102363437500000000e+05
5.417022500000000000e+05
7.035998750000000000e+05
6.514648125000000000e+05
4.670869375000000000e+05
5.825204375000000000e+05
7.456374375000000000e+05
6.887952500000000000e+05
4.995244687500000000e+05
5.619727500000000000e+05
6.905328750000000000e+05
6.270648750000000000e+05
4.723238437500000000e+05
6.113251250000000000e+05
7.353740000000000000e+05
6.482367500000000000e+05
4.751787500000000000e+05
6.098886875000000000e+05
7.687013750000000000e+05
6.960241250000000000e+05
4.904605000000000000e+05
5.522050000000000000e+05
7.015613125000000000e+05
6.369562500000000000e+05
4.574658125000000000e+05
5.714748750000000000e+05
7.427323750000000000e+05
6.899558750000000000e+05
4.765461875000000000e+05
5.321616875000000000e+05
6.902196250000000000e+05
6.452465000000000000e+05
4.671466250000000000e+05
5.306211250000000000e+05
6.809257500000000000e+05
6.266753750000000000e+05
4.574344687500000000e+05
5.518635000000000000e+05
7.122245000000000000e+05
6.521680000000000000e+05
4.681065937500000000e+05
5.276076875000000000e+05
6.886168125000000000e+05
6.338927500000000000e+05
4.512008750000000000e+05
5.349432500000000000e+05
6.903758125000000000e+05
6.381191250000000000e+05
4.628663437500000000e+05
5.145566875000000000e+05
6.651320000000000000e+05
6.135076250000000000e+05
4.408568750000000000e+05
5.347916250000000000e+05
6.876391250000000000e+05
6.346410000000000000e+05
4.667123437500000000e+05
5.087785000000000000e+05
6.347428125000000000e+05
5.746435000000000000e+05
4.471546875000000000e+05
5.621450000000000000e+05
6.444447500000000000e+05
5.508021250000000000e+05
4.444760000000000000e+05
4.763633125000000000e+05
4.853752500000000000e+05
4.668684375000000000e+05
4.187212500000000000e+05
4.352344687500000000e+05
4.392179687500000000e+05
5.142582187500000000e+05
5.237453750000000000e+05
4.929411875000000000e+05
4.811523125000000000e+05
4.694836562500000000e+05
4.837658125000000000e+05
5.186881875000000000e+05
4.915600000000000000e+05
4.767781875000000000e+05
4.042511250000000000e+05
3.960741250000000000e+05
4.479517812500000000e+05
4.485787812500000000e+05
4.441411875000000000e+05
4.021197500000000000e+05
4.594697187500000000e+05
4.319450000000000000e+05
4.429774375000000000e+05
4.587829375000000000e+05
4.070918125000000000e+05
3.951648750000000000e+05
4.088644375000000000e+05
4.111183437500000000e+05
3.926964375000000000e+05
3.866507500000000000e+05
3.982931562500000000e+05
3.918374375000000000e+05
4.012471562500000000e+05
3.971349375000000000e+05
3.805595000000000000e+05
3.733461875000000000e+05
3.865395625000000000e+05
3.809210937500000000e+05
3.903710000000000000e+05
3.713369375000000000e+05
4.111233437500000000e+05
3.885582812500000000e+05
4.019821875000000000e+05
4.085626875000000000e+05
3.630479062500000000e+05
3.708756875000000000e+05
3.804486250000000000e+05
3.768136875000000000e+05
3.652099062500000000e+05
3.595553750000000000e+05
3.695193125000000000e+05
3.487661250000000000e+05
4.123161562500000000e+05
3.828568125000000000e+05
3.631373437500000000e+05
3.719729375000000000e+05
3.611928125000000000e+05
3.586296875000000000e+05
3.727844375000000000e+05
3.746445000000000000e+05
3.431934687500000000e+05
3.376251250000000000e+05
3.668285625000000000e+05
3.543254375000000000e+05
3.764499375000000000e+05
3.472784375000000000e+05
3.789158750000000000e+05
3.920648437500000000e+05
3.408384687500000000e+05
3.477135937500000000e+05
3.416026875000000000e+05
3.366809375000000000e+05
3.627941562500000000e+05
3.356400625000000000e+05
4.010305625000000000e+05
3.732286875000000000e+05
3.376415000000000000e+05
3.529485625000000000e+05
3.462480937500000000e+05
3.418641875000000000e+05
3.408913750000000000e+05
3.364374062500000000e+05
3.519138750000000000e+05
3.170354375000000000e+05
3.921286562500000000e+05
3.931786250000000000e+05
3.253502500000000000e+05
3.372240000000000000e+05
3.334953750000000000e+05
3.288220625000000000e+05
3.434196250000000000e+05
3.351320625000000000e+05
3.398513750000000000e+05
3.132700625000000000e+05
3.761577500000000000e+05
3.751070625000000000e+05
3.211935625000000000e+05
3.279245937500000000e+05
3.357584375000000000e+05
3.316608437500000000e+05
3.305295312500000000e+05
3.247334375000000000e+05
3.308352500000000000e+05
3.168468437500000000e+05
3.378467812500000000e+05
3.352444375000000000e+05
3.215259687500000000e+05
3.032963750000000000e+05
3.651255625000000000e+05
3.489310000000000000e+05
3.159253750000000000e+05
3.150157500000000000e+05
3.319575312500000000e+05
3.232223437500000000e+05
3.243451875000000000e+05
3.234370625000000000e+05
3.212975625000000000e+05
3.076333750000000000e+05
3.295461875000000000e+05
3.230768750000000000e+05
3.230806250000000000e+05
3.192726250000000000e+05
3.151353437500000000e+05
3.064678437500000000e+05
3.241521875000000000e+05
3.055213750000000000e+05
3.513031875000000000e+05
3.348615625000000000e+05
3.028154062500000000e+05
3.071412500000000000e+05
3.127570625000000000e+05
3.014392500000000000e+05
3.305715000000000000e+05
2.982770625000000000e+05
3.579868125000000000e+05
3.342711875000000000e+05
3.187637812500000000e+05
3.461649062500000000e+05
2.987181875000000000e+05
2.994230937500000000e+05
3.057157500000000000e+05
2.942590937500000000e+05
3.313222500000000000e+05
3.161286250000000000e+05
3.064990937500000000e+05
3.053927500000000000e+05
3.026096250000000000e+05
2.951759375000000000e+05
3.170265625000000000e+05
3.087491250000000000e+05
3.021700000000000000e+05
2.981850000000000000e+05
3.081363437500000000e+05
2.976945000000000000e+05
3.099553750000000000e+05
3.025277500000000000e+05
3.030113125000000000e+05
2.992217500000000000e+05
2.990163437500000000e+05
2.897894375000000000e+05
3.117983750000000000e+05
3.030397500000000000e+05
2.988141250000000000e+05
2.922337500000000000e+05
3.006486250000000000e+05
2.919180312500000000e+05
3.020349375000000000e+05
2.922232500000000000e+05
3.082996562500000000e+05
3.033924687500000000e+05
2.852321875000000000e+05
2.835625625000000000e+05
3.015908750000000000e+05
2.898788125000000000e+05
3.019955625000000000e+05
2.972190625000000000e+05
2.956479375000000000e+05
2.951970625000000000e+05
2.856764375000000000e+05
2.806736562500000000e+05
3.005622500000000000e+05
2.886701250000000000e+05
2.953047500000000000e+05
2.924742812500000000e+05
2.868783125000000000e+05
2.828810000000000000e+05
2.960195625000000000e+05
2.893182187500000000e+05
2.881576875000000000e+05
2.828374375000000000e+05
2.899987500000000000e+05
2.814883750000000000e+05
2.933751250000000000e+05
2.770975312500000000e+05
3.015632812500000000e+05
2.958326875000000000e+05
2.770941875000000000e+05
2.736931562500000000e+05
2.929153437500000000e+05
2.793815625000000000e+05
2.945540000000000000e+05
2.731607500000000000e+05
3.286468125000000000e+05
2.969179375000000000e+05
3.227295937500000000e+05
3.338723125000000000e+05
2.687465312500000000e+05
2.796737812500000000e+05
2.941153125000000000e+05
2.920180312500000000e+05
2.743186562500000000e+05
2.645878437500000000e+05
2.930407812500000000e+05
2.792496875000000000e+05
2.965778125000000000e+05
2.973710000000000000e+05
2.641670625000000000e+05
2.629822187500000000e+05
2.897639687500000000e+05
2.727716875000000000e+05
3.001199687500000000e+05
2.658508750000000000e+05
3.099844687500000000e+05
3.093179062500000000e+05
2.700210000000000000e+05
2.852603750000000000e+05
2.780750000000000000e+05
2.766979062500000000e+05
2.670008437500000000e+05
2.614951562500000000e+05
2.909054375000000000e+05
2.562835625000000000e+05
3.307969062500000000e+05
3.041750000000000000e+05
2.718005625000000000e+05
2.889317500000000000e+05
2.760078750000000000e+05
2.783397187500000000e+05
2.659584375000000000e+05
2.587488437500000000e+05
2.843613125000000000e+05
2.679284062500000000e+05
2.861824375000000000e+05
2.795543125000000000e+05
2.622179375000000000e+05
2.572168125000000000e+05
2.857122812500000000e+05
2.775776250000000000e+05
2.659427187500000000e+05
2.442183125000000000e+05
3.220080937500000000e+05
2.809353125000000000e+05
2.867311562500000000e+05
3.138802500000000000e+05
2.500331093750000000e+05
2.490472812500000000e+05
2.686758750000000000e+05
2.552076250000000000e+05
3.131943125000000000e+05
2.692585000000000000e+05
3.316205625000000000e+05
3.987906875000000000e+05
2.629031250000000000e+05
5.436300000000000000e+05
7.685660000000000000e+05
6.834751250000000000e+05
3.636865625000000000e+05
4.073861250000000000e+05
6.705111250000000000e+05
6.406834375000000000e+05
3.633755000000000000e+05
3.406614062500000000e+05
5.182655625000000000e+05
4.483712500000000000e+05
2.518798750000000000e+05
5.010852187500000000e+05
6.776065000000000000e+05
5.577341875000000000e+05
2.990013750000000000e+05
5.201523437500000000e+05
7.370726250000000000e+05
6.399730000000000000e+05
3.339694375000000000e+05
4.549190000000000000e+05
6.556624375000000000e+05
5.560268750000000000e+05
3.156375937500000000e+05
5.151521250000000000e+05
6.451358125000000000e+05
4.721646562500000000e+05
3.428734375000000000e+05
3.234270000000000000e+05
3.312269375000000000e+05
2.863792187500000000e+05
3.506342812500000000e+05
3.931292812500000000e+05
2.953051875000000000e+05
4.777872187500000000e+05
6.086312500000000000e+05
4.491316250000000000e+05
3.625862500000000000e+05
5.028266562500000000e+05
4.202363750000000000e+05
5.198502500000000000e+05
6.553372500000000000e+05
5.313821250000000000e+05
4.633157500000000000e+05
5.231393125000000000e+05
3.828262187500000000e+05
3.988146875000000000e+05
4.492291875000000000e+05
3.166646875000000000e+05
4.810866562500000000e+05
6.311475000000000000e+05
5.202777187500000000e+05
4.731043750000000000e+05
4.296980312500000000e+05
2.676878750000000000e+05
4.583837187500000000e+05
4.706423125000000000e+05
4.094391562500000000e+05
6.913793750000000000e+05
7.192779375000000000e+05
6.597461875000000000e+05
7.064751250000000000e+05
6.710728750000000000e+05
6.363082500000000000e+05
6.228248750000000000e+05
3.502790000000000000e+05
4.355207500000000000e+05
5.096432500000000000e+05
3.702587187500000000e+05
4.135082812500000000e+05
4.758883750000000000e+05
3.686113125000000000e+05
3.728619375000000000e+05
4.568604687500000000e+05
3.546690312500000000e+05
3.805525625000000000e+05
4.859540000000000000e+05
3.626699062500000000e+05
2.972734062500000000e+05
4.071123750000000000e+05
3.243095000000000000e+05
4.056769062500000000e+05
5.374022500000000000e+05
4.228104062500000000e+05
3.782840000000000000e+05
3.915730625000000000e+05
3.316870937500000000e+05
3.691558437500000000e+05
4.397383125000000000e+05
3.521703750000000000e+05
3.565826562500000000e+05
4.050501250000000000e+05
3.264181250000000000e+05
3.264883125000000000e+05
4.021920625000000000e+05
3.206385625000000000e+05
3.501532500000000000e+05
4.110468750000000000e+05
3.215575000000000000e+05
3.166309375000000000e+05
3.753138750000000000e+05
2.970000000000000000e+05
3.241445625000000000e+05
4.066556875000000000e+05
3.266203125000000000e+05
3.248700625000000000e+05
3.743296562500000000e+05
3.100203437500000000e+05
3.357281875000000000e+05
3.904323437500000000e+05
2.792699687500000000e+05
3.289322500000000000e+05
4.032340937500000000e+05
3.114597500000000000e+05
3.238823437500000000e+05
3.589499062500000000e+05
2.799767500000000000e+05
3.197536875000000000e+05
3.821916875000000000e+05
2.828460625000000000e+05
2.944135625000000000e+05
3.513804375000000000e+05
2.651566875000000000e+05
3.112130000000000000e+05
3.782495937500000000e+05
2.811154375000000000e+05
2.969676562500000000e+05
3.541197500000000000e+05
2.649759375000000000e+05
3.000067500000000000e+05
3.693027500000000000e+05
2.791052500000000000e+05
2.921409062500000000e+05
3.652707500000000000e+05
2.897562500000000000e+05
2.951195625000000000e+05
3.605541250000000000e+05
2.744946875000000000e+05
2.925453125000000000e+05
3.536269062500000000e+05
2.667423125000000000e+05
2.920885625000000000e+05
3.631974687500000000e+05
2.842994687500000000e+05
2.848248125000000000e+05
3.493160000000000000e+05
2.571652812500000000e+05
2.878310625000000000e+05
3.439423125000000000e+05
2.652173437500000000e+05
3.155708437500000000e+05
3.472031250000000000e+05
2.536936875000000000e+05
3.035142812500000000e+05
3.681448750000000000e+05
2.687594062500000000e+05
2.755953437500000000e+05
3.384477187500000000e+05
2.541902500000000000e+05
2.985011250000000000e+05
3.811539375000000000e+05
2.875035312500000000e+05
2.708043750000000000e+05
3.364712812500000000e+05
2.808497500000000000e+05
2.869411875000000000e+05
3.471945625000000000e+05
2.601749531250000000e+05
2.747568750000000000e+05
3.295818125000000000e+05
2.487361875000000000e+05
2.914026875000000000e+05
3.535250937500000000e+05
2.566969062500000000e+05
2.757958437500000000e+05
3.363011562500000000e+05
2.491909375000000000e+05
2.777881562500000000e+05
3.399126875000000000e+05
2.478330312500000000e+05
2.817176875000000000e+05
3.431090000000000000e+05
2.560082343750000000e+05
2.665500625000000000e+05
3.258868750000000000e+05
2.418462187500000000e+05
2.822421875000000000e+05
3.432551250000000000e+05
2.530557500000000000e+05
2.682109375000000000e+05
3.174418125000000000e+05
2.342769375000000000e+05
2.973051562500000000e+05
3.489482500000000000e+05
2.521698437500000000e+05
2.856077500000000000e+05
3.283481875000000000e+05
2.373867500000000000e+05
2.834165312500000000e+05
3.510584375000000000e+05
2.574355468750000000e+05
2.628520312500000000e+05
3.226743125000000000e+05
2.419843906250000000e+05
2.657591562500000000e+05
3.200804375000000000e+05
2.374136406250000000e+05
2.832778437500000000e+05
3.444189375000000000e+05
2.516141250000000000e+05
2.598773125000000000e+05
3.180094375000000000e+05
2.375442187500000000e+05
2.734275937500000000e+05
3.321820000000000000e+05
2.432124843750000000e+05
2.678010937500000000e+05
3.273219375000000000e+05
2.411437968750000000e+05
2.659951875000000000e+05
3.223075625000000000e+05
2.391690468750000000e+05
2.671498750000000000e+05
3.267358750000000000e+05
2.379151875000000000e+05
2.704852187500000000e+05
3.279232500000000000e+05
2.424555937500000000e+05
2.597015937500000000e+05
3.178715625000000000e+05
2.356530000000000000e+05
2.718491250000000000e+05
3.299631562500000000e+05
2.435423593750000000e+05
2.582669687500000000e+05
3.171637187500000000e+05
2.353681562500000000e+05
2.651415625000000000e+05
3.214078750000000000e+05
2.371702500000000000e+05
2.625955625000000000e+05
3.214888750000000000e+05
2.352050312500000000e+05
2.645146250000000000e+05
3.248682812500000000e+05
2.392015937500000000e+05
2.575306250000000000e+05
3.154642500000000000e+05
2.326485000000000000e+05
2.656410000000000000e+05
3.224709375000000000e+05
2.375757343750000000e+05
2.576390312500000000e+05
3.156034687500000000e+05
2.317215156250000000e+05
2.645792500000000000e+05
3.203323125000000000e+05
2.363628281250000000e+05
2.587004375000000000e+05
3.175663750000000000e+05
2.327343437500000000e+05
2.616947031250000000e+05
3.155733437500000000e+05
2.333944687500000000e+05
2.562293906250000000e+05
3.138477500000000000e+05
2.284512187500000000e+05
2.664628750000000000e+05
3.238746562500000000e+05
2.372763125000000000e+05
2.553401093750000000e+05
3.110789687500000000e+05
2.261071562500000000e+05
2.615723437500000000e+05
3.176695625000000000e+05
2.357723437500000000e+05
2.547767187500000000e+05
3.107631875000000000e+05
2.275863593750000000e+05
2.626332500000000000e+05
3.213292500000000000e+05
2.337548593750000000e+05
2.551594687500000000e+05
3.071359375000000000e+05
2.244099843750000000e+05
2.707891250000000000e+05
3.276188125000000000e+05
2.379386093750000000e+05
2.471284062500000000e+05
3.019666875000000000e+05
2.240345937500000000e+05
2.663814062500000000e+05
3.186393437500000000e+05
2.319007812500000000e+05
2.586746562500000000e+05
2.947390937500000000e+05
2.195164843750000000e+05
3.095799375000000000e+05
3.358697812500000000e+05
2.281957656250000000e+05
3.171936250000000000e+05
3.772232187500000000e+05
2.476768750000000000e+05
2.548811875000000000e+05
3.035250625000000000e+05
2.232893906250000000e+05
2.776391250000000000e+05
3.344016562500000000e+05
2.429606875000000000e+05
2.600798125000000000e+05
3.135585625000000000e+05
2.241409062500000000e+05
2.747940937500000000e+05
3.309603125000000000e+05
2.381683437500000000e+05
2.654085625000000000e+05
3.214755000000000000e+05
2.314860937500000000e+05
2.651165000000000000e+05
3.199206875000000000e+05
2.333148281250000000e+05
2.653210937500000000e+05
3.223129375000000000e+05
2.313415000000000000e+05
2.701561562500000000e+05
3.346998437500000000e+05
2.419756250000000000e+05
2.536837812500000000e+05
3.032720937500000000e+05
2.231467187500000000e+05
2.749362500000000000e+05
3.288862812500000000e+05
2.333510000000000000e+05
2.698645000000000000e+05
3.333301562500000000e+05
2.388647656250000000e+05
2.558696406250000000e+05
3.060030625000000000e+05
2.243819375000000000e+05
2.676192812500000000e+05
3.253217500000000000e+05
2.318431562500000000e+05
2.694499375000000000e+05
3.250077812500000000e+05
2.347547343750000000e+05
2.517454218750000000e+05
3.043775625000000000e+05
2.241453125000000000e+05
2.662945312500000000e+05
3.193289375000000000e+05
2.283440625000000000e+05
2.562179218750000000e+05
3.147927187500000000e+05
2.286459531250000000e+05
2.622810937500000000e+05
3.147155937500000000e+05
2.271651093750000000e+05
2.529508125000000000e+05
3.075540937500000000e+05
2.253140000000000000e+05
2.657552812500000000e+05
3.192727500000000000e+05
2.284740468750000000e+05
2.501965937500000000e+05
3.029034375000000000e+05
2.222337031250000000e+05
2.690155000000000000e+05
3.205587500000000000e+05
2.312795937500000000e+05
2.575412500000000000e+05
3.138759375000000000e+05
2.270409062500000000e+05
2.608950625000000000e+05
3.125972500000000000e+05
2.298170000000000000e+05
2.564254062500000000e+05
3.029815312500000000e+05
2.195180781250000000e+05
2.704850000000000000e+05
3.224408750000000000e+05
2.333329687500000000e+05
2.594337187500000000e+05
3.093939062500000000e+05
2.206727031250000000e+05
2.618103437500000000e+05
3.163777812500000000e+05
2.289824687500000000e+05
2.629260625000000000e+05
3.125638750000000000e+05
2.211359375000000000e+05
2.685035000000000000e+05
3.242555312500000000e+05
2.338789218750000000e+05
2.634818125000000000e+05
3.168017812500000000e+05
2.249937500000000000e+05
2.659251562500000000e+05
3.198243125000000000e+05
2.302729218750000000e+05
2.683216875000000000e+05
3.054240625000000000e+05
2.189915937500000000e+05
3.012314062500000000e+05
3.256524062500000000e+05
2.273040625000000000e+05
3.100890625000000000e+05
3.380149687500000000e+05
2.288983437500000000e+05
2.981847500000000000e+05
3.535483437500000000e+05
2.434377968750000000e+05
2.831976250000000000e+05
3.391490000000000000e+05
2.395690312500000000e+05
2.904480937500000000e+05
3.436830000000000000e+05
2.392995312500000000e+05
2.798334375000000000e+05
3.398213750000000000e+05
2.427514218750000000e+05
2.701661562500000000e+05
3.226488750000000000e+05
2.310394218750000000e+05
2.717440625000000000e+05
3.248666250000000000e+05
2.284372187500000000e+05
2.732023750000000000e+05
3.189153125000000000e+05
2.282150312500000000e+05
2.786910312500000000e+05
3.100584687500000000e+05
2.222923125000000000e+05
3.003486562500000000e+05
3.272396875000000000e+05
2.266080781250000000e+05
3.003821875000000000e+05
3.320756875000000000e+05
2.284206093750000000e+05
2.890951250000000000e+05
3.199782812500000000e+05
2.272484218750000000e+05
2.946487500000000000e+05
3.214625625000000000e+05
2.253860000000000000e+05
3.158868750000000000e+05
3.448468125000000000e+05
2.353557812500000000e+05
3.109763750000000000e+05
3.448926250000000000e+05
2.353502968750000000e+05
3.078186250000000000e+05
3.411118125000000000e+05
2.386736093750000000e+05
3.117826250000000000e+05
3.320333437500000000e+05
2.287113125000000000e+05
3.309621562500000000e+05
3.973169375000000000e+05
2.768296875000000000e+05
2.854837812500000000e+05
3.495732187500000000e+05
2.594125312500000000e+05
2.674595625000000000e+05
3.367552500000000000e+05
2.444275156250000000e+05
3.256979375000000000e+05
3.931273750000000000e+05
2.595458593750000000e+05
2.996177500000000000e+05
3.765896250000000000e+05
2.589638125000000000e+05
3.098925000000000000e+05
3.826851250000000000e+05
2.581795000000000000e+05
3.279461562500000000e+05
4.105300000000000000e+05
2.701721562500000000e+05
2.970968125000000000e+05
3.691398750000000000e+05
2.468923125000000000e+05
3.396798750000000000e+05
4.331877187500000000e+05
2.962151250000000000e+05
2.946032812500000000e+05
3.776114687500000000e+05
2.851100625000000000e+05
2.857685312500000000e+05
3.530388125000000000e+05
2.548460312500000000e+05
2.686154687500000000e+05
3.161955625000000000e+05
2.307688906250000000e+05
2.909459375000000000e+05
3.487740000000000000e+05
2.475127187500000000e+05
2.679794687500000000e+05
3.229746250000000000e+05
2.328126406250000000e+05
2.791546875000000000e+05
3.278856250000000000e+05
2.327021562500000000e+05
2.733187187500000000e+05
3.296946875000000000e+05
2.367206875000000000e+05
2.721338750000000000e+05
3.225963750000000000e+05
2.287263906250000000e+05
2.507347812500000000e+05
3.031750312500000000e+05
2.250329062500000000e+05
2.669464375000000000e+05
3.153744375000000000e+05
2.219538906250000000e+05
2.550057187500000000e+05
3.092111250000000000e+05
2.272278125000000000e+05
2.513521562500000000e+05
2.993690625000000000e+05
2.121499687500000000e+05
2.553694375000000000e+05
3.036931250000000000e+05
2.218644218750000000e+05
2.557450000000000000e+05
3.043768750000000000e+05
2.154483750000000000e+05
2.481558593750000000e+05
3.040243125000000000e+05
2.231949843750000000e+05
2.378890000000000000e+05
2.881183125000000000e+05
2.086798750000000000e+05
2.453352500000000000e+05
2.959992187500000000e+05
2.147822500000000000e+05
2.435343125000000000e+05
2.751894687500000000e+05
1.972445000000000000e+05
2.726005937500000000e+05
3.019738750000000000e+05
2.116368437500000000e+05
2.729754375000000000e+05
3.095715625000000000e+05
2.135719687500000000e+05
2.529262187500000000e+05
2.885665937500000000e+05
2.041168125000000000e+05
2.722600000000000000e+05
3.022271250000000000e+05
2.093913125000000000e+05
2.796980000000000000e+05
3.161299687500000000e+05
2.196195312500000000e+05
2.587055625000000000e+05
2.990533125000000000e+05
2.144851562500000000e+05
2.712477500000000000e+05
3.049811562500000000e+05
2.099813750000000000e+05
2.686958125000000000e+05
3.071253125000000000e+05
2.173663906250000000e+05
2.803343437500000000e+05
3.349880000000000000e+05
2.349660312500000000e+05
2.533046406250000000e+05
3.321842500000000000e+05
2.389380468750000000e+05
2.700804062500000000e+05
3.430166562500000000e+05
2.361846562500000000e+05
2.683483437500000000e+05
3.601763750000000000e+05
2.645091250000000000e+05
2.710368437500000000e+05
3.374316250000000000e+05
2.513155468750000000e+05
2.492929375000000000e+05
3.136304687500000000e+05
2.278383437500000000e+05
2.619655312500000000e+05
3.203556562500000000e+05
2.277584687500000000e+05
2.409451562500000000e+05
2.909753750000000000e+05
2.138720625000000000e+05
2.500505312500000000e+05
2.788023437500000000e+05
1.978830312500000000e+05
2.726771875000000000e+05
3.326895000000000000e+05
2.362069062500000000e+05
2.331654062500000000e+05
2.719435000000000000e+05
1.982780937500000000e+05
2.483798593750000000e+05
2.906910000000000000e+05
2.145063125000000000e+05
2.801042500000000000e+05
3.348500312500000000e+05
2.335048437500000000e+05
2.160408437500000000e+05
2.653356875000000000e+05
1.975012500000000000e+05
2.576214062500000000e+05
3.196929375000000000e+05
2.307384843750000000e+05
2.173698750000000000e+05
2.598738750000000000e+05
1.907191406250000000e+05
2.371679531250000000e+05
2.844652500000000000e+05
2.087317187500000000e+05
2.392642187500000000e+05
2.662657812500000000e+05
1.917835625000000000e+05
2.608165312500000000e+05
2.922829375000000000e+05
2.091987343750000000e+05
2.527013281250000000e+05
3.077331875000000000e+05
2.186817187500000000e+05
2.294386406250000000e+05
2.812222812500000000e+05
1.965276718750000000e+05
2.555258593750000000e+05
3.161805937500000000e+05
2.289261406250000000e+05
2.329444687500000000e+05
3.000840312500000000e+05
2.087441875000000000e+05
2.507891718750000000e+05
3.420210000000000000e+05
2.556023281250000000e+05
2.422645312500000000e+05
3.019491875000000000e+05
2.202336718750000000e+05
2.399608437500000000e+05
3.003833125000000000e+05
2.267810937500000000e+05
2.581406562500000000e+05
3.277171250000000000e+05
2.408245625000000000e+05
2.274857656250000000e+05
2.864554375000000000e+05
2.055429218750000000e+05
2.296883437500000000e+05
2.808125625000000000e+05
2.039851875000000000e+05
2.394171093750000000e+05
2.903223125000000000e+05
2.075189531250000000e+05
2.268509062500000000e+05
2.778460000000000000e+05
1.998663906250000000e+05
2.190308125000000000e+05
2.679934375000000000e+05
1.959834375000000000e+05
2.261918750000000000e+05
2.676275625000000000e+05
1.941965937500000000e+05
2.326555156250000000e+05
2.764255937500000000e+05
1.967696875000000000e+05
2.260389218750000000e+05
2.748185625000000000e+05
2.016025000000000000e+05
2.212774687500000000e+05
2.647945625000000000e+05
1.928259687500000000e+05
2.281333906250000000e+05
2.737794375000000000e+05
1.974760781250000000e+05
2.282336250000000000e+05
2.786875625000000000e+05
1.962810625000000000e+05
2.221160937500000000e+05
2.694673750000000000e+05
1.956461250000000000e+05
2.202081875000000000e+05
2.664356875000000000e+05
1.920037812500000000e+05
2.301741562500000000e+05
2.784761562500000000e+05
1.938335312500000000e+05
2.244900625000000000e+05
2.730465000000000000e+05
1.928150156250000000e+05
2.240035625000000000e+05
2.703175625000000000e+05
1.939839843750000000e+05
2.271467187500000000e+05
2.740940000000000000e+05
1.928441250000000000e+05
2.290243281250000000e+05
2.730841875000000000e+05
1.943640937500000000e+05
2.300071718750000000e+05
2.737502500000000000e+05
1.938880625000000000e+05
2.341640312500000000e+05
2.831612187500000000e+05
1.993910937500000000e+05
2.329398593750000000e+05
2.787642500000000000e+05
1.968921250000000000e+05
2.333637656250000000e+05
2.768110625000000000e+05
1.989356875000000000e+05
2.403603281250000000e+05
2.848715625000000000e+05
1.998024062500000000e+05
2.451190312500000000e+05
2.900769375000000000e+05
2.018267656250000000e+05
2.348332500000000000e+05
2.802595312500000000e+05
2.007158125000000000e+05
2.505223750000000000e+05
2.913781562500000000e+05
1.979762500000000000e+05
2.470186875000000000e+05
2.961166875000000000e+05
2.096476875000000000e+05
2.578208125000000000e+05
2.981827500000000000e+05
2.036559218750000000e+05
2.461014375000000000e+05
2.950981875000000000e+05
2.141776250000000000e+05
2.691127500000000000e+05
3.144156562500000000e+05
2.108457812500000000e+05
2.474400937500000000e+05
3.015116875000000000e+05
2.142252656250000000e+05
2.554268125000000000e+05
3.028649062500000000e+05
2.098417968750000000e+05
2.399076562500000000e+05
2.929322812500000000e+05
2.095771875000000000e+05
2.421811093750000000e+05
2.909651250000000000e+05
2.026005781250000000e+05
2.296514531250000000e+05
2.814916875000000000e+05
2.033291875000000000e+05
2.279793437500000000e+05
2.723683125000000000e+05
1.931851562500000000e+05
2.219552500000000000e+05
2.707636562500000000e+05
1.963670625000000000e+05
2.257015312500000000e+05
2.734871250000000000e+05
1.918856875000000000e+05
2.209989843750000000e+05
2.682095000000000000e+05
1.916214375000000000e+05
2.206822656250000000e+05
2.655527500000000000e+05
1.882358593750000000e+05
2.222280000000000000e+05
2.693953125000000000e+05
1.903314687500000000e+05
2.184887968750000000e+05
2.659068437500000000e+05
1.874320625000000000e+05
2.201457500000000000e+05
2.682292500000000000e+05
1.917702500000000000e+05
2.146630000000000000e+05
2.597485000000000000e+05
1.822385625000000000e+05
2.285882968750000000e+05
2.783787187500000000e+05
1.940374687500000000e+05
2.082155937500000000e+05
2.447739375000000000e+05
1.764581562500000000e+05
2.385217500000000000e+05
2.658199375000000000e+05
1.897132812500000000e+05
2.536915937500000000e+05
2.721121875000000000e+05
1.792304843750000000e+05
2.721301562500000000e+05
3.068519375000000000e+05
1.990355937500000000e+05
2.590405625000000000e+05
2.933476250000000000e+05
1.890903906250000000e+05
2.665738437500000000e+05
2.966272500000000000e+05
1.908928125000000000e+05
2.954025000000000000e+05
3.248080625000000000e+05
2.087767500000000000e+05
2.665216250000000000e+05
3.203043750000000000e+05
2.124922343750000000e+05
2.625316875000000000e+05
3.211990625000000000e+05
2.175268125000000000e+05
2.580609843750000000e+05
3.151722500000000000e+05
2.160540000000000000e+05
2.337951875000000000e+05
2.855913750000000000e+05
2.012208750000000000e+05
2.498271875000000000e+05
3.002445625000000000e+05
2.053090312500000000e+05
2.308309843750000000e+05
2.834190625000000000e+05
1.981952187500000000e+05
2.432290781250000000e+05
3.008971875000000000e+05
2.135786406250000000e+05
2.407660468750000000e+05
2.804338125000000000e+05
1.922998437500000000e+05
2.617427812500000000e+05
3.123223125000000000e+05
2.046079062500000000e+05
2.689578125000000000e+05
3.137750000000000000e+05
2.065098125000000000e+05
2.510392187500000000e+05
3.079321875000000000e+05
2.145730000000000000e+05
2.447057343750000000e+05
2.952168750000000000e+05
2.030774062500000000e+05
2.714781875000000000e+05
3.364197500000000000e+05
2.214884687500000000e+05
2.472149687500000000e+05
3.106364375000000000e+05
2.080043750000000000e+05
2.681797500000000000e+05
3.296503125000000000e+05
2.152008437500000000e+05
3.021984375000000000e+05
3.787406250000000000e+05
2.481260937500000000e+05
2.708304375000000000e+05
3.443745625000000000e+05
2.537745000000000000e+05
2.712395937500000000e+05
3.309943125000000000e+05
2.231359218750000000e+05
2.755444375000000000e+05
3.526903750000000000e+05
2.473990312500000000e+05
3.078215625000000000e+05
4.041707500000000000e+05
2.710108437500000000e+05
2.550649062500000000e+05
3.242600000000000000e+05
2.386478750000000000e+05
2.883398750000000000e+05
3.689469062500000000e+05
2.520872343750000000e+05
2.404098281250000000e+05
3.159888125000000000e+05
2.407584062500000000e+05
2.209751562500000000e+05
2.749790312500000000e+05
2.001471250000000000e+05
2.360725937500000000e+05
2.958689062500000000e+05
2.194367656250000000e+05
2.271333125000000000e+05
2.880553750000000000e+05
2.135074218750000000e+05
2.173669687500000000e+05
2.718751250000000000e+05
1.981287187500000000e+05
2.216105000000000000e+05
2.852461562500000000e+05
2.141805625000000000e+05
2.225850000000000000e+05
2.755920625000000000e+05
2.021425000000000000e+05
2.111416562500000000e+05
2.663769687500000000e+05
1.995556875000000000e+05
2.289584687500000000e+05
2.855687500000000000e+05
2.039914062500000000e+05
2.145961562500000000e+05
2.669085625000000000e+05
1.946157812500000000e+05
2.292602031250000000e+05
2.881240937500000000e+05
2.118274218750000000e+05
2.342487187500000000e+05
2.899326250000000000e+05
2.063483125000000000e+05
2.346190781250000000e+05
2.886452812500000000e+05
1.989243125000000000e+05
2.425987500000000000e+05
2.978619375000000000e+05
2.080074687500000000e+05
2.246420312500000000e+05
2.676703750000000000e+05
1.906881875000000000e+05
2.320211562500000000e+05
2.786423437500000000e+05
1.968296875000000000e+05
2.285330000000000000e+05
2.760736250000000000e+05
1.951341250000000000e+05
2.135012343750000000e+05
2.555389375000000000e+05
1.872352343750000000e+05
2.210042656250000000e+05
2.575664062500000000e+05
1.820601562500000000e+05
2.185602500000000000e+05
2.664690625000000000e+05
1.900203750000000000e+05
2.105819687500000000e+05
2.508795156250000000e+05
1.792849375000000000e+05
2.119284062500000000e+05
2.538800625000000000e+05
1.830138281250000000e+05
2.142313593750000000e+05
2.607998750000000000e+05
1.849128750000000000e+05
2.038338750000000000e+05
2.456338750000000000e+05
1.754581093750000000e+05
2.057502187500000000e+05
2.490259687500000000e+05
1.785174062500000000e+05
2.097507500000000000e+05
2.530346875000000000e+05
1.793732968750000000e+05
1.990401562500000000e+05
2.400117187500000000e+05
1.738707343750000000e+05
2.008633437500000000e+05
2.447884687500000000e+05
1.728352500000000000e+05
1.924213750000000000e+05
2.407070312500000000e+05
1.754493125000000000e+05
1.964937812500000000e+05
2.398264062500000000e+05
1.715955625000000000e+05
1.858079687500000000e+05
2.279737968750000000e+05
1.662700937500000000e+05
1.974118125000000000e+05
2.381417343750000000e+05
1.693191718750000000e+05
1.886735000000000000e+05
2.348857031250000000e+05
1.680708593750000000e+05
1.887380625000000000e+05
2.294582343750000000e+05
1.645244687500000000e+05
1.928428125000000000e+05
2.347216875000000000e+05
1.667471875000000000e+05
1.944238906250000000e+05
2.383575312500000000e+05
1.663410937500000000e+05
1.891846250000000000e+05
2.319462187500000000e+05
1.658975000000000000e+05
1.943477187500000000e+05
2.376083437500000000e+05
1.676438125000000000e+05
1.895833593750000000e+05
2.318655000000000000e+05
1.645025937500000000e+05
1.960035625000000000e+05
2.394148125000000000e+05
1.670889687500000000e+05
1.912812343750000000e+05
2.353037968750000000e+05
1.665260625000000000e+05
1.987516875000000000e+05
2.400698437500000000e+05
1.674567187500000000e+05
1.883732812500000000e+05
2.303862968750000000e+05
1.643856875000000000e+05
2.044252656250000000e+05
2.466752812500000000e+05
1.706415000000000000e+05
1.937391250000000000e+05
2.391159687500000000e+05
1.697102812500000000e+05
2.034206875000000000e+05
2.435502031250000000e+05
1.683571406250000000e+05
1.968371562500000000e+05
2.379690000000000000e+05
1.658727812500000000e+05
2.126979531250000000e+05
2.450045937500000000e+05
1.670425000000000000e+05
2.217052500000000000e+05
2.491898437500000000e+05
1.707943750000000000e+05
2.283953125000000000e+05
2.539783125000000000e+05
1.766276250000000000e+05
2.313963281250000000e+05
2.551607031250000000e+05
1.751357500000000000e+05
2.398390468750000000e+05
2.615328437500000000e+05
1.779511093750000000e+05
2.459474218750000000e+05
2.968903125000000000e+05
1.970618750000000000e+05
2.206465312500000000e+05
2.803095000000000000e+05
1.950529375000000000e+05
2.253777343750000000e+05
3.018249375000000000e+05
2.064772187500000000e+05
2.319336093750000000e+05
3.135067500000000000e+05
2.181081875000000000e+05
2.133693750000000000e+05
2.748822187500000000e+05
2.040497031250000000e+05
2.105621093750000000e+05
2.704864375000000000e+05
1.919669687500000000e+05
2.095721250000000000e+05
2.696858750000000000e+05
1.926119375000000000e+05
2.169349531250000000e+05
2.848855000000000000e+05
2.001641875000000000e+05
2.019581562500000000e+05
2.612558750000000000e+05
1.977711875000000000e+05
1.956797187500000000e+05
2.437105000000000000e+05
1.787136562500000000e+05
2.209067031250000000e+05
2.831936250000000000e+05
1.984042187500000000e+05
2.141273437500000000e+05
2.754080625000000000e+05
1.944218750000000000e+05
2.109653125000000000e+05
2.702876875000000000e+05
2.014138906250000000e+05
1.987823437500000000e+05
2.518942500000000000e+05
1.825747343750000000e+05
2.117615937500000000e+05
2.721354062500000000e+05
1.970795312500000000e+05
2.186129218750000000e+05
2.843966875000000000e+05
2.008896093750000000e+05
2.130408593750000000e+05
2.699120625000000000e+05
1.884935625000000000e+05
2.268883125000000000e+05
2.970409375000000000e+05
2.105506250000000000e+05
2.359207187500000000e+05
2.948071875000000000e+05
2.055662187500000000e+05
2.201401875000000000e+05
2.704241250000000000e+05
1.959975781250000000e+05
2.429597812500000000e+05
3.082628750000000000e+05
2.166265312500000000e+05
2.362959687500000000e+05
2.965378437500000000e+05
2.016746406250000000e+05
2.078688750000000000e+05
2.603350468750000000e+05
1.874150156250000000e+05
2.316900000000000000e+05
2.912170000000000000e+05
2.146511406250000000e+05
2.068905468750000000e+05
2.590264062500000000e+05
1.858921875000000000e+05
1.969040000000000000e+05
2.296605625000000000e+05
1.612010000000000000e+05
2.332475937500000000e+05
2.816460625000000000e+05
1.971853750000000000e+05
2.062186093750000000e+05
2.476385312500000000e+05
1.691446562500000000e+05
2.155951250000000000e+05
2.520125937500000000e+05
1.788899218750000000e+05
2.319575781250000000e+05
2.730672187500000000e+05
1.812167968750000000e+05
2.188797656250000000e+05
2.686412187500000000e+05
1.888386562500000000e+05
2.115383125000000000e+05
2.489247187500000000e+05
1.691121562500000000e+05
2.194181250000000000e+05
2.646514375000000000e+05
1.874078437500000000e+05
2.097395312500000000e+05
2.547686562500000000e+05
1.775071406250000000e+05
2.053691875000000000e+05
2.483014062500000000e+05
1.765961875000000000e+05
2.025805000000000000e+05
2.413152031250000000e+05
1.677595312500000000e+05
2.156852187500000000e+05
2.574950625000000000e+05
1.774087656250000000e+05
1.971687500000000000e+05
2.362765937500000000e+05
1.686734375000000000e+05
2.179570312500000000e+05
2.528554218750000000e+05
1.739270625000000000e+05
2.035369062500000000e+05
2.309224062500000000e+05
1.644078437500000000e+05
2.256244687500000000e+05
2.613562656250000000e+05
1.777513125000000000e+05
2.163491250000000000e+05
2.579747812500000000e+05
1.805837812500000000e+05
2.013924375000000000e+05
2.399804375000000000e+05
1.711460156250000000e+05
2.168085781250000000e+05
2.524147500000000000e+05
1.738646875000000000e+05
2.086342187500000000e+05
2.512039687500000000e+05
1.791374375000000000e+05
2.119383125000000000e+05
2.462499375000000000e+05
1.702144062500000000e+05
2.076350000000000000e+05
2.514946406250000000e+05
1.791845937500000000e+05
2.162592187500000000e+05
2.504835625000000000e+05
1.702745625000000000e+05
2.099098437500000000e+05
2.532016406250000000e+05
1.812656718750000000e+05
2.189077031250000000e+05
2.520436562500000000e+05
1.730323750000000000e+05
2.076959531250000000e+05
2.426442812500000000e+05
1.744365937500000000e+05
2.274047187500000000e+05
2.534393125000000000e+05
1.732344687500000000e+05
2.337099218750000000e+05
2.690390312500000000e+05
1.893449687500000000e+05
2.399835468750000000e+05
2.612593437500000000e+05
1.755714375000000000e+05
2.298858593750000000e+05
2.612628281250000000e+05
1.814109843750000000e+05
2.427547812500000000e+05
2.714928750000000000e+05
1.809959687500000000e+05
2.255308906250000000e+05
2.550379062500000000e+05
1.770773437500000000e+05
2.317188593750000000e+05
2.751310625000000000e+05
1.840769531250000000e+05
2.228850000000000000e+05
2.714946250000000000e+05
1.862045156250000000e+05
1.973034062500000000e+05
2.400170156250000000e+05
1.702970937500000000e+05
2.168665468750000000e+05
2.655654687500000000e+05
1.856357812500000000e+05
1.945837187500000000e+05
2.344347968750000000e+05
1.656217968750000000e+05
2.016468437500000000e+05
2.428847968750000000e+05
1.725124375000000000e+05
2.013884531250000000e+05
2.433219375000000000e+05
1.692567031250000000e+05
2.030084843750000000e+05
2.605851875000000000e+05
1.823475000000000000e+05
2.121683437500000000e+05
2.801876250000000000e+05
1.960021406250000000e+05
2.179265468750000000e+05
2.741310625000000000e+05
1.926721250000000000e+05
2.241406562500000000e+05
2.790736875000000000e+05
1.987884843750000000e+05
2.327940937500000000e+05
2.863684687500000000e+05
2.017993750000000000e+05
2.264372500000000000e+05
2.862805000000000000e+05
1.950300000000000000e+05
2.205552343750000000e+05
2.806171250000000000e+05
1.915109687500000000e+05
2.061042656250000000e+05
2.593690312500000000e+05
1.824147968750000000e+05
1.898084687500000000e+05
2.291712187500000000e+05
1.654058437500000000e+05
1.999039375000000000e+05
2.369116406250000000e+05
1.632483750000000000e+05
1.967040937500000000e+05
2.417405156250000000e+05
1.718954218750000000e+05
1.945388906250000000e+05
2.304355625000000000e+05
1.565633750000000000e+05
1.928498906250000000e+05
2.331956250000000000e+05
1.663546093750000000e+05
2.100934687500000000e+05
2.474029062500000000e+05
1.661412968750000000e+05
1.921110312500000000e+05
2.353310000000000000e+05
1.679115312500000000e+05
1.973575312500000000e+05
2.401376250000000000e+05
1.629458750000000000e+05
1.924355625000000000e+05
2.359389218750000000e+05
1.643760937500000000e+05
1.891400312500000000e+05
2.297504531250000000e+05
1.590692812500000000e+05
1.943606875000000000e+05
2.359439843750000000e+05
1.638664375000000000e+05
1.844722031250000000e+05
2.244035781250000000e+05
1.573441718750000000e+05
1.958151875000000000e+05
2.339320781250000000e+05
1.609530156250000000e+05
1.898073906250000000e+05
2.274314687500000000e+05
1.564776562500000000e+05
2.023915312500000000e+05
2.415626875000000000e+05
1.651465937500000000e+05
1.951835156250000000e+05
2.363950937500000000e+05
1.618900937500000000e+05
1.953487343750000000e+05
2.351032031250000000e+05
1.635361875000000000e+05
2.033682968750000000e+05
2.450341406250000000e+05
1.646429843750000000e+05
1.971528437500000000e+05
2.437376875000000000e+05
1.695924375000000000e+05
1.904842656250000000e+05
2.334212187500000000e+05
1.588398281250000000e+05
1.901261250000000000e+05
2.362846250000000000e+05
1.658354375000000000e+05
1.820165156250000000e+05
2.221205937500000000e+05
1.540802187500000000e+05
1.829210937500000000e+05
2.239715468750000000e+05
1.570197968750000000e+05
1.808434375000000000e+05
2.178501718750000000e+05
1.494401562500000000e+05
1.817020468750000000e+05
2.224502031250000000e+05
1.563902968750000000e+05
1.855975312500000000e+05
2.164360312500000000e+05
1.495509375000000000e+05
1.962631562500000000e+05
2.262015312500000000e+05
1.638069843750000000e+05
2.151816875000000000e+05
2.382882812500000000e+05
1.642526250000000000e+05
2.070985781250000000e+05
2.486955312500000000e+05
1.715797656250000000e+05
2.204605937500000000e+05
2.621684687500000000e+05
1.753708125000000000e+05
2.220025000000000000e+05
2.639615000000000000e+05
1.713779375000000000e+05
2.065676875000000000e+05
2.578900312500000000e+05
1.829569218750000000e+05
2.150917187500000000e+05
2.498633750000000000e+05
1.678284218750000000e+05
1.946902656250000000e+05
2.329930937500000000e+05
1.647752187500000000e+05
2.108114062500000000e+05
2.497213906250000000e+05
1.724410468750000000e+05
2.039518281250000000e+05
2.434372656250000000e+05
1.732281250000000000e+05
2.030692968750000000e+05
2.432973750000000000e+05
1.669491250000000000e+05
2.183045000000000000e+05
2.648653750000000000e+05
1.764320937500000000e+05
1.916456875000000000e+05
2.395646250000000000e+05
1.646946562500000000e+05
2.010050000000000000e+05
2.465060937500000000e+05
1.685401718750000000e+05
1.917737500000000000e+05
2.286997812500000000e+05
1.552511093750000000e+05
2.030710000000000000e+05
2.453552812500000000e+05
1.648418281250000000e+05
1.818605937500000000e+05
2.259668437500000000e+05
1.584783437500000000e+05
1.912595937500000000e+05
2.265521250000000000e+05
1.548763437500000000e+05
1.896098125000000000e+05
2.161994375000000000e+05
1.544841250000000000e+05
2.155810625000000000e+05
2.302742343750000000e+05
1.589996250000000000e+05
2.089880000000000000e+05
2.527060000000000000e+05
1.711660000000000000e+05
2.063299375000000000e+05
2.638305625000000000e+05
1.738102812500000000e+05
2.270493750000000000e+05
2.761931875000000000e+05
1.802370468750000000e+05
2.789174062500000000e+05
3.318444062500000000e+05
2.012974062500000000e+05
2.795696562500000000e+05
3.567022500000000000e+05
2.292936093750000000e+05
3.081340000000000000e+05
4.128585312500000000e+05
2.656194375000000000e+05
2.703721250000000000e+05
3.685950625000000000e+05
2.600960156250000000e+05
2.120188437500000000e+05
2.786260000000000000e+05
2.036364687500000000e+05
2.073753906250000000e+05
2.688331250000000000e+05
1.963583906250000000e+05
1.903056250000000000e+05
2.245338906250000000e+05
1.626282343750000000e+05
2.143239375000000000e+05
2.641661250000000000e+05
1.981151250000000000e+05
2.360780937500000000e+05
2.802455625000000000e+05
1.857934062500000000e+05
2.058865000000000000e+05
2.612645468750000000e+05
1.901607812500000000e+05
2.289793437500000000e+05
2.884900000000000000e+05
2.026807812500000000e+05
2.076883437500000000e+05
2.574317812500000000e+05
1.793950625000000000e+05
2.005693125000000000e+05
2.446117187500000000e+05
1.695774687500000000e+05
2.213116250000000000e+05
2.648214062500000000e+05
1.789497187500000000e+05
1.999246250000000000e+05
2.468938593750000000e+05
1.745582968750000000e+05
2.027585781250000000e+05
2.365797656250000000e+05
1.592601093750000000e+05
2.045117656250000000e+05
2.521551875000000000e+05
1.767353750000000000e+05
1.966459375000000000e+05
2.323382500000000000e+05
1.581075312500000000e+05
1.890551562500000000e+05
2.303608437500000000e+05
1.648671875000000000e+05
2.035582812500000000e+05
2.423932656250000000e+05
1.614050000000000000e+05
1.839521406250000000e+05
2.264061875000000000e+05
1.653169843750000000e+05
1.893759531250000000e+05
2.224030000000000000e+05
1.514245156250000000e+05
1.818284375000000000e+05
2.248851875000000000e+05
1.588269375000000000e+05
1.926233750000000000e+05
2.279034843750000000e+05
1.560724687500000000e+05
1.810366875000000000e+05
2.197493750000000000e+05
1.565179687500000000e+05
1.842600000000000000e+05
2.195507187500000000e+05
1.522485156250000000e+05
1.883366093750000000e+05
2.268718750000000000e+05
1.548603125000000000e+05
1.764381562500000000e+05
2.137381250000000000e+05
1.531790937500000000e+05
1.889295312500000000e+05
2.203071718750000000e+05
1.526037812500000000e+05
1.816216875000000000e+05
2.082464062500000000e+05
1.494117500000000000e+05
2.060530468750000000e+05
2.283534218750000000e+05
1.588796875000000000e+05
2.115422968750000000e+05
2.443393750000000000e+05
1.704951875000000000e+05
2.019901250000000000e+05
2.231658750000000000e+05
1.526154531250000000e+05
2.200324375000000000e+05
2.497246875000000000e+05
1.648310312500000000e+05
2.136182500000000000e+05
2.446519062500000000e+05
1.619504843750000000e+05
2.007937187500000000e+05
2.493589843750000000e+05
1.748776406250000000e+05
1.992476250000000000e+05
2.596645156250000000e+05
1.772105625000000000e+05
1.998740937500000000e+05
2.618852500000000000e+05
1.921406093750000000e+05
1.845500468750000000e+05
2.300786093750000000e+05
1.596531875000000000e+05
1.855395781250000000e+05
2.416794062500000000e+05
1.750221406250000000e+05
2.012163437500000000e+05
2.559271562500000000e+05
1.793468750000000000e+05
1.649590000000000000e+05
2.127856718750000000e+05
1.544217187500000000e+05
1.956805937500000000e+05
2.539741875000000000e+05
1.846767187500000000e+05
1.604302031250000000e+05
2.018641562500000000e+05
1.483056250000000000e+05
1.703666875000000000e+05
1.998444062500000000e+05
1.378744375000000000e+05
1.854028750000000000e+05
2.326982031250000000e+05
1.622287500000000000e+05
1.649688125000000000e+05
2.000808125000000000e+05
1.369107187500000000e+05
1.694872500000000000e+05
2.075315156250000000e+05
1.493183593750000000e+05
1.784523125000000000e+05
2.167904062500000000e+05
1.455449062500000000e+05
1.593044687500000000e+05
1.988305000000000000e+05
1.416895312500000000e+05
1.709280625000000000e+05
2.063297500000000000e+05
1.404832343750000000e+05
1.694948750000000000e+05
2.093609062500000000e+05
1.452117031250000000e+05
1.652611875000000000e+05
2.019556875000000000e+05
1.398056406250000000e+05
1.695152500000000000e+05
2.059160937500000000e+05
1.420663593750000000e+05
1.685038437500000000e+05
2.066823125000000000e+05
1.427205000000000000e+05
1.711789375000000000e+05
2.066840937500000000e+05
1.410955781250000000e+05
1.676930781250000000e+05
2.079877343750000000e+05
1.429448906250000000e+05
1.732843593750000000e+05
2.118057968750000000e+05
1.417859687500000000e+05
1.685095312500000000e+05
2.092452187500000000e+05
1.432145312500000000e+05
1.724829843750000000e+05
2.088604687500000000e+05
1.421887187500000000e+05
1.712496250000000000e+05
2.099729375000000000e+05
1.425183593750000000e+05
1.768900937500000000e+05
2.152489062500000000e+05
1.448926406250000000e+05
1.754625156250000000e+05
2.152566875000000000e+05
1.464815000000000000e+05
1.733445625000000000e+05
2.105513281250000000e+05
1.420073125000000000e+05
1.796336093750000000e+05
2.204393750000000000e+05
1.467644843750000000e+05
1.780611875000000000e+05
2.181266875000000000e+05
1.464302187500000000e+05
1.790845468750000000e+05
2.213167968750000000e+05
1.509354062500000000e+05
1.761505625000000000e+05
2.157566093750000000e+05
1.438621406250000000e+05
1.746571875000000000e+05
2.164252500000000000e+05
1.474092968750000000e+05
1.791134375000000000e+05
2.172523750000000000e+05
1.438949218750000000e+05
1.709718125000000000e+05
2.120147812500000000e+05
1.486250312500000000e+05
1.790845312500000000e+05
2.151847187500000000e+05
1.430739687500000000e+05
1.682088437500000000e+05
2.084775625000000000e+05
1.466257968750000000e+05
1.813057187500000000e+05
2.145709375000000000e+05
1.426503125000000000e+05
1.790172812500000000e+05
2.153923593750000000e+05
1.467714375000000000e+05
1.910892187500000000e+05
2.303568125000000000e+05
1.538581250000000000e+05
1.839965000000000000e+05
2.225350781250000000e+05
1.522341875000000000e+05
1.773412500000000000e+05
2.110679062500000000e+05
1.440051250000000000e+05
2.053025000000000000e+05
2.461666250000000000e+05
1.619823750000000000e+05
1.795258750000000000e+05
2.223306250000000000e+05
1.507530937500000000e+05
1.787063906250000000e+05
2.181435000000000000e+05
1.492565000000000000e+05
1.795221718750000000e+05
2.189201718750000000e+05
1.476849531250000000e+05
1.760907968750000000e+05
2.162865625000000000e+05
1.501337656250000000e+05
1.755397500000000000e+05
2.144668437500000000e+05
1.454155468750000000e+05
1.713333281250000000e+05
2.102713125000000000e+05
1.473480625000000000e+05
1.758978750000000000e+05
2.123865625000000000e+05
1.428874062500000000e+05
1.714281562500000000e+05
2.092335937500000000e+05
1.440483281250000000e+05
1.844689062500000000e+05
2.246667187500000000e+05
1.479278281250000000e+05
1.703151562500000000e+05
2.132217500000000000e+05
1.458599375000000000e+05
1.777190000000000000e+05
2.169663125000000000e+05
1.432692500000000000e+05
1.725130156250000000e+05
2.142646875000000000e+05
1.448838437500000000e+05
1.810092968750000000e+05
2.230658125000000000e+05
1.461456718750000000e+05
1.695138593750000000e+05
2.122590625000000000e+05
1.449632187500000000e+05
1.712360937500000000e+05
2.110842500000000000e+05
1.392814062500000000e+05
1.712142343750000000e+05
2.127539531250000000e+05
1.441855312500000000e+05
1.679743750000000000e+05
2.056303750000000000e+05
1.385038437500000000e+05
1.648469531250000000e+05
2.076250000000000000e+05
1.427532968750000000e+05
1.691859062500000000e+05
2.044299531250000000e+05
1.367404531250000000e+05
1.683081718750000000e+05
2.098354687500000000e+05
1.429934062500000000e+05
1.693048437500000000e+05
2.056001093750000000e+05
1.354855000000000000e+05
1.674111250000000000e+05
2.073071875000000000e+05
1.424238125000000000e+05
1.711352187500000000e+05
2.048852343750000000e+05
1.377726875000000000e+05
1.747849531250000000e+05
2.144049687500000000e+05
1.451434687500000000e+05
1.708978750000000000e+05
2.097881562500000000e+05
1.409550937500000000e+05
1.704073437500000000e+05
2.107068593750000000e+05
1.406249531250000000e+05
1.686489375000000000e+05
2.104299531250000000e+05
1.420190625000000000e+05
1.713400781250000000e+05
2.100513125000000000e+05
1.398349062500000000e+05
1.625485937500000000e+05
2.031319687500000000e+05
1.385954375000000000e+05
1.653510312500000000e+05
2.050706250000000000e+05
1.374315625000000000e+05
1.610888593750000000e+05
2.037607343750000000e+05
1.401392812500000000e+05
1.596041406250000000e+05
1.956905625000000000e+05
1.323766250000000000e+05
1.607649062500000000e+05
1.986548593750000000e+05
1.359652812500000000e+05
1.630689375000000000e+05
2.022800781250000000e+05
1.344793125000000000e+05
1.583175468750000000e+05
1.971091406250000000e+05
1.362017656250000000e+05
1.597980000000000000e+05
1.944184843750000000e+05
1.310516250000000000e+05
1.633391718750000000e+05
2.019974062500000000e+05
1.376549687500000000e+05
1.650705937500000000e+05
2.021162500000000000e+05
1.383949687500000000e+05
1.591142500000000000e+05
1.964554687500000000e+05
1.339369687500000000e+05
1.683221875000000000e+05
2.064818125000000000e+05
1.381028437500000000e+05
1.668823281250000000e+05
2.046249375000000000e+05
1.358977343750000000e+05
1.698010000000000000e+05
2.099503750000000000e+05
1.410253750000000000e+05
1.657602500000000000e+05
2.014851250000000000e+05
1.335785625000000000e+05
1.717567812500000000e+05
2.100820781250000000e+05
1.416125312500000000e+05
1.691420312500000000e+05
2.052914375000000000e+05
1.381822812500000000e+05
1.733527812500000000e+05
2.129608906250000000e+05
1.430688750000000000e+05
1.721894375000000000e+05
2.078943125000000000e+05
1.394802187500000000e+05
1.760316875000000000e+05
2.161742343750000000e+05
1.436949687500000000e+05
1.746540000000000000e+05
2.118416718750000000e+05
1.416869687500000000e+05
1.818417812500000000e+05
2.212933437500000000e+05
1.464097500000000000e+05
1.789221562500000000e+05
2.195146875000000000e+05
1.466275937500000000e+05
1.784034531250000000e+05
2.194197968750000000e+05
1.442800000000000000e+05
1.748440625000000000e+05
2.124882500000000000e+05
1.411448750000000000e+05
1.794894218750000000e+05
2.199296875000000000e+05
1.455130937500000000e+05
1.774801718750000000e+05
2.192439687500000000e+05
1.471985468750000000e+05
1.729564843750000000e+05
2.104564375000000000e+05
1.403569375000000000e+05
1.770517500000000000e+05
2.123642187500000000e+05
1.420672500000000000e+05
1.770759062500000000e+05
2.180884843750000000e+05
1.459255937500000000e+05
1.774950156250000000e+05
2.168588125000000000e+05
1.457039531250000000e+05
1.697393593750000000e+05
2.102944687500000000e+05
1.417897187500000000e+05
1.793166718750000000e+05
2.171442500000000000e+05
1.415332968750000000e+05
1.736979687500000000e+05
2.132928750000000000e+05
1.401225625000000000e+05
1.807569062500000000e+05
2.228370156250000000e+05
1.478323593750000000e+05
1.721504687500000000e+05
2.079964218750000000e+05
1.361491250000000000e+05
1.768111250000000000e+05
2.141126875000000000e+05
1.466753437500000000e+05
1.838825625000000000e+05
2.123820000000000000e+05
1.393792031250000000e+05
1.903919218750000000e+05
2.299614375000000000e+05
1.536346718750000000e+05
1.949532500000000000e+05
2.302440312500000000e+05
1.498595000000000000e+05
1.919384375000000000e+05
2.293935312500000000e+05
1.562434375000000000e+05
2.007593125000000000e+05
2.341210937500000000e+05
1.574820937500000000e+05
2.157735625000000000e+05
2.561077187500000000e+05
1.676680625000000000e+05
2.056593125000000000e+05
2.486942968750000000e+05
1.656383125000000000e+05
2.042745468750000000e+05
2.408387343750000000e+05
1.527659062500000000e+05
1.992083906250000000e+05
2.459294687500000000e+05
1.699255781250000000e+05
2.030208125000000000e+05
2.385227187500000000e+05
1.532668437500000000e+05
1.988701250000000000e+05
2.381398750000000000e+05
1.609650312500000000e+05
2.157643906250000000e+05
2.523457031250000000e+05
1.598836093750000000e+05
1.962222968750000000e+05
2.292151093750000000e+05
1.597238750000000000e+05
2.138681875000000000e+05
2.411245156250000000e+05
1.678588125000000000e+05
2.251646562500000000e+05
2.657613437500000000e+05
1.891397031250000000e+05
2.286929375000000000e+05
2.414385937500000000e+05
1.730256093750000000e+05
2.241736406250000000e+05
2.619428437500000000e+05
1.803149687500000000e+05
2.394150781250000000e+05
2.779812187500000000e+05
1.768617656250000000e+05
2.026899375000000000e+05
2.524779062500000000e+05
1.726037031250000000e+05
1.907593437500000000e+05
2.314488281250000000e+05
1.642896875000000000e+05
1.885774062500000000e+05
2.310225156250000000e+05
1.584471250000000000e+05
1.866320625000000000e+05
2.265687812500000000e+05
1.529228906250000000e+05
1.787542187500000000e+05
2.143343125000000000e+05
1.417200625000000000e+05
1.819143125000000000e+05
2.145126562500000000e+05
1.476636718750000000e+05
1.842099218750000000e+05
2.185968125000000000e+05
1.527259062500000000e+05
1.953537500000000000e+05
2.293399062500000000e+05
1.559748281250000000e+05
1.947571875000000000e+05
2.314524375000000000e+05
1.494371250000000000e+05
1.950409843750000000e+05
2.389468750000000000e+05
1.599116250000000000e+05
1.814958437500000000e+05
2.221854375000000000e+05
1.475586718750000000e+05
1.860663281250000000e+05
2.311327500000000000e+05
1.552189375000000000e+05
1.766815156250000000e+05
2.046763437500000000e+05
1.361538750000000000e+05
1.850479375000000000e+05
2.118535000000000000e+05
1.489040625000000000e+05
1.893825937500000000e+05
2.278426093750000000e+05
1.469762500000000000e+05
1.724941562500000000e+05
2.123059062500000000e+05
1.492775312500000000e+05
1.928700625000000000e+05
2.523516093750000000e+05
1.669918437500000000e+05
1.956507812500000000e+05
2.524660781250000000e+05
1.821073750000000000e+05
1.941138906250000000e+05
2.351251875000000000e+05
1.552616250000000000e+05
2.023671562500000000e+05
2.619015937500000000e+05
1.768890000000000000e+05
1.977027031250000000e+05
2.656802187500000000e+05
1.787950937500000000e+05
1.813343281250000000e+05
2.319694375000000000e+05
1.620653750000000000e+05
1.981815625000000000e+05
2.653280625000000000e+05
1.794295312500000000e+05
1.850232812500000000e+05
2.378983125000000000e+05
1.747550937500000000e+05
1.730930468750000000e+05
2.042922500000000000e+05
1.482010156250000000e+05
2.009498437500000000e+05
2.445175781250000000e+05
1.770349531250000000e+05
2.083665625000000000e+05
2.527672187500000000e+05
1.755362812500000000e+05
1.952663437500000000e+05
2.396835000000000000e+05
1.649887968750000000e+05
2.128184687500000000e+05
2.681443125000000000e+05
1.834064531250000000e+05
2.120259687500000000e+05
2.669887187500000000e+05
1.812643906250000000e+05
1.913762031250000000e+05
2.435397187500000000e+05
1.747787187500000000e+05
2.099985625000000000e+05
2.643941875000000000e+05
1.868266093750000000e+05
1.844058125000000000e+05
2.308375000000000000e+05
1.581503750000000000e+05
1.894197812500000000e+05
2.419161875000000000e+05
1.769732343750000000e+05
1.702164375000000000e+05
2.132265000000000000e+05
1.483049375000000000e+05
1.753639375000000000e+05
2.120455156250000000e+05
1.416671562500000000e+05
1.711310625000000000e+05
2.205047187500000000e+05
1.559460312500000000e+05
1.609009375000000000e+05
1.928258750000000000e+05
1.316357187500000000e+05
1.628755625000000000e+05
1.995087187500000000e+05
1.386847187500000000e+05
1.741150781250000000e+05
2.123700312500000000e+05
1.427862656250000000e+05
1.494136406250000000e+05
1.858448750000000000e+05
1.287969843750000000e+05
1.623928125000000000e+05
1.993986562500000000e+05
1.372781093750000000e+05
1.541388281250000000e+05
1.907052187500000000e+05
1.270799531250000000e+05
1.521801875000000000e+05
1.909473593750000000e+05
1.325238125000000000e+05
1.552163750000000000e+05
1.871828593750000000e+05
1.247392031250000000e+05
1.555020625000000000e+05
1.937945000000000000e+05
1.341595625000000000e+05
1.606319531250000000e+05
1.943295468750000000e+05
1.275453281250000000e+05
1.528162500000000000e+05
1.887620312500000000e+05
1.317644375000000000e+05
1.598597656250000000e+05
1.938376250000000000e+05
1.281208437500000000e+05
1.539132500000000000e+05
1.899527812500000000e+05
1.321041562500000000e+05
1.555003125000000000e+05
1.900873593750000000e+05
1.263513437500000000e+05
1.565043750000000000e+05
1.938426093750000000e+05
1.339084218750000000e+05
1.555414062500000000e+05
1.898532031250000000e+05
1.269174296875000000e+05
1.543967500000000000e+05
1.887556875000000000e+05
1.302281640625000000e+05
1.571222656250000000e+05
1.900464062500000000e+05
1.258552031250000000e+05
1.605626562500000000e+05
1.988803593750000000e+05
1.359236250000000000e+05
1.479287187500000000e+05
1.817590937500000000e+05
1.240292187500000000e+05
1.594849062500000000e+05
1.919599375000000000e+05
1.307649687500000000e+05
1.582313125000000000e+05
1.846325625000000000e+05
1.213449453125000000e+05
1.719483750000000000e+05
2.003958125000000000e+05
1.355758906250000000e+05
1.751419062500000000e+05
1.983585312500000000e+05
1.283129140625000000e+05
1.732730000000000000e+05
2.060875781250000000e+05
1.382837187500000000e+05
1.827109843750000000e+05
2.221603437500000000e+05
1.408003125000000000e+05
1.621431250000000000e+05
2.038879375000000000e+05
1.383405937500000000e+05
1.606084687500000000e+05
1.987816562500000000e+05
1.335725937500000000e+05
1.561414687500000000e+05
1.943542812500000000e+05
1.324284843750000000e+05
1.565463125000000000e+05
1.958237812500000000e+05
1.318826250000000000e+05
1.473908125000000000e+05
1.843655937500000000e+05
1.266661093750000000e+05
1.480085937500000000e+05
1.833288437500000000e+05
1.260563750000000000e+05
1.503191562500000000e+05
1.840052187500000000e+05
1.255471406250000000e+05
1.464257656250000000e+05
1.829250625000000000e+05
1.247989687500000000e+05
1.495713437500000000e+05
1.836633281250000000e+05
1.240474531250000000e+05
1.442922187500000000e+05
1.805350625000000000e+05
1.241463671875000000e+05
1.510899687500000000e+05
1.864035625000000000e+05
1.250971328125000000e+05
1.463547812500000000e+05
1.814455000000000000e+05
1.222473750000000000e+05
1.511695000000000000e+05
1.864217500000000000e+05
1.263764375000000000e+05
1.491785625000000000e+05
1.856510937500000000e+05
1.216461718750000000e+05
1.572355625000000000e+05
1.946741562500000000e+05
1.309402187500000000e+05
1.467295156250000000e+05
1.780962656250000000e+05
1.193226484375000000e+05
1.555383125000000000e+05
1.936434062500000000e+05
1.298486953125000000e+05
1.584264687500000000e+05
1.937887812500000000e+05
1.273970781250000000e+05
1.500656562500000000e+05
1.856235312500000000e+05
1.265161562500000000e+05
1.562498437500000000e+05
1.900094375000000000e+05
1.263692500000000000e+05
1.529021250000000000e+05
1.900895156250000000e+05
1.290582968750000000e+05
1.509362812500000000e+05
1.883553437500000000e+05
1.241024296875000000e+05
1.496268593750000000e+05
1.854280312500000000e+05
1.232893046875000000e+05
1.515371250000000000e+05
1.892901250000000000e+05
1.263306250000000000e+05
1.497233906250000000e+05
1.836567187500000000e+05
1.215107343750000000e+05
1.494117500000000000e+05
1.859130000000000000e+05
1.252086562500000000e+05
1.636141875000000000e+05
1.979601562500000000e+05
1.273196015625000000e+05
1.441160937500000000e+05
1.801028906250000000e+05
1.224369140625000000e+05
1.681090937500000000e+05
1.989217500000000000e+05
1.280547187500000000e+05
1.554570625000000000e+05
1.807604062500000000e+05
1.295823437500000000e+05
1.869637500000000000e+05
2.023112343750000000e+05
1.349970312500000000e+05
1.869152500000000000e+05
2.129271093750000000e+05
1.426349687500000000e+05
1.898036562500000000e+05
2.165969375000000000e+05
1.407957968750000000e+05
1.948764375000000000e+05
2.368290937500000000e+05
1.551729375000000000e+05
1.922985937500000000e+05
2.298141093750000000e+05
1.464918125000000000e+05
1.749002656250000000e+05
2.172542187500000000e+05
1.486547187500000000e+05
1.773861875000000000e+05
2.157046562500000000e+05
1.410513906250000000e+05
1.813324062500000000e+05
2.219038750000000000e+05
1.474212968750000000e+05
1.659600781250000000e+05
2.036203750000000000e+05
1.355558750000000000e+05
1.628496250000000000e+05
2.024116250000000000e+05
1.396284375000000000e+05
1.674250937500000000e+05
2.013334531250000000e+05
1.303891406250000000e+05
1.692789843750000000e+05
2.087694843750000000e+05
1.418847500000000000e+05
1.636763437500000000e+05
1.880579687500000000e+05
1.240372265625000000e+05
1.786090156250000000e+05
2.124490000000000000e+05
1.426772968750000000e+05
1.822540625000000000e+05
2.207413750000000000e+05
1.404884843750000000e+05
1.644592968750000000e+05
2.018317031250000000e+05
1.381165156250000000e+05
1.767027812500000000e+05
2.152212343750000000e+05
1.396700468750000000e+05
1.692683281250000000e+05
2.096372500000000000e+05
1.400089687500000000e+05
1.573701250000000000e+05
1.928561250000000000e+05
1.294097656250000000e+05
1.614512812500000000e+05
1.987978125000000000e+05
1.320717812500000000e+05
1.617095625000000000e+05
2.014819375000000000e+05
1.351159062500000000e+05
1.580390000000000000e+05
1.922882500000000000e+05
1.279696015625000000e+05
1.623961875000000000e+05
1.966625781250000000e+05
1.289797031250000000e+05
1.704931875000000000e+05
2.055976406250000000e+05
1.341180000000000000e+05
1.730199687500000000e+05
2.080700156250000000e+05
1.343598281250000000e+05
1.776591875000000000e+05
2.126844062500000000e+05
1.398401718750000000e+05
1.898388125000000000e+05
2.259381406250000000e+05
1.423175312500000000e+05
1.830044062500000000e+05
2.231437656250000000e+05
1.428573906250000000e+05
1.891664062500000000e+05
2.336319687500000000e+05
1.474624375000000000e+05
1.737433906250000000e+05
2.171490937500000000e+05
1.422555937500000000e+05
1.703390156250000000e+05
2.144497812500000000e+05
1.420510312500000000e+05
1.599423437500000000e+05
2.011500937500000000e+05
1.335770312500000000e+05
1.545718281250000000e+05
1.948645625000000000e+05
1.310172734375000000e+05
1.486429218750000000e+05
1.834846250000000000e+05
1.248136328125000000e+05
1.518508750000000000e+05
1.865366875000000000e+05
1.250787031250000000e+05
1.477646718750000000e+05
1.827961093750000000e+05
1.243413437500000000e+05
1.513601250000000000e+05
1.825853906250000000e+05
1.229709375000000000e+05
1.475822812500000000e+05
1.797639062500000000e+05
1.208399687500000000e+05
1.643394375000000000e+05
1.965809687500000000e+05
1.305830156250000000e+05
1.524341562500000000e+05
1.889454062500000000e+05
1.272797500000000000e+05
1.620753750000000000e+05
1.976430625000000000e+05
1.303663593750000000e+05
1.540371406250000000e+05
1.923120156250000000e+05
1.268257500000000000e+05
1.525383750000000000e+05
1.907576562500000000e+05
1.273669140625000000e+05
1.488564062500000000e+05
1.866205937500000000e+05
1.239844218750000000e+05
1.449293593750000000e+05
1.824571562500000000e+05
1.229272187500000000e+05
1.409999218750000000e+05
1.747201875000000000e+05
1.164920312500000000e+05
1.428284375000000000e+05
1.786105312500000000e+05
1.202445312500000000e+05
1.423579687500000000e+05
1.789456093750000000e+05
1.191965546875000000e+05
1.413532343750000000e+05
1.764999375000000000e+05
1.213915312500000000e+05
1.430274843750000000e+05
1.755091875000000000e+05
1.143039296875000000e+05
1.466704062500000000e+05
1.817061406250000000e+05
1.196033906250000000e+05
1.473529218750000000e+05
1.823323125000000000e+05
1.200538906250000000e+05
1.494443437500000000e+05
1.834796562500000000e+05
1.201473671875000000e+05
1.459876562500000000e+05
1.814440312500000000e+05
1.217427500000000000e+05
1.589517812500000000e+05
1.930489531250000000e+05
1.246751953125000000e+05
1.482276250000000000e+05
1.810609375000000000e+05
1.200430234375000000e+05
1.635594062500000000e+05
2.010946718750000000e+05
1.304586093750000000e+05
1.548112812500000000e+05
1.924026250000000000e+05
1.248465234375000000e+05
1.486007500000000000e+05
1.727806875000000000e+05
1.194499453125000000e+05
1.802934375000000000e+05
2.017955625000000000e+05
1.318552500000000000e+05
1.631503125000000000e+05
2.012200625000000000e+05
1.371735000000000000e+05
1.770348281250000000e+05
2.091666406250000000e+05
1.287625234375000000e+05
1.845809687500000000e+05
2.293611406250000000e+05
1.431864687500000000e+05
2.071888750000000000e+05
2.578105937500000000e+05
1.548489062500000000e+05
2.034798281250000000e+05
2.710996250000000000e+05
1.741077187500000000e+05
2.031413437500000000e+05
2.779008437500000000e+05
1.768033906250000000e+05
2.226666093750000000e+05
2.954357187500000000e+05
2.006947812500000000e+05
1.860241562500000000e+05
2.399249687500000000e+05
1.535421875000000000e+05
1.987855937500000000e+05
2.660041875000000000e+05
1.780202968750000000e+05
2.157244687500000000e+05
2.753153125000000000e+05
1.845854375000000000e+05
1.837834687500000000e+05
2.361780781250000000e+05
1.591347812500000000e+05
1.862668437500000000e+05
2.461339843750000000e+05
1.687202187500000000e+05
1.720309218750000000e+05
2.173342812500000000e+05
1.537233750000000000e+05
1.527417968750000000e+05
1.919473593750000000e+05
1.404602187500000000e+05
1.659672187500000000e+05
2.046190156250000000e+05
1.446878437500000000e+05
1.595369062500000000e+05
1.940860625000000000e+05
1.439221562500000000e+05
1.752420625000000000e+05
2.121559375000000000e+05
1.459177812500000000e+05
1.728183750000000000e+05
2.089789687500000000e+05
1.523173750000000000e+05
1.837326718750000000e+05
2.246455312500000000e+05
1.494887187500000000e+05
1.731882968750000000e+05
2.152275000000000000e+05
1.489460625000000000e+05
1.863555156250000000e+05
2.357954062500000000e+05
1.550508125000000000e+05
1.711959843750000000e+05
2.156635625000000000e+05
1.426234218750000000e+05
1.635455781250000000e+05
2.039025000000000000e+05
1.390088750000000000e+05
1.624253437500000000e+05
2.001228281250000000e+05
1.335374218750000000e+05
1.518030781250000000e+05
1.899073437500000000e+05
1.300455625000000000e+05
1.509344062500000000e+05
1.856491875000000000e+05
1.242998906250000000e+05
1.485031562500000000e+05
1.867886093750000000e+05
1.268865000000000000e+05
1.450092500000000000e+05
1.778681250000000000e+05
1.202596250000000000e+05
1.397127343750000000e+05
1.726463750000000000e+05
1.163822656250000000e+05
1.429554218750000000e+05
1.772881875000000000e+05
1.209623281250000000e+05
1.431777656250000000e+05
1.742428750000000000e+05
1.158857968750000000e+05
1.406115468750000000e+05
1.758654375000000000e+05
1.185859375000000000e+05
1.459849687500000000e+05
1.771153750000000000e+05
1.135734609375000000e+05
1.441126718750000000e+05
1.804711250000000000e+05
1.233869765625000000e+05
1.477435000000000000e+05
1.783897812500000000e+05
1.158021953125000000e+05
1.789536625000000000e+06
2.502270250000000000e+06
2.463362750000000000e+06
2.425239000000000000e+06
2.220367500000000000e+06
2.643899750000000000e+06
2.688623750000000000e+06
2.353932250000000000e+06
2.511575750000000000e+06
2.292194000000000000e+06
2.129759500000000000e+06
2.080607875000000000e+06
2.177185500000000000e+06
2.128290000000000000e+06
2.076652000000000000e+06
2.034190000000000000e+06
1.992640250000000000e+06
1.969993750000000000e+06
1.858654500000000000e+06
1.860121000000000000e+06
1.720910875000000000e+06
1.786071500000000000e+06
1.601166250000000000e+06
1.603424500000000000e+06
1.682278000000000000e+06
1.665263875000000000e+06
1.584019000000000000e+06
1.530034500000000000e+06
1.498203375000000000e+06
1.433270125000000000e+06
1.337517625000000000e+06
1.369383125000000000e+06
1.276043500000000000e+06
1.306845625000000000e+06
1.361396125000000000e+06
1.273827750000000000e+06
1.360476000000000000e+06
1.366305750000000000e+06
1.142171750000000000e+06
1.052922250000000000e+06
1.216111000000000000e+06
1.060646125000000000e+06
2.101374500000000000e+06
2.405163000000000000e+06
1.390211375000000000e+06
1.547947500000000000e+06
1.768999625000000000e+06
1.351422250000000000e+06
1.290856250000000000e+06
1.707044750000000000e+06
1.433009125000000000e+06
1.250332500000000000e+06
1.305069125000000000e+06
1.178739250000000000e+06
1.168481500000000000e+06
1.237947750000000000e+06
1.022807125000000000e+06
1.202649250000000000e+06
1.130003375000000000e+06
1.042025500000000000e+06
9.823592500000000000e+05
1.102367500000000000e+06
9.535563125000000000e+05
8.814356250000000000e+05
8.590715000000000000e+05
8.148201250000000000e+05
9.184068750000000000e+05
8.103009375000000000e+05
7.789204375000000000e+05
8.026958125000000000e+05
7.312575000000000000e+05
6.988852500000000000e+05
6.329540000000000000e+05
6.230019375000000000e+05
6.190461250000000000e+05
6.401080625000000000e+05
6.376430625000000000e+05
6.348062500000000000e+05
6.143866875000000000e+05
6.572506250000000000e+05
5.730503125000000000e+05
5.076080000000000000e+05
6.420413750000000000e+05
5.737496250000000000e+05
6.221335000000000000e+05
5.252505000000000000e+05
4.487050000000000000e+05
5.717288750000000000e+05
4.216969687500000000e+05
4.948650000000000000e+05
4.524960625000000000e+05
4.193550625000000000e+05
6.837496250000000000e+05
4.599215937500000000e+05
4.703815000000000000e+05
4.641733750000000000e+05
3.644250000000000000e+05
6.202005000000000000e+05
4.210630937500000000e+05
4.544199375000000000e+05
5.036439375000000000e+05
3.665055000000000000e+05
4.110286875000000000e+05
4.939290000000000000e+05
3.768015312500000000e+05
3.734965625000000000e+05
3.400176250000000000e+05
3.892543125000000000e+05
3.610873750000000000e+05
2.947675000000000000e+05
3.055138750000000000e+05
3.096232812500000000e+05
2.618330000000000000e+05
2.883460000000000000e+05
3.314768750000000000e+05
3.424148125000000000e+05
3.102386562500000000e+05
3.007052500000000000e+05
2.946424375000000000e+05
2.505265468750000000e+05
2.632950000000000000e+05
2.835702500000000000e+05
2.883875000000000000e+05
2.819563437500000000e+05
2.455199062500000000e+05
2.389571875000000000e+05
2.867788125000000000e+05
2.799473750000000000e+05
2.594506406250000000e+05
2.320003437500000000e+05
2.866574687500000000e+05
2.759019375000000000e+05
2.519347656250000000e+05
2.347508750000000000e+05
2.567167500000000000e+05
2.482580937500000000e+05
2.470895312500000000e+05
2.429071875000000000e+05
4.475921875000000000e+05
2.950300625000000000e+05
3.031702500000000000e+05
2.639640625000000000e+05
2.475811250000000000e+05
2.686361250000000000e+05
3.255875937500000000e+05
2.667823750000000000e+05
2.229665937500000000e+05
2.275946250000000000e+05
2.169399218750000000e+05
1.933320000000000000e+05
2.056828125000000000e+05
1.792585312500000000e+05
1.711565312500000000e+05
2.200801250000000000e+05
1.739814843750000000e+05
2.169650156250000000e+05
2.458590937500000000e+05
3.163592812500000000e+05
2.239495625000000000e+05
2.507481250000000000e+05
2.227121093750000000e+05
2.269150156250000000e+05
1.888040312500000000e+05
1.935330000000000000e+05
2.108009062500000000e+05
3.199608125000000000e+05
2.345457968750000000e+05
2.251566250000000000e+05
2.545869375000000000e+05
2.691409687500000000e+05
1.984574375000000000e+05
1.943048593750000000e+05
2.342526875000000000e+05
1.881405937500000000e+05
1.782274531250000000e+05
1.655349375000000000e+05
1.541542500000000000e+05
1.954897343750000000e+05
2.023057500000000000e+05
1.986710156250000000e+05
1.734221093750000000e+05
1.603298906250000000e+05
1.591851093750000000e+05
1.342055937500000000e+05
1.349979531250000000e+05
1.426845156250000000e+05
1.218742187500000000e+05
1.185415625000000000e+05
1.312304531250000000e+05
1.159242187500000000e+05
1.122199765625000000e+05
1.384397187500000000e+05
1.074545703125000000e+05
1.107290625000000000e+05
1.017963125000000000e+05
1.040085625000000000e+05
1.731240000000000000e+05
2.412797343750000000e+05
2.288533750000000000e+05
1.395491875000000000e+05
3.298983750000000000e+05
3.097724375000000000e+05
1.665379531250000000e+05
1.631291250000000000e+05
1.375842343750000000e+05
1.681642812500000000e+05
1.410493281250000000e+05
1.565963750000000000e+05
1.655594062500000000e+05
1.682416875000000000e+05
1.718784062500000000e+05
1.474500468750000000e+05
1.711746093750000000e+05
1.956203750000000000e+05
1.713822500000000000e+05
1.478527187500000000e+05
1.326609218750000000e+05
1.186692187500000000e+05
1.222310781250000000e+05
1.353898750000000000e+05
1.213200625000000000e+05
9.968821093750000000e+04
9.711657812500000000e+04
1.018447812500000000e+05
9.136502343750000000e+04
9.660206250000000000e+04
9.808806250000000000e+04
8.035717187500000000e+04
1.014105703125000000e+05
1.776946250000000000e+05
1.676185156250000000e+05
2.364267031250000000e+05
2.642052812500000000e+05
2.534226250000000000e+05
1.518697500000000000e+05
3.343458750000000000e+05
3.038362500000000000e+05
1.689176562500000000e+05
2.115056562500000000e+05
2.391948125000000000e+05
2.339684375000000000e+05
1.629905468750000000e+05
1.479524687500000000e+05
2.148347968750000000e+05
2.208372812500000000e+05
2.906234375000000000e+05
2.890159375000000000e+05
3.284811250000000000e+05
3.778013125000000000e+05
3.393210000000000000e+05
2.559671562500000000e+05
2.296663906250000000e+05
2.352241562500000000e+05
2.037199687500000000e+05
1.598432031250000000e+05
1.712613281250000000e+05
2.017298125000000000e+05
1.823241406250000000e+05
1.442189375000000000e+05
1.536827187500000000e+05
1.721209375000000000e+05
1.658803750000000000e+05
1.366204062500000000e+05
1.292460546875000000e+05
1.347004375000000000e+05
1.160600312500000000e+05
9.447776562500000000e+04
1.090120703125000000e+05
1.230190312500000000e+05
1.141359375000000000e+05
8.664132812500000000e+04
8.356438281250000000e+04
9.064576562500000000e+04
8.514359375000000000e+04
8.634351562500000000e+04
1.339600000000000000e+05
2.098316093750000000e+05
2.242944843750000000e+05
2.086152656250000000e+05
1.479574375000000000e+05
8.599754687500000000e+04
1.665139843750000000e+05
2.008433125000000000e+05
9.568422656250000000e+04
1.044435312500000000e+05
1.371662343750000000e+05
1.384601718750000000e+05
1.407567500000000000e+05
1.319608750000000000e+05
9.156142187500000000e+04
1.056868437500000000e+05
1.322317343750000000e+05
1.247512421875000000e+05
1.032331093750000000e+05
1.028961171875000000e+05
8.437670312500000000e+04
9.482498437500000000e+04
1.056406796875000000e+05
8.959421875000000000e+04
8.185745312500000000e+04
8.453824218750000000e+04
7.523307812500000000e+04
7.978282031250000000e+04
7.905429687500000000e+04
6.290126171875000000e+04
6.804542187500000000e+04
7.537870312500000000e+04
6.315597656250000000e+04
5.472392968750000000e+04
5.685680468750000000e+04
5.008007031250000000e+04
6.664764062500000000e+04
8.391742187500000000e+04
6.900060937500000000e+04
5.528530468750000000e+04
7.342561718750000000e+04
8.957153125000000000e+04
1.198454062500000000e+05
1.206898203125000000e+05
8.184700781250000000e+04
3.004625312500000000e+05
4.273005625000000000e+05
1.695245625000000000e+05
1.901875781250000000e+05
2.087184062500000000e+05
2.425617187500000000e+05
2.337397343750000000e+05
1.852084062500000000e+05
1.404392343750000000e+05
1.010781953125000000e+05
1.138370781250000000e+05
1.835048125000000000e+05
1.596376406250000000e+05
1.164782031250000000e+05
9.680155468750000000e+04
1.072546171875000000e+05
1.330430312500000000e+05
1.176643750000000000e+05
1.235802500000000000e+05
1.219400625000000000e+05
1.100713281250000000e+05
9.297067968750000000e+04
8.460017187500000000e+04
1.239731875000000000e+05
9.701726562500000000e+04
8.632292187500000000e+04
9.772464843750000000e+04
9.802839062500000000e+04
7.702150000000000000e+04
8.296254687500000000e+04
9.858322656250000000e+04
7.485201562500000000e+04
7.424024218750000000e+04
9.177081250000000000e+04
9.854812500000000000e+04
6.537189843750000000e+04
7.731664062500000000e+04
9.261673437500000000e+04
4.690335625000000000e+05
1.499090781250000000e+05
1.656847343750000000e+05
1.644103750000000000e+05
1.465196562500000000e+05
1.446259062500000000e+05
2.145121562500000000e+05
2.167444062500000000e+05
1.210758984375000000e+05
1.694601718750000000e+05
2.122192500000000000e+05
2.012148281250000000e+05
1.664280000000000000e+05
1.245266250000000000e+05
3.046931250000000000e+05
1.873075937500000000e+05
1.953054062500000000e+05
2.383816250000000000e+05
2.631988750000000000e+05
2.097722656250000000e+05
1.306038281250000000e+05
1.373664375000000000e+05
2.367952187500000000e+05
2.000224687500000000e+05
1.277121250000000000e+05
1.422323906250000000e+05
1.941565312500000000e+05
2.222556250000000000e+05
1.941265937500000000e+05
1.749337968750000000e+05
1.610359687500000000e+05
1.451967812500000000e+05
1.271857187500000000e+05
1.160775156250000000e+05
1.125077500000000000e+05
1.158624687500000000e+05
1.147055000000000000e+05
1.147806250000000000e+05
1.068917187500000000e+05
9.361343750000000000e+04
8.448322656250000000e+04
8.530206250000000000e+04
8.304681250000000000e+04
8.540697656250000000e+04
8.157481250000000000e+04
7.261651562500000000e+04
6.742032812500000000e+04
6.282392187500000000e+04
5.931164843750000000e+04
5.854086718750000000e+04
5.390566015625000000e+04
5.402326953125000000e+04
5.122800781250000000e+04
4.361075000000000000e+04
4.221146093750000000e+04
4.463942187500000000e+04
4.598175781250000000e+04
7.423032812500000000e+04
7.445595312500000000e+04
1.062999140625000000e+05
1.062017578125000000e+05
7.898600000000000000e+04
1.108540468750000000e+05
6.280442968750000000e+04
5.889753906250000000e+04
6.941424218750000000e+04
7.481001562500000000e+04
7.495567968750000000e+04
7.731417187500000000e+04
9.466808593750000000e+04
1.370762656250000000e+05
1.439032968750000000e+05
1.272576718750000000e+05
1.048533203125000000e+05
8.786068750000000000e+04
8.416351562500000000e+04
8.767634375000000000e+04
8.490979687500000000e+04
6.945200781250000000e+04
7.527129687500000000e+04
9.071359375000000000e+04
9.168053906250000000e+04
8.359671093750000000e+04
7.008808593750000000e+04
6.170878906250000000e+04
8.273104687500000000e+04
1.013496250000000000e+05
9.715096875000000000e+04
8.095741406250000000e+04
6.272650000000000000e+04
5.790510156250000000e+04
7.428682031250000000e+04
8.692751562500000000e+04
8.211700781250000000e+04
6.582630468750000000e+04
4.567754687500000000e+04
5.079140234375000000e+04
6.141971484375000000e+04
6.287235156250000000e+04
5.770973437500000000e+04
5.036721875000000000e+04
1.041178906250000000e+05
9.350401562500000000e+04
1.113342187500000000e+05
7.790690625000000000e+04
6.767660937500000000e+04
1.617301718750000000e+05
9.529352343750000000e+04
1.416262500000000000e+05
1.612462343750000000e+05
1.655822500000000000e+05
1.606486406250000000e+05
1.177447343750000000e+05
8.772909375000000000e+04
7.475103125000000000e+04
9.231278125000000000e+04
9.596993750000000000e+04
8.821721875000000000e+04
8.865767187500000000e+04
9.073699218750000000e+04
7.291163281250000000e+04
7.356520312500000000e+04
5.987606250000000000e+04
5.480461718750000000e+04
7.375113281250000000e+04
6.987303906250000000e+04
5.676134765625000000e+04
5.533010937500000000e+04
5.587120703125000000e+04
4.605403906250000000e+04
3.782644140625000000e+04
4.233292187500000000e+04
4.490779687500000000e+04
4.714520312500000000e+04
4.840921875000000000e+04
4.410667187500000000e+04
4.401763281250000000e+04
5.324664062500000000e+04
6.823381250000000000e+04
5.575433593750000000e+04
5.339262500000000000e+04
3.930568750000000000e+04
1.044949453125000000e+05
1.038676093750000000e+05
1.003459531250000000e+05
1.009879375000000000e+05
9.858441406250000000e+04
7.539929687500000000e+04
5.834335937500000000e+04
1.268818437500000000e+05
8.289380468750000000e+04
9.908324218750000000e+04
1.110815859375000000e+05
1.112145546875000000e+05
1.047664687500000000e+05
8.880929687500000000e+04
6.621428125000000000e+04
6.756198437500000000e+04
5.785628125000000000e+04
5.916189843750000000e+04
6.424832812500000000e+04
6.227760937500000000e+04
5.290414843750000000e+04
5.412211718750000000e+04
5.576905859375000000e+04
4.227883984375000000e+04
4.585079687500000000e+04
5.925980468750000000e+04
4.352931250000000000e+04
5.062423437500000000e+04
6.978555468750000000e+04
7.709439062500000000e+04
1.033602656250000000e+05
9.614394531250000000e+04
6.660749218750000000e+04
7.147264062500000000e+04
7.163226562500000000e+04
6.019982812500000000e+04
6.128845312500000000e+04
6.258466406250000000e+04
5.130335937500000000e+04
5.646116406250000000e+04
5.684020312500000000e+04
6.128019531250000000e+04
6.527558984375000000e+04
4.775609375000000000e+04
4.113235156250000000e+04
4.788141406250000000e+04
3.773393359375000000e+04
4.260758984375000000e+04
3.963111328125000000e+04
3.726186718750000000e+04
4.193091406250000000e+04
3.902631250000000000e+04
3.321148437500000000e+04
2.886201953125000000e+04
3.182957812500000000e+04
3.321080468750000000e+04
2.908919531250000000e+04
2.405353906250000000e+04
2.639204492187500000e+04
2.845017187500000000e+04
3.117753515625000000e+04
4.415210156250000000e+04
5.339437890625000000e+04
4.999729296875000000e+04
3.327426953125000000e+04
5.549238281250000000e+04
3.205889062500000000e+04
3.489277343750000000e+04
3.972746093750000000e+04
3.644999609375000000e+04
2.792236523437500000e+04
2.463144921875000000e+04
3.225319531250000000e+04
3.330373437500000000e+04
3.034482421875000000e+04
2.579621484375000000e+04
2.734505468750000000e+04
2.851491015625000000e+04
3.023337890625000000e+04
2.600218359375000000e+04
2.427343164062500000e+04
2.453950781250000000e+04
2.699460351562500000e+04
2.664015039062500000e+04
2.318947656250000000e+04
2.045536132812500000e+04
2.286163281250000000e+04
2.306960156250000000e+04
2.212717187500000000e+04
1.929947070312500000e+04
2.055129101562500000e+04
1.884511132812500000e+04
2.219109765625000000e+04
2.137127148437500000e+04
1.982272070312500000e+04
1.660749804687500000e+04
2.051424414062500000e+04
2.291672265625000000e+04
3.119539843750000000e+04
6.328670703125000000e+04
8.809785156250000000e+04
7.422372656250000000e+04
5.609489843750000000e+04
4.373987890625000000e+04
9.366803125000000000e+04
3.984164062500000000e+04
4.299077343750000000e+04
6.273575781250000000e+04
7.024375781250000000e+04
5.908946093750000000e+04
4.507483203125000000e+04
4.900618750000000000e+04
6.133525781250000000e+04
6.508550781250000000e+04
6.223122656250000000e+04
5.071228906250000000e+04
5.422800000000000000e+04
5.998206250000000000e+04
5.332074609375000000e+04
4.963378906250000000e+04
4.213869140625000000e+04
3.606651953125000000e+04
3.214010546875000000e+04
4.181369921875000000e+04
4.530626562500000000e+04
4.012118359375000000e+04
3.231352734375000000e+04
2.832904687500000000e+04
3.203880859375000000e+04
3.461961718750000000e+04
3.347579296875000000e+04
2.750156054687500000e+04
2.704265429687500000e+04
3.084979296875000000e+04
2.871299804687500000e+04
2.356147460937500000e+04
3.188824609375000000e+04
3.678446093750000000e+04
3.223946093750000000e+04
4.271098437500000000e+04
4.622889062500000000e+04
3.366528906250000000e+04
4.371404296875000000e+04
1.210655156250000000e+05
5.371200000000000000e+04
5.367580468750000000e+04
5.278534375000000000e+04
4.526257421875000000e+04
4.125296484375000000e+04
4.060122265625000000e+04
4.178095312500000000e+04
3.799864062500000000e+04
3.492777343750000000e+04
3.650749609375000000e+04
2.844174414062500000e+04
3.327724218750000000e+04
3.431716406250000000e+04
4.770671875000000000e+04
3.971459765625000000e+04
3.882712890625000000e+04
3.536129296875000000e+04
3.730821093750000000e+04
3.952210937500000000e+04
3.455745312500000000e+04
3.302395312500000000e+04
2.808820703125000000e+04
2.520635546875000000e+04
3.005842578125000000e+04
3.878852343750000000e+04
3.430250000000000000e+04
3.157977148437500000e+04
3.300396093750000000e+04
2.868026953125000000e+04
2.581697265625000000e+04
2.975197265625000000e+04
2.782269335937500000e+04
8.699175000000000000e+04
5.467434375000000000e+04
4.467630859375000000e+04
6.810909375000000000e+04
8.319595312500000000e+04
7.602214062500000000e+04
7.779743750000000000e+04
7.362727343750000000e+04
4.837605468750000000e+04
3.475076171875000000e+04
4.166827343750000000e+04
4.000638281250000000e+04
4.226151562500000000e+04
4.257318359375000000e+04
3.199503515625000000e+04
3.503250781250000000e+04
4.305256250000000000e+04
4.145683593750000000e+04
4.332314062500000000e+04
4.028408203125000000e+04
2.845722265625000000e+04
3.077171484375000000e+04
3.821117968750000000e+04
3.390968750000000000e+04
3.053958007812500000e+04
3.036643359375000000e+04
2.447453906250000000e+04
2.836675195312500000e+04
3.200714062500000000e+04
2.580139257812500000e+04
2.354542382812500000e+04
2.453082617187500000e+04
2.011537304687500000e+04
2.286719726562500000e+04
2.640340429687500000e+04
2.183745117187500000e+04
1.885192382812500000e+04
2.020891015625000000e+04
1.796712890625000000e+04
1.948550781250000000e+04
2.245704687500000000e+04
1.834587500000000000e+04
1.841649804687500000e+04
2.289978906250000000e+04
1.995347656250000000e+04
1.806647070312500000e+04
2.094373046875000000e+04
1.942540625000000000e+04
1.778178906250000000e+04
5.594139062500000000e+04
2.914645312500000000e+04
3.908554687500000000e+04
3.565286718750000000e+04
1.986668750000000000e+04
6.312584375000000000e+04
4.311616015625000000e+04
3.149775781250000000e+04
2.688147851562500000e+04
2.389348632812500000e+04
1.709119335937500000e+04
2.832617578125000000e+04
3.431533984375000000e+04
2.766274609375000000e+04
2.824662890625000000e+04
2.970832421875000000e+04
2.603625976562500000e+04
2.573967187500000000e+04
2.462171875000000000e+04
2.129761523437500000e+04
2.906212890625000000e+04
4.291437500000000000e+04
4.375003906250000000e+04
3.687957812500000000e+04
3.635131640625000000e+04
6.875239843750000000e+04
3.370621875000000000e+04
3.797338281250000000e+04
4.725504687500000000e+04
5.914312500000000000e+04
6.028728906250000000e+04
4.831649218750000000e+04
4.380106250000000000e+04
4.604880468750000000e+04
4.089700781250000000e+04
3.948150781250000000e+04
3.264609179687500000e+04
2.545563671875000000e+04
2.285182421875000000e+04
2.823106054687500000e+04
3.114954296875000000e+04
3.196446093750000000e+04
2.585370117187500000e+04
2.588821484375000000e+04
2.868175585937500000e+04
2.800459765625000000e+04
2.399509765625000000e+04
2.044685546875000000e+04
1.960252148437500000e+04
2.092591210937500000e+04
2.051234960937500000e+04
1.903754687500000000e+04
1.562966992187500000e+04
2.035642187500000000e+04
2.165086328125000000e+04
1.936537695312500000e+04
1.508308789062500000e+04
1.885237304687500000e+04
1.762704296875000000e+04
1.805046679687500000e+04
2.386863281250000000e+04
2.578290234375000000e+04
2.015205078125000000e+04
1.606316406250000000e+04
1.636976562500000000e+04
1.927628320312500000e+04
2.236116796875000000e+04
7.365004687500000000e+04
6.459017187500000000e+04
1.021067187500000000e+05
1.244328359375000000e+05
1.366073750000000000e+05
1.350680937500000000e+05
1.193407109375000000e+05
1.029224765625000000e+05
8.192967968750000000e+04
6.898906250000000000e+04
5.322073046875000000e+04
4.036246093750000000e+04
3.467589843750000000e+04
4.628528125000000000e+04
6.712203906250000000e+04
6.602721875000000000e+04
8.064782031250000000e+04
8.970471875000000000e+04
9.788327343750000000e+04
8.664587500000000000e+04
8.090149218750000000e+04
6.483833593750000000e+04
6.494123437500000000e+04
5.546696875000000000e+04
6.190700781250000000e+04
7.067049218750000000e+04
7.470980468750000000e+04
6.598651562500000000e+04
6.907870312500000000e+04
7.307899218750000000e+04
7.045651562500000000e+04
6.120988671875000000e+04
5.409885937500000000e+04
4.519378906250000000e+04
5.604746875000000000e+04
6.175347265625000000e+04
5.489598437500000000e+04
4.875840625000000000e+04
4.307124218750000000e+04
3.502063671875000000e+04
3.901119531250000000e+04
4.372246093750000000e+04
3.869496093750000000e+04
3.914245312500000000e+04
3.931204296875000000e+04
3.012952343750000000e+04
3.091304882812500000e+04
3.446984375000000000e+04
2.968488671875000000e+04
2.875746289062500000e+04
2.934839843750000000e+04
2.380160937500000000e+04
2.531563671875000000e+04
2.731906640625000000e+04
2.330435156250000000e+04
2.225314648437500000e+04
2.303097460937500000e+04
1.836473437500000000e+04
2.048606640625000000e+04
2.311898242187500000e+04
1.830833398437500000e+04
1.915537500000000000e+04
2.099104492187500000e+04
1.687280859375000000e+04
1.621546191406250000e+04
1.683918359375000000e+04
1.318791406250000000e+04
1.686700390625000000e+04
1.993373046875000000e+04
1.593874804687500000e+04
1.336636035156250000e+04
1.388704687500000000e+04
1.216894628906250000e+04
1.557141406250000000e+04
1.977778515625000000e+04
1.649779687500000000e+04
1.292266210937500000e+04
4.231874218750000000e+04
3.073528125000000000e+04
4.072195312500000000e+04
3.928597656250000000e+04
3.130962695312500000e+04
1.992559765625000000e+04
2.254428710937500000e+04
1.302565312500000000e+05
3.579658593750000000e+04
4.077776562500000000e+04
4.775164062500000000e+04
5.228176562500000000e+04
5.631712109375000000e+04
5.601762109375000000e+04
5.423793750000000000e+04
4.761935937500000000e+04
3.492876562500000000e+04
3.908298437500000000e+04
3.066511328125000000e+04
4.054494921875000000e+04
3.876461328125000000e+04
2.954191406250000000e+04
2.698534765625000000e+04
3.665749218750000000e+04
3.983653125000000000e+04
3.391337500000000000e+04
2.899347265625000000e+04
2.758169726562500000e+04
2.895651562500000000e+04
2.516515234375000000e+04
2.330527148437500000e+04
2.708919921875000000e+04
2.614653125000000000e+04
2.326271484375000000e+04
2.229548046875000000e+04
1.751554296875000000e+04
2.131545507812500000e+04
2.460694726562500000e+04
1.851722265625000000e+04
2.509759960937500000e+04
2.179855273437500000e+04
1.934109960937500000e+04
2.892868164062500000e+04
2.706553515625000000e+04
2.254557421875000000e+04
2.307413281250000000e+04
2.287149218750000000e+04
2.194300585937500000e+04
1.667897851562500000e+04
1.907878906250000000e+04
1.639824609375000000e+04
1.615109179687500000e+04
2.173825585937500000e+04
2.171490234375000000e+04
1.847929101562500000e+04
1.688907617187500000e+04
1.423721289062500000e+04
1.640064062500000000e+04
1.660926757812500000e+04
3.176324218750000000e+04
2.945669140625000000e+04
3.439948828125000000e+04
2.979941992187500000e+04
2.443838671875000000e+04
1.947643359375000000e+04
2.562280468750000000e+04
3.075945312500000000e+04
2.830853125000000000e+04
2.204536132812500000e+04
2.371394921875000000e+04
2.173643750000000000e+04
1.850932812500000000e+04
1.728678515625000000e+04
2.485540625000000000e+04
2.612744921875000000e+04
2.107736328125000000e+04
1.397281445312500000e+04
1.865010937500000000e+04
2.089539453125000000e+04
2.143149609375000000e+04
2.085541210937500000e+04
1.934414062500000000e+04
1.367345898437500000e+04
2.114064453125000000e+04
2.513468359375000000e+04
2.114797070312500000e+04
2.037513085937500000e+04
4.346648437500000000e+04
3.601941015625000000e+04
5.711464062500000000e+04
7.389910156250000000e+04
8.544860937500000000e+04
7.918832812500000000e+04
7.207986718750000000e+04
6.527736718750000000e+04
4.798289843750000000e+04
3.044532812500000000e+04
3.698114843750000000e+04
4.727743359375000000e+04
4.213601562500000000e+04
3.675658984375000000e+04
3.677349609375000000e+04
3.305394921875000000e+04
3.611082421875000000e+04
3.604290234375000000e+04
3.793580468750000000e+04
4.143936718750000000e+04
2.955558007812500000e+04
2.311870117187500000e+04
2.829348632812500000e+04
2.798041796875000000e+04
2.838730078125000000e+04
3.044339843750000000e+04
2.896017968750000000e+04
2.586698046875000000e+04
3.109413281250000000e+04
2.865447265625000000e+04
1.986194335937500000e+04
2.539765625000000000e+04
3.030334765625000000e+04
3.048604296875000000e+04
2.811079296875000000e+04
2.312667578125000000e+04
2.069025585937500000e+04
2.199802343750000000e+04
2.669595898437500000e+04
3.054625390625000000e+04
2.768703125000000000e+04
2.769667773437500000e+04
3.178167578125000000e+04
2.943732031250000000e+04
2.947808203125000000e+04
2.588185937500000000e+04
4.674644531250000000e+04
3.954859375000000000e+04
4.158688281250000000e+04
4.428179296875000000e+04
4.511579687500000000e+04
4.138023437500000000e+04
3.810680468750000000e+04
3.535078125000000000e+04
3.334531250000000000e+04
3.376209765625000000e+04
2.594151562500000000e+04
2.786470312500000000e+04
2.614093554687500000e+04
2.453808007812500000e+04
2.478607226562500000e+04
3.145361328125000000e+04
3.030617773437500000e+04
2.908751953125000000e+04
2.975635546875000000e+04
1.941294531250000000e+04
2.266640039062500000e+04
2.584047070312500000e+04
2.963037890625000000e+04
3.058324609375000000e+04
2.645331250000000000e+04
2.940755468750000000e+04
3.410585937500000000e+04
2.840965234375000000e+04
2.086705078125000000e+04
1.722867187500000000e+04
1.657540625000000000e+04
1.801946289062500000e+04
2.131471484375000000e+04
2.340957421875000000e+04
2.496592968750000000e+04
1.904271875000000000e+04
1.370462792968750000e+04
1.537016601562500000e+04
1.769821484375000000e+04
1.964187109375000000e+04
1.838367968750000000e+04
1.716842968750000000e+04
1.339888085937500000e+04
1.209776171875000000e+04
1.332858886718750000e+04
1.553718554687500000e+04
1.499861718750000000e+04
1.356832421875000000e+04
1.189398242187500000e+04
1.115029589843750000e+04
1.148126953125000000e+04
1.154076855468750000e+04
1.042771679687500000e+04
1.048907031250000000e+04
9.291695312500000000e+03
8.906984375000000000e+03
8.476691406250000000e+03
9.391724609375000000e+03
8.926337890625000000e+03
8.019708984375000000e+03
6.917582031250000000e+03
9.103673828125000000e+03
9.131509765625000000e+03
8.047820312500000000e+03
6.547771484375000000e+03
8.219349609375000000e+03
8.082903320312500000e+03
8.596798828125000000e+03
7.616139648437500000e+03
7.950629882812500000e+03
6.752835937500000000e+03
8.346785156250000000e+03
8.179908203125000000e+03
7.734300292968750000e+03
7.162908691406250000e+03
7.887155273437500000e+03
7.581799804687500000e+03
8.071681152343750000e+03
7.525368652343750000e+03
7.715521484375000000e+03
7.312715820312500000e+03
7.940944335937500000e+03
7.465829101562500000e+03
6.779236328125000000e+03
5.708136230468750000e+03
7.999831054687500000e+03
1.523767968750000000e+04
2.093424414062500000e+04
2.347092382812500000e+04
2.569547851562500000e+04
2.501638867187500000e+04
1.540774609375000000e+04
1.350450976562500000e+04
3.996451562500000000e+04
2.487086718750000000e+04
2.072886132812500000e+04
2.021290234375000000e+04
2.985203906250000000e+04
3.277060546875000000e+04
2.546722656250000000e+04
1.680891601562500000e+04
2.019469531250000000e+04
2.331260156250000000e+04
2.038983984375000000e+04
1.895828125000000000e+04
2.565274609375000000e+04
2.659384765625000000e+04
2.548294335937500000e+04
1.984826562500000000e+04
2.114920703125000000e+04
2.514764062500000000e+04
2.585995312500000000e+04
2.405435937500000000e+04
2.276447656250000000e+04
1.626478710937500000e+04
2.566511914062500000e+04
3.202612304687500000e+04
1.874183593750000000e+04
2.174875781250000000e+04
2.537720507812500000e+04
2.009243164062500000e+04
1.841911914062500000e+04
2.117317578125000000e+04
2.201859375000000000e+04
1.791412695312500000e+04
1.513083789062500000e+04
1.776190429687500000e+04
2.606533984375000000e+04
3.018174218750000000e+04
3.364354687500000000e+04
2.892381250000000000e+04
2.643530078125000000e+04
2.816943164062500000e+04
2.307034960937500000e+04
2.014845312500000000e+04
2.444891406250000000e+04
2.164330273437500000e+04
1.920726953125000000e+04
1.991863281250000000e+04
1.491652929687500000e+04
1.288754296875000000e+04
1.355025195312500000e+04
1.039005273437500000e+04
1.613628125000000000e+04
2.216085546875000000e+04
1.962724804687500000e+04
1.428276074218750000e+04
1.704973242187500000e+04
1.596605664062500000e+04
1.707961132812500000e+04
1.681721875000000000e+04
1.370492480468750000e+04
1.119370214843750000e+04
9.897382812500000000e+03
1.130461914062500000e+04
1.212879003906250000e+04
1.658368750000000000e+04
2.199842187500000000e+04
2.271842187500000000e+04
2.286216796875000000e+04
1.964362304687500000e+04
1.641907421875000000e+04
1.176929882812500000e+04
1.786364843750000000e+04
2.210599414062500000e+04
2.568299609375000000e+04
2.445917968750000000e+04
2.050354492187500000e+04
1.691384960937500000e+04
1.576639648437500000e+04
1.369820703125000000e+04
1.439516796875000000e+04
1.310699316406250000e+04
1.376567968750000000e+04
1.318903515625000000e+04
1.284219238281250000e+04
1.145987304687500000e+04
1.045061230468750000e+04
9.485137695312500000e+03
1.066362304687500000e+04
1.081658398437500000e+04
9.648509765625000000e+03
8.721698242187500000e+03
8.491800781250000000e+03
7.902144531250000000e+03
8.581347656250000000e+03
8.257161132812500000e+03
7.900674316406250000e+03
7.219204101562500000e+03
7.161899414062500000e+03
6.448907714843750000e+03
6.788907226562500000e+03
6.108874023437500000e+03
6.811535156250000000e+03
6.716363281250000000e+03
6.002255859375000000e+03
5.334979492187500000e+03
6.700936523437500000e+03
6.634434570312500000e+03
6.346446289062500000e+03
6.014664062500000000e+03
6.378059570312500000e+03
6.001826171875000000e+03
5.513071289062500000e+03
5.244635253906250000e+03
6.307291992187500000e+03
6.260326171875000000e+03
5.530446289062500000e+03
4.676890136718750000e+03
5.879819335937500000e+03
5.706301269531250000e+03
6.437249023437500000e+03
5.926843750000000000e+03
6.057563476562500000e+03
5.339995605468750000e+03
5.730498535156250000e+03
5.498114257812500000e+03
6.327794433593750000e+03
6.171811523437500000e+03
5.670240722656250000e+03
5.121164550781250000e+03
5.840323242187500000e+03
5.370774414062500000e+03
5.804696289062500000e+03
4.980305664062500000e+03
5.525688476562500000e+03
5.119961914062500000e+03
4.954942382812500000e+03
4.768954101562500000e+03
6.742330078125000000e+03
6.221390136718750000e+03
4.962321777343750000e+03
4.921451171875000000e+03
5.784431640625000000e+03
5.687160156250000000e+03
5.443365234375000000e+03
4.529840332031250000e+03
5.873810058593750000e+03
5.728424804687500000e+03
5.000967773437500000e+03
4.855832031250000000e+03
1.424328320312500000e+04
1.852991406250000000e+04
2.587318750000000000e+04
2.472097656250000000e+04
2.717523437500000000e+04
2.544872460937500000e+04
2.353886132812500000e+04
1.692996289062500000e+04
1.101342578125000000e+04
1.136380566406250000e+04
1.252572460937500000e+04
1.211651757812500000e+04
1.344712597656250000e+04
1.382955957031250000e+04
1.579756347656250000e+04
1.442941113281250000e+04
1.158120703125000000e+04
9.721158203125000000e+03
1.265801660156250000e+04
1.254257910156250000e+04
1.199407421875000000e+04
9.422222656250000000e+03
9.797637695312500000e+03
1.073724414062500000e+04
1.160049804687500000e+04
1.143130078125000000e+04
1.035781835937500000e+04
8.816639648437500000e+03
9.161654296875000000e+03
9.284292968750000000e+03
9.414011718750000000e+03
8.353068359375000000e+03
8.799570312500000000e+03
8.067681640625000000e+03
7.709025390625000000e+03
6.380663085937500000e+03
7.973483886718750000e+03
7.803187500000000000e+03
7.744838867187500000e+03
6.725477050781250000e+03
6.901684570312500000e+03
6.831247070312500000e+03
7.030750976562500000e+03
5.972192382812500000e+03
5.901500976562500000e+03
5.750442871093750000e+03
6.053894531250000000e+03
5.886516113281250000e+03
5.883776367187500000e+03
4.882829589843750000e+03
5.631090820312500000e+03
5.657729492187500000e+03
5.295484375000000000e+03
4.443213378906250000e+03
5.774583984375000000e+03
5.340445800781250000e+03
5.001736816406250000e+03
4.788452148437500000e+03
5.265989257812500000e+03
4.765691406250000000e+03
5.284160156250000000e+03
5.168587890625000000e+03
5.337122070312500000e+03
4.884895507812500000e+03
5.360008300781250000e+03
4.752080078125000000e+03
4.900261718750000000e+03
4.359138671875000000e+03
6.074562500000000000e+03
5.552436523437500000e+03
5.329391601562500000e+03
4.768087890625000000e+03
5.752482421875000000e+03
4.805958496093750000e+03
5.227875488281250000e+03
4.718759765625000000e+03
5.656755859375000000e+03
5.623627929687500000e+03
5.786530273437500000e+03
4.869591796875000000e+03
1.190358105468750000e+04
1.605921582031250000e+04
2.348988281250000000e+04
2.633302343750000000e+04
2.433547070312500000e+04
2.151191601562500000e+04
1.986847851562500000e+04
1.862975976562500000e+04
1.524671972656250000e+04
1.953460546875000000e+04
2.349627929687500000e+04
2.094106250000000000e+04
1.783031250000000000e+04
1.769780859375000000e+04
1.816789453125000000e+04
1.834276562500000000e+04
1.974615820312500000e+04
1.819252929687500000e+04
1.347858007812500000e+04
1.604990234375000000e+04
1.926458789062500000e+04
1.565366015625000000e+04
1.369130273437500000e+04
1.502766015625000000e+04
1.120306347656250000e+04
9.865556640625000000e+03
1.078459179687500000e+04
8.417979492187500000e+03
1.169845898437500000e+04
1.283271484375000000e+04
1.036096093750000000e+04
9.968733398437500000e+03
9.671313476562500000e+03
7.358044921875000000e+03
1.073173925781250000e+04
1.235583398437500000e+04
9.004677734375000000e+03
7.884211425781250000e+03
9.057925781250000000e+03
7.379428222656250000e+03
8.494875000000000000e+03
9.953029296875000000e+03
7.868856445312500000e+03
8.059736328125000000e+03
9.579171875000000000e+03
7.713204101562500000e+03
7.854334472656250000e+03
8.173682617187500000e+03
6.154849609375000000e+03
7.985778320312500000e+03
1.023375976562500000e+04
7.424794433593750000e+03
7.609575195312500000e+03
8.135085937500000000e+03
6.128045898437500000e+03
7.613453125000000000e+03
9.578258789062500000e+03
6.368998535156250000e+03
7.247137207031250000e+03
9.031126953125000000e+03
6.796428710937500000e+03
6.677643554687500000e+03
7.792080566406250000e+03
5.439857421875000000e+03
7.962664062500000000e+03
9.109491210937500000e+03
7.563711914062500000e+03
7.072171875000000000e+03
7.917376953125000000e+03
1.532701171875000000e+04
2.086957031250000000e+04
2.984545898437500000e+04
3.504129687500000000e+04
3.806742187500000000e+04
3.962861718750000000e+04
3.915629687500000000e+04
3.166287890625000000e+04
2.389411914062500000e+04
2.055619921875000000e+04
1.895137890625000000e+04
2.058234375000000000e+04
1.814616406250000000e+04
1.969200390625000000e+04
2.114849609375000000e+04
2.187301562500000000e+04
1.974152734375000000e+04
1.505243554687500000e+04
1.226262890625000000e+04
1.372549804687500000e+04
1.370059179687500000e+04
1.407419726562500000e+04
1.304607812500000000e+04
1.246438867187500000e+04
1.151419628906250000e+04
1.192461816406250000e+04
1.042523144531250000e+04
1.018050000000000000e+04
9.977263671875000000e+03
9.371841796875000000e+03
7.695953125000000000e+03
8.762963867187500000e+03
9.235457031250000000e+03
8.398410156250000000e+03
7.955861816406250000e+03
7.453416992187500000e+03
6.222328125000000000e+03
7.277855468750000000e+03
6.928626953125000000e+03
6.711401855468750000e+03
6.095214355468750000e+03
6.290627929687500000e+03
6.082143554687500000e+03
6.155342285156250000e+03
5.783106933593750000e+03
5.548755371093750000e+03
5.136869140625000000e+03
5.128929687500000000e+03
4.956048828125000000e+03
5.207950195312500000e+03
4.606929199218750000e+03
4.724511230468750000e+03
4.665860839843750000e+03
4.941284667968750000e+03
4.347930175781250000e+03
4.379580566406250000e+03
4.257506835937500000e+03
4.502449218750000000e+03
4.245837890625000000e+03
3.925753906250000000e+03
3.882979248046875000e+03
4.400217773437500000e+03
4.140508300781250000e+03
3.905530517578125000e+03
3.497394042968750000e+03
4.156340820312500000e+03
4.110873535156250000e+03
3.607162597656250000e+03
3.289409179687500000e+03
4.178072753906250000e+03
4.010387207031250000e+03
3.257027587890625000e+03
3.194560302734375000e+03
4.251354003906250000e+03
4.069113525390625000e+03
3.247115722656250000e+03
2.888809082031250000e+03
1.163054296875000000e+04
1.359397070312500000e+04
1.750346093750000000e+04
1.834761718750000000e+04
2.176567773437500000e+04
2.038203125000000000e+04
1.804287109375000000e+04
1.258172851562500000e+04
1.035012597656250000e+04
1.120263769531250000e+04
1.470337890625000000e+04
1.636143945312500000e+04
1.452141796875000000e+04
1.218790429687500000e+04
1.401653906250000000e+04
1.204568457031250000e+04
1.341123437500000000e+04
1.502776464843750000e+04
1.179686425781250000e+04
8.631197265625000000e+03
1.084695898437500000e+04
1.414129101562500000e+04
1.581680468750000000e+04
1.775017773437500000e+04
1.587560546875000000e+04
1.124844238281250000e+04
1.075585937500000000e+04
1.579058496093750000e+04
1.416213769531250000e+04
1.496113281250000000e+04
1.504049609375000000e+04
1.453770507812500000e+04
1.234572070312500000e+04
9.846180664062500000e+03
1.096854785156250000e+04
1.009058789062500000e+04
9.256591796875000000e+03
9.540482421875000000e+03
8.541539062500000000e+03
7.569632812500000000e+03
8.839936523437500000e+03
8.748589843750000000e+03
7.634535156250000000e+03
6.206588867187500000e+03
7.203832031250000000e+03
7.268757812500000000e+03
7.554080078125000000e+03
6.321414062500000000e+03
6.402514648437500000e+03
6.297156250000000000e+03
6.226606445312500000e+03
5.493960937500000000e+03
5.853147460937500000e+03
5.702732421875000000e+03
5.819302734375000000e+03
5.430946289062500000e+03
5.376011718750000000e+03
4.964444824218750000e+03
4.976555664062500000e+03
4.768827148437500000e+03
4.860198730468750000e+03
4.586486328125000000e+03
4.595073242187500000e+03
4.015857421875000000e+03
4.563035156250000000e+03
4.265117187500000000e+03
4.107605468750000000e+03
3.956630371093750000e+03
4.225991210937500000e+03
4.120273437500000000e+03
4.028134277343750000e+03
3.770471679687500000e+03
4.162387695312500000e+03
3.743698486328125000e+03
3.646875976562500000e+03
3.417743896484375000e+03
3.948206542968750000e+03
3.899168457031250000e+03
3.439300292968750000e+03
3.193141113281250000e+03
4.138173828125000000e+03
3.783456542968750000e+03
3.564049804687500000e+03
3.054063964843750000e+03
4.067768554687500000e+03
3.793764160156250000e+03
3.534497070312500000e+03
3.362755126953125000e+03
3.992360839843750000e+03
3.859462402343750000e+03
3.432526855468750000e+03
3.301317382812500000e+03
3.924331054687500000e+03
3.685625000000000000e+03
3.490657714843750000e+03
3.367882812500000000e+03
3.915170410156250000e+03
3.516785400390625000e+03
3.263656250000000000e+03
2.855603515625000000e+03
4.164529296875000000e+03
3.754394775390625000e+03
3.235814941406250000e+03
3.082778564453125000e+03
8.093605957031250000e+03
1.449543652343750000e+04
1.978216796875000000e+04
2.142618945312500000e+04
2.494523632812500000e+04
2.262406640625000000e+04
1.944839843750000000e+04
1.540792968750000000e+04
1.219180273437500000e+04
9.012500000000000000e+03
9.935700195312500000e+03
1.438325976562500000e+04
1.311323046875000000e+04
1.332512500000000000e+04
1.534992187500000000e+04
1.406049414062500000e+04
1.115887695312500000e+04
9.698201171875000000e+03
9.355687500000000000e+03
9.747388671875000000e+03
9.900799804687500000e+03
9.442368164062500000e+03
8.793223632812500000e+03
8.207545898437500000e+03
7.804849121093750000e+03
7.308572265625000000e+03
7.412347167968750000e+03
6.876656738281250000e+03
7.243467773437500000e+03
7.043827148437500000e+03
7.068962890625000000e+03
6.147960449218750000e+03
6.178620117187500000e+03
6.109494628906250000e+03
5.464147460937500000e+03
4.874504882812500000e+03
5.507865234375000000e+03
5.994192382812500000e+03
6.125470214843750000e+03
5.724963867187500000e+03
5.425951171875000000e+03
4.370545410156250000e+03
5.432278808593750000e+03
5.545458984375000000e+03
5.329288085937500000e+03
4.171814453125000000e+03
4.929927734375000000e+03
4.897587402343750000e+03
6.076578125000000000e+03
5.482787109375000000e+03
4.989526367187500000e+03
4.061640136718750000e+03
5.188828125000000000e+03
5.592928222656250000e+03
5.054852050781250000e+03
4.583805175781250000e+03
4.861648437500000000e+03
4.824979492187500000e+03
5.103536621093750000e+03
5.230288574218750000e+03
5.311121093750000000e+03
4.143708984375000000e+03
4.700468261718750000e+03
5.347417968750000000e+03
4.787901367187500000e+03
4.402118164062500000e+03
4.546702636718750000e+03
4.409609863281250000e+03
1.134006054687500000e+04
1.622611718750000000e+04
2.068474804687500000e+04
2.313178710937500000e+04
2.372134765625000000e+04
2.705037695312500000e+04
1.563322265625000000e+04
1.841125000000000000e+04
2.157636523437500000e+04
1.998952734375000000e+04
2.120073437500000000e+04
2.222206250000000000e+04
2.226586328125000000e+04
2.071119335937500000e+04
2.192775000000000000e+04
2.384499414062500000e+04
2.027612500000000000e+04
2.008431250000000000e+04
2.161274804687500000e+04
1.986188671875000000e+04
3.251132421875000000e+04
3.986736718750000000e+04
4.700757031250000000e+04
7.513666406250000000e+04
6.476714843750000000e+04
3.793952734375000000e+04
3.344681640625000000e+04
2.666549609375000000e+04
3.569167968750000000e+04
2.933400585937500000e+04
2.843339062500000000e+04
3.681360546875000000e+04
2.582454687500000000e+04
3.591985156250000000e+04
3.622240234375000000e+04
2.230104296875000000e+04
2.770011523437500000e+04
2.594667382812500000e+04
2.538423828125000000e+04
2.331175390625000000e+04
2.403633984375000000e+04
2.627459375000000000e+04
2.286618750000000000e+04
2.185913671875000000e+04
1.918174609375000000e+04
1.475554687500000000e+04
1.839273632812500000e+04
2.542694531250000000e+04
1.891904492187500000e+04
2.328900781250000000e+04
3.147186328125000000e+04
2.688947656250000000e+04
1.948955859375000000e+04
2.119632617187500000e+04
2.329809765625000000e+04
2.137885351562500000e+04
1.908247070312500000e+04
2.160508984375000000e+04
1.902306054687500000e+04
1.982281054687500000e+04
2.230526562500000000e+04
1.632868652343750000e+04
1.327446191406250000e+04
1.405829101562500000e+04
1.202797265625000000e+04
1.559133984375000000e+04
2.038377539062500000e+04
1.782258203125000000e+04
1.421794238281250000e+04
1.921474609375000000e+04
1.881418164062500000e+04
1.677646875000000000e+04
1.451681640625000000e+04
1.038394433593750000e+04
1.794111523437500000e+04
2.416899609375000000e+04
2.583403125000000000e+04
2.986495703125000000e+04
3.448648437500000000e+04
3.009602929687500000e+04
3.469354687500000000e+04
3.552017187500000000e+04
2.921569921875000000e+04
2.409516015625000000e+04
2.314614648437500000e+04
1.758893945312500000e+04
1.853349218750000000e+04
1.870536132812500000e+04
1.399348046875000000e+04
1.242535937500000000e+04
1.355557031250000000e+04
1.050728710937500000e+04
1.245332226562500000e+04
1.410555078125000000e+04
1.136304980468750000e+04
1.066122070312500000e+04
1.143622949218750000e+04
8.414343750000000000e+03
9.357353515625000000e+03
1.024568164062500000e+04
8.105516601562500000e+03
7.032424804687500000e+03
8.253533203125000000e+03
6.091688476562500000e+03
7.777715820312500000e+03
8.796015625000000000e+03
5.875780761718750000e+03
7.330853515625000000e+03
8.149815429687500000e+03
6.398295898437500000e+03
5.901453125000000000e+03
6.653027343750000000e+03
4.581568847656250000e+03
5.952997070312500000e+03
7.596834960937500000e+03
5.636185546875000000e+03
5.308438964843750000e+03
5.857535156250000000e+03
4.169577636718750000e+03
5.716770507812500000e+03
7.509410156250000000e+03
5.757197753906250000e+03
5.360222167968750000e+03
6.157936523437500000e+03
4.581384765625000000e+03
5.179997070312500000e+03
6.606518554687500000e+03
4.585263671875000000e+03
5.974102539062500000e+03
6.748527343750000000e+03
4.519696777343750000e+03
5.093027343750000000e+03
6.090468750000000000e+03
4.100594726562500000e+03
5.363545898437500000e+03
6.453161621093750000e+03
4.695865234375000000e+03
4.619217773437500000e+03
5.801753906250000000e+03
4.228200195312500000e+03
5.556445312500000000e+03
6.324486328125000000e+03
4.698932128906250000e+03
4.736677734375000000e+03
5.863167968750000000e+03
4.312390625000000000e+03
5.074141601562500000e+03
5.839111328125000000e+03
4.294410644531250000e+03
5.243114257812500000e+03
7.035829589843750000e+03
5.093268066406250000e+03
5.291857421875000000e+03
5.527368652343750000e+03
3.948726074218750000e+03
5.368997070312500000e+03
6.768962890625000000e+03
4.342203125000000000e+03
5.116164062500000000e+03
6.043502441406250000e+03
4.233944335937500000e+03
4.756089843750000000e+03
6.182182617187500000e+03
3.889276367187500000e+03
5.067203125000000000e+03
6.217985351562500000e+03
4.399814453125000000e+03
4.534504882812500000e+03
5.803687500000000000e+03
3.796612792968750000e+03
1.724099218750000000e+04
1.652801953125000000e+04
1.688416796875000000e+04
2.121276171875000000e+04
2.456627343750000000e+04
2.108850585937500000e+04
2.530661328125000000e+04
2.805941015625000000e+04
2.254182812500000000e+04
1.673652929687500000e+04
1.588908984375000000e+04
1.274065039062500000e+04
1.051962695312500000e+04
9.630517578125000000e+03
7.823801757812500000e+03
1.265112792968750000e+04
1.428607031250000000e+04
1.122061132812500000e+04
1.465735742187500000e+04
1.696569726562500000e+04
1.376623437500000000e+04
1.032468945312500000e+04
9.250324218750000000e+03
7.898213867187500000e+03
6.632307617187500000e+03
8.391890625000000000e+03
1.083557226562500000e+04
1.208734082031250000e+04
1.198278222656250000e+04
1.396388281250000000e+04
1.452940234375000000e+04
1.297309375000000000e+04
1.295079101562500000e+04
1.209588281250000000e+04
1.120860546875000000e+04
9.962814453125000000e+03
1.065389257812500000e+04
1.096091210937500000e+04
1.033392578125000000e+04
1.036271679687500000e+04
1.003641992187500000e+04
9.286878906250000000e+03
8.929777343750000000e+03
9.197097656250000000e+03
8.755938476562500000e+03
7.178870117187500000e+03
7.491777343750000000e+03
7.416923828125000000e+03
7.496953125000000000e+03
6.494706054687500000e+03
6.727790039062500000e+03
6.220357421875000000e+03
6.150721679687500000e+03
6.061187011718750000e+03
5.040486328125000000e+03
4.735927734375000000e+03
5.354633789062500000e+03
6.002351562500000000e+03
6.297938964843750000e+03
5.908166015625000000e+03
5.283863769531250000e+03
4.952592773437500000e+03
5.649955078125000000e+03
5.508142089843750000e+03
4.748055664062500000e+03
3.418093261718750000e+03
5.157787109375000000e+03
5.771402343750000000e+03
5.648934570312500000e+03
4.904816894531250000e+03
4.435904785156250000e+03
3.800936035156250000e+03
4.769141601562500000e+03
5.343309570312500000e+03
4.929128417968750000e+03
4.561922363281250000e+03
4.243152343750000000e+03
4.050813964843750000e+03
4.953926269531250000e+03
4.843205566406250000e+03
4.463975097656250000e+03
3.521600585937500000e+03
4.274806152343750000e+03
4.699222656250000000e+03
4.639463378906250000e+03
3.978625732421875000e+03
4.066205566406250000e+03
3.771794433593750000e+03
8.065718261718750000e+03
1.387350976562500000e+04
1.493322265625000000e+04
2.344440234375000000e+04
2.639328320312500000e+04
2.594580273437500000e+04
2.380654687500000000e+04
2.540430859375000000e+04
1.929345703125000000e+04
1.908224023437500000e+04
2.130811132812500000e+04
1.725893359375000000e+04
1.618395507812500000e+04
1.567442480468750000e+04
1.423205664062500000e+04
1.029174609375000000e+04
1.052792187500000000e+04
1.101272265625000000e+04
1.352312597656250000e+04
1.522391210937500000e+04
1.450005175781250000e+04
1.012697265625000000e+04
1.456141406250000000e+04
1.452140917968750000e+04
1.160307128906250000e+04
1.390702343750000000e+04
1.495530078125000000e+04
1.375997460937500000e+04
1.074380664062500000e+04
1.240095800781250000e+04
1.062113476562500000e+04
9.879588867187500000e+03
1.344941113281250000e+04
1.201142187500000000e+04
1.111423632812500000e+04
1.002122070312500000e+04
7.927436523437500000e+03
9.211832031250000000e+03
8.735389648437500000e+03
9.081351562500000000e+03
7.715185546875000000e+03
8.095340820312500000e+03
8.055862792968750000e+03
7.762577636718750000e+03
6.806118164062500000e+03
6.335874023437500000e+03
6.109257324218750000e+03
5.956664062500000000e+03
6.043618164062500000e+03
5.740536132812500000e+03
5.089677734375000000e+03
5.924467773437500000e+03
5.193992675781250000e+03
5.370210937500000000e+03
4.149441406250000000e+03
4.976284667968750000e+03
5.069501464843750000e+03
4.145364257812500000e+03
4.430913085937500000e+03
5.480636230468750000e+03
4.223583984375000000e+03
4.670613281250000000e+03
3.779703613281250000e+03
4.612977050781250000e+03
4.179815917968750000e+03
4.213306640625000000e+03
3.253433593750000000e+03
4.259216796875000000e+03
3.925275878906250000e+03
4.267433105468750000e+03
3.779156250000000000e+03
4.236120117187500000e+03
3.542137207031250000e+03
3.781878417968750000e+03
4.198671386718750000e+03
4.122411621093750000e+03
3.711259765625000000e+03
3.694716308593750000e+03
3.246242675781250000e+03
3.679372070312500000e+03
3.876259765625000000e+03
3.329893554687500000e+03
3.585989990234375000e+03
3.316030517578125000e+03
3.151366210937500000e+03
3.270272949218750000e+03
2.968243652343750000e+03
3.217687500000000000e+03
3.199229248046875000e+03
3.124941650390625000e+03
2.997044433593750000e+03
3.159911621093750000e+03
3.210700683593750000e+03
3.232214843750000000e+03
2.666891113281250000e+03
3.366146972656250000e+03
3.151124267578125000e+03
3.108770996093750000e+03
2.633689697265625000e+03
2.963724365234375000e+03
2.876046875000000000e+03
3.005053222656250000e+03
2.902382324218750000e+03
3.118141845703125000e+03
2.822006103515625000e+03
2.948922851562500000e+03
2.832988037109375000e+03
3.005206298828125000e+03
2.567244873046875000e+03
2.723866699218750000e+03
2.632112304687500000e+03
2.695135742187500000e+03
2.511899414062500000e+03
2.860187011718750000e+03
2.479245849609375000e+03
2.882658203125000000e+03
2.737999511718750000e+03
2.639774902343750000e+03
2.480306396484375000e+03
2.921241699218750000e+03
2.549803222656250000e+03
2.586531494140625000e+03
2.414391113281250000e+03
2.885020507812500000e+03
2.388570312500000000e+03
2.746050292968750000e+03
2.630136230468750000e+03
2.894577148437500000e+03
2.793850585937500000e+03
2.789852539062500000e+03
2.451243164062500000e+03
2.901843750000000000e+03
2.716924804687500000e+03
2.834148925781250000e+03
2.672594726562500000e+03
2.734295166015625000e+03
2.570383789062500000e+03
2.795484375000000000e+03
2.543677246093750000e+03
3.310112304687500000e+03
3.060952636718750000e+03
2.737475830078125000e+03
2.318228515625000000e+03
3.017631347656250000e+03
2.850650878906250000e+03
3.171906494140625000e+03
2.665157714843750000e+03
2.465941406250000000e+03
2.542314453125000000e+03
3.008365722656250000e+03
3.011954589843750000e+03
3.163098876953125000e+03
2.585166015625000000e+03
3.068697753906250000e+03
4.763696777343750000e+03
6.875613281250000000e+03
7.436612304687500000e+03
9.669734375000000000e+03
1.080623632812500000e+04
9.730647460937500000e+03
7.117100585937500000e+03
8.605705078125000000e+03
8.573925781250000000e+03
8.471520507812500000e+03
6.918070312500000000e+03
6.308431640625000000e+03
6.761373046875000000e+03
7.119242675781250000e+03
6.025606445312500000e+03
5.733973632812500000e+03
5.789351074218750000e+03
6.015111328125000000e+03
4.664195800781250000e+03
5.574546875000000000e+03
5.723303710937500000e+03
5.645618164062500000e+03
4.935918945312500000e+03
5.023084960937500000e+03
5.340360351562500000e+03
5.925238281250000000e+03
4.565346191406250000e+03
4.825184570312500000e+03
4.845524414062500000e+03
4.263485839843750000e+03
4.936266601562500000e+03
4.699951171875000000e+03
3.810379150390625000e+03
4.319210937500000000e+03
3.700925781250000000e+03
5.000744140625000000e+03
4.552166503906250000e+03
3.788527832031250000e+03
3.051437011718750000e+03
4.294936035156250000e+03
4.297996582031250000e+03
4.345645019531250000e+03
3.953302978515625000e+03
3.857062011718750000e+03
3.882117431640625000e+03
4.376876953125000000e+03
5.155890136718750000e+03
4.032091308593750000e+03
3.305237304687500000e+03
4.800211425781250000e+03
4.790312988281250000e+03
4.502654296875000000e+03
4.382626953125000000e+03
3.950916015625000000e+03
3.681593017578125000e+03
4.187967773437500000e+03
4.293451171875000000e+03
3.202575439453125000e+03
2.775373535156250000e+03
4.000351806640625000e+03
3.859214599609375000e+03
3.642223632812500000e+03
2.564958984375000000e+03
3.735593994140625000e+03
3.654330322265625000e+03
3.912899414062500000e+03
3.750056152343750000e+03
3.508570312500000000e+03
3.149652832031250000e+03
3.933158203125000000e+03
4.024352294921875000e+03
3.171192382812500000e+03
2.909242187500000000e+03
3.541671386718750000e+03
3.219782226562500000e+03
3.083976074218750000e+03
2.462059570312500000e+03
3.297841308593750000e+03
3.283851562500000000e+03
2.977672119140625000e+03
2.605052734375000000e+03
3.060885986328125000e+03
2.877260742187500000e+03
3.071965576171875000e+03
2.663094238281250000e+03
3.253806152343750000e+03
2.681388427734375000e+03
3.159479980468750000e+03
3.161465332031250000e+03
3.153286132812500000e+03
2.969427490234375000e+03
3.116675048828125000e+03
2.708455078125000000e+03
2.885659179687500000e+03
2.768572265625000000e+03
3.240084472656250000e+03
2.603046875000000000e+03
3.021367675781250000e+03
3.188452148437500000e+03
2.528183349609375000e+03
2.434004394531250000e+03
3.050314453125000000e+03
2.718733154296875000e+03
2.915074707031250000e+03
2.708501953125000000e+03
2.849572753906250000e+03
2.479229980468750000e+03
2.812113281250000000e+03
2.622852539062500000e+03
2.945324707031250000e+03
2.680317382812500000e+03
2.786047363281250000e+03
2.482121337890625000e+03
2.334490234375000000e+03
2.277593017578125000e+03
2.931973876953125000e+03
2.337725097656250000e+03
2.489444824218750000e+03
2.400143554687500000e+03
2.491229248046875000e+03
2.433681640625000000e+03
2.319357421875000000e+03
2.215582275390625000e+03
2.651000976562500000e+03
2.365117675781250000e+03
2.379650878906250000e+03
2.399157470703125000e+03
2.459006835937500000e+03
2.254508300781250000e+03
2.255469970703125000e+03
2.466928222656250000e+03
2.298767333984375000e+03
1.981174804687500000e+03
2.310785644531250000e+03
2.287001708984375000e+03
6.062185546875000000e+03
8.034912109375000000e+03
1.180240429687500000e+04
1.165425781250000000e+04
1.472504785156250000e+04
1.576117578125000000e+04
1.285248437500000000e+04
1.157970214843750000e+04
1.276557421875000000e+04
1.385244140625000000e+04
1.015898046875000000e+04
9.893357421875000000e+03
9.540549804687500000e+03
1.001315039062500000e+04
1.075500585937500000e+04
1.022885937500000000e+04
9.301032226562500000e+03
8.124083984375000000e+03
9.863184570312500000e+03
1.041044628906250000e+04
8.818500976562500000e+03
8.357504882812500000e+03
9.704054687500000000e+03
1.051421093750000000e+04
9.342128906250000000e+03
9.739049804687500000e+03
6.627130859375000000e+03
6.968091308593750000e+03
8.474995117187500000e+03
9.187346679687500000e+03
9.082130859375000000e+03
7.661787109375000000e+03
7.359726074218750000e+03
7.251165039062500000e+03
8.136362304687500000e+03
8.224873046875000000e+03
7.256362304687500000e+03
5.213839843750000000e+03
6.451008789062500000e+03
7.190954101562500000e+03
6.787426269531250000e+03
6.766295898437500000e+03
6.943836914062500000e+03
6.105544921875000000e+03
6.091550781250000000e+03
6.083688476562500000e+03
5.562127929687500000e+03
5.041051269531250000e+03
5.476437500000000000e+03
5.843248046875000000e+03
5.500114257812500000e+03
4.003762695312500000e+03
4.547589843750000000e+03
5.443474121093750000e+03
5.822552734375000000e+03
5.321937011718750000e+03
5.387766601562500000e+03
5.038160644531250000e+03
4.933927734375000000e+03
4.869236816406250000e+03
5.254526367187500000e+03
5.390208007812500000e+03
4.752974609375000000e+03
4.093390380859375000e+03
4.580154296875000000e+03
4.800268554687500000e+03
4.582380859375000000e+03
4.032666503906250000e+03
3.826629394531250000e+03
3.545114257812500000e+03
4.057370605468750000e+03
4.245024414062500000e+03
3.853401855468750000e+03
3.528355957031250000e+03
3.668923339843750000e+03
3.590716308593750000e+03
3.688155273437500000e+03
3.975330810546875000e+03
3.619722900390625000e+03
3.707389160156250000e+03
3.765560546875000000e+03
3.179387695312500000e+03
4.491287109375000000e+03
4.513530273437500000e+03
3.738655761718750000e+03
3.104006103515625000e+03
3.602960693359375000e+03
3.401416748046875000e+03
3.552189453125000000e+03
3.659089843750000000e+03
3.280467285156250000e+03
3.054211425781250000e+03
3.104413085937500000e+03
2.819130126953125000e+03
2.926848144531250000e+03
2.685900390625000000e+03
2.885544677734375000e+03
2.634187011718750000e+03
2.659071777343750000e+03
2.584469970703125000e+03
2.773123779296875000e+03
2.719385253906250000e+03
2.813056152343750000e+03
2.669227050781250000e+03
2.886945800781250000e+03
2.555150878906250000e+03
2.604736816406250000e+03
2.550823730468750000e+03
2.577881347656250000e+03
2.506625976562500000e+03
2.352860839843750000e+03
2.375205566406250000e+03
2.388046386718750000e+03
2.222103027343750000e+03
2.369357666015625000e+03
2.348483886718750000e+03
2.394255859375000000e+03
2.091268554687500000e+03
2.408379394531250000e+03
2.215363281250000000e+03
2.150188476562500000e+03
2.065784423828125000e+03
2.305677490234375000e+03
2.033289062500000000e+03
2.213507324218750000e+03
2.123107177734375000e+03
2.353364746093750000e+03
2.030556396484375000e+03
2.179004394531250000e+03
2.017777832031250000e+03
2.090669433593750000e+03
2.101520996093750000e+03
2.122965820312500000e+03
1.930841186523437500e+03
2.101139160156250000e+03
2.004555786132812500e+03
2.221805664062500000e+03
2.034437866210937500e+03
1.962610595703125000e+03
1.858419677734375000e+03
2.119047851562500000e+03
1.866290771484375000e+03
1.953131225585937500e+03
1.908105590820312500e+03
2.052899414062500000e+03
1.758122070312500000e+03
1.878814697265625000e+03
1.789011840820312500e+03
2.119263183593750000e+03
2.007255126953125000e+03
1.838985351562500000e+03
1.733464843750000000e+03
2.119326171875000000e+03
2.004648803710937500e+03
1.935070434570312500e+03
1.795344970703125000e+03
2.206225585937500000e+03
4.070956298828125000e+03
5.081929199218750000e+03
6.549166503906250000e+03
1.053472070312500000e+04
1.159290429687500000e+04
9.117416992187500000e+03
1.570862109375000000e+04
1.912761328125000000e+04
1.504315039062500000e+04
1.366229394531250000e+04
1.229570507812500000e+04
1.133747656250000000e+04
1.109495117187500000e+04
9.557326171875000000e+03
9.701875976562500000e+03
1.038132617187500000e+04
9.012384765625000000e+03
5.961964843750000000e+03
9.129736328125000000e+03
1.052720898437500000e+04
1.064562304687500000e+04
8.017931640625000000e+03
1.055040722656250000e+04
6.557124511718750000e+03
1.320261914062500000e+04
1.540833789062500000e+04
9.446361328125000000e+03
8.862027343750000000e+03
8.557594726562500000e+03
7.722609863281250000e+03
9.260509765625000000e+03
1.198416503906250000e+04
7.888916015625000000e+03
6.900830078125000000e+03
8.770964843750000000e+03
5.423840820312500000e+03
5.968510742187500000e+03
7.862825683593750000e+03
5.078899902343750000e+03
6.247231933593750000e+03
7.182685546875000000e+03
5.325982421875000000e+03
4.818340820312500000e+03
6.805564453125000000e+03
4.015806884765625000e+03
5.637380859375000000e+03
7.556328125000000000e+03
4.962806640625000000e+03
4.850385253906250000e+03
5.378385742187500000e+03
3.627289062500000000e+03
5.683855468750000000e+03
6.575571289062500000e+03
4.565029296875000000e+03
3.788324218750000000e+03
5.154276367187500000e+03
3.892542968750000000e+03
4.899087890625000000e+03
6.324146484375000000e+03
5.003483886718750000e+03
4.912140625000000000e+03
5.977882812500000000e+03
5.256036132812500000e+03
5.288410156250000000e+03
5.970990234375000000e+03
4.977219238281250000e+03
6.381102539062500000e+03
7.894227539062500000e+03
3.980766113281250000e+03
5.817681640625000000e+03
6.957298828125000000e+03
3.976801513671875000e+03
4.392438476562500000e+03
6.212621093750000000e+03
4.436909179687500000e+03
4.374227539062500000e+03
4.832855468750000000e+03
3.148186035156250000e+03
4.058947753906250000e+03
4.927928710937500000e+03
3.172469482421875000e+03
3.983610107421875000e+03
4.707816894531250000e+03
3.176197753906250000e+03
3.369625488281250000e+03
4.422455566406250000e+03
2.914471435546875000e+03
3.627361083984375000e+03
4.560729980468750000e+03
3.248778808593750000e+03
3.467506835937500000e+03
4.564125000000000000e+03
2.849629150390625000e+03
3.707270996093750000e+03
4.010409423828125000e+03
3.241875488281250000e+03
2.962280273437500000e+03
4.209068847656250000e+03
2.832205078125000000e+03
4.167692382812500000e+03
4.606972656250000000e+03
3.293482421875000000e+03
3.701721679687500000e+03
4.715538085937500000e+03
2.723302734375000000e+03
4.402607421875000000e+03
5.121342773437500000e+03
3.513519775390625000e+03
3.395013671875000000e+03
4.339371093750000000e+03
2.534438964843750000e+03
4.277517578125000000e+03
5.575379882812500000e+03
3.843433837890625000e+03
3.809252929687500000e+03
4.770537597656250000e+03
3.075843261718750000e+03
3.704358398437500000e+03
4.694299316406250000e+03
3.726586181640625000e+03
4.235998046875000000e+03
5.209440429687500000e+03
3.294574951171875000e+03
4.143729492187500000e+03
4.331342773437500000e+03
3.682387939453125000e+03
3.871805419921875000e+03
4.835548339843750000e+03
3.523398437500000000e+03
4.931390136718750000e+03
5.361813476562500000e+03
3.978877929687500000e+03
4.075003417968750000e+03
4.217694824218750000e+03
2.810463378906250000e+03
4.589436523437500000e+03
5.578175781250000000e+03
4.317348144531250000e+03
3.913459960937500000e+03
4.477278808593750000e+03
2.882954345703125000e+03
4.330994140625000000e+03
4.862062500000000000e+03
3.664994140625000000e+03
4.265086425781250000e+03
4.906152832031250000e+03
3.673124023437500000e+03
4.534409179687500000e+03
4.858575195312500000e+03
3.291088623046875000e+03
4.277721679687500000e+03
5.861748046875000000e+03
4.000471435546875000e+03
3.670806152343750000e+03
4.253765625000000000e+03
2.919436279296875000e+03
3.510247558593750000e+03
5.152415039062500000e+03
6.288683593750000000e+03
8.797785156250000000e+03
1.180654296875000000e+04
1.810957226562500000e+04
2.565375000000000000e+04
2.124402734375000000e+04
2.141171875000000000e+04
2.151510351562500000e+04
1.443641601562500000e+04
1.937353906250000000e+04
2.160465625000000000e+04
1.343477832031250000e+04
1.748399609375000000e+04
1.386738281250000000e+04
1.195654687500000000e+04
1.186962500000000000e+04
1.213481250000000000e+04
1.753441406250000000e+04
1.827459375000000000e+04
2.057626953125000000e+04
3.773208593750000000e+04
4.470235937500000000e+04
2.692165234375000000e+04
2.887878515625000000e+04
3.343032031250000000e+04
1.941680859375000000e+04
3.002850781250000000e+04
2.573799023437500000e+04
2.164838085937500000e+04
1.899051367187500000e+04
1.863221484375000000e+04
1.752084179687500000e+04
1.641378125000000000e+04
2.073541015625000000e+04
1.583040429687500000e+04
1.310562109375000000e+04
1.592126562500000000e+04
1.177479882812500000e+04
1.317066210937500000e+04
1.768067578125000000e+04
1.069544726562500000e+04
1.058477734375000000e+04
1.316834570312500000e+04
8.361109375000000000e+03
8.950312500000000000e+03
1.047652734375000000e+04
6.708877929687500000e+03
8.707661132812500000e+03
9.623462890625000000e+03
7.196515625000000000e+03
6.214867675781250000e+03
6.842447265625000000e+03
4.803997070312500000e+03
6.962568847656250000e+03
7.577538085937500000e+03
5.270432617187500000e+03
4.678311035156250000e+03
6.542251953125000000e+03
3.982200927734375000e+03
4.622232421875000000e+03
5.945892089843750000e+03
4.496396484375000000e+03
4.028185546875000000e+03
5.817312500000000000e+03
3.431967773437500000e+03
4.054199218750000000e+03
5.067753417968750000e+03
3.402151367187500000e+03
3.635460937500000000e+03
4.987972656250000000e+03
3.567033203125000000e+03
4.083998046875000000e+03
4.672876953125000000e+03
3.399031250000000000e+03
3.511363769531250000e+03
4.505411621093750000e+03
3.567642578125000000e+03
3.603876953125000000e+03
4.943320800781250000e+03
3.152484375000000000e+03
4.030816406250000000e+03
5.093270019531250000e+03
4.007803710937500000e+03
3.479540039062500000e+03
4.371986328125000000e+03
3.136066162109375000e+03
3.398666992187500000e+03
5.448365234375000000e+03
3.953921386718750000e+03
3.607431640625000000e+03
4.770427734375000000e+03
3.806615478515625000e+03
4.547729492187500000e+03
5.811777343750000000e+03
4.850975585937500000e+03
5.623611328125000000e+03
5.791091308593750000e+03
3.495371337890625000e+03
5.545023437500000000e+03
7.463085937500000000e+03
4.797812011718750000e+03
3.739943603515625000e+03
4.685378906250000000e+03
3.684565429687500000e+03
3.752895019531250000e+03
5.079467773437500000e+03
3.374205566406250000e+03
3.395189453125000000e+03
4.389940429687500000e+03
3.242802246093750000e+03
3.037885009765625000e+03
4.106670410156250000e+03
2.644703369140625000e+03
3.703383789062500000e+03
4.347496582031250000e+03
2.970283203125000000e+03
2.951790771484375000e+03
4.603878417968750000e+03
2.748699707031250000e+03
3.397601074218750000e+03
4.087439941406250000e+03
2.846009765625000000e+03
2.848511962890625000e+03
4.300002929687500000e+03
2.447576171875000000e+03
3.245424804687500000e+03
3.802437744140625000e+03
2.534676269531250000e+03
2.677760009765625000e+03
3.865063476562500000e+03
2.329258056640625000e+03
3.130783691406250000e+03
3.810920166015625000e+03
2.637444824218750000e+03
2.629002685546875000e+03
3.775210937500000000e+03
2.229856933593750000e+03
3.062803710937500000e+03
3.650764160156250000e+03
2.610072753906250000e+03
2.334943359375000000e+03
3.457100097656250000e+03
2.197754882812500000e+03
3.076036132812500000e+03
3.628221435546875000e+03
2.799083496093750000e+03
2.334475341796875000e+03
3.402104980468750000e+03
2.292507568359375000e+03
3.351347167968750000e+03
3.756427734375000000e+03
2.952038085937500000e+03
2.638331054687500000e+03
3.302051757812500000e+03
2.603327148437500000e+03
3.691388427734375000e+03
4.100160156250000000e+03
3.353016357421875000e+03
4.059162597656250000e+03
4.576784179687500000e+03
2.864220458984375000e+03
4.099381835937500000e+03
4.676631835937500000e+03
3.422275390625000000e+03
4.050785156250000000e+03
4.537606933593750000e+03
3.278483642578125000e+03
4.408146484375000000e+03
5.085147460937500000e+03
3.979073730468750000e+03
3.178346191406250000e+03
3.359204589843750000e+03
4.513087890625000000e+03
2.684110595703125000e+03
4.088083007812500000e+03
5.466006347656250000e+03
3.877774658203125000e+03
4.780449218750000000e+03
5.410965332031250000e+03
5.645482421875000000e+03
1.655497656250000000e+04
1.580783984375000000e+04
1.934437304687500000e+04
2.134478515625000000e+04
1.920442968750000000e+04
1.903488281250000000e+04
1.616486132812500000e+04
1.381785351562500000e+04
2.769271093750000000e+04
3.237308593750000000e+04
3.614175390625000000e+04
5.673642968750000000e+04
3.939519921875000000e+04
2.966037304687500000e+04
4.579939062500000000e+04
3.416504687500000000e+04
4.295730859375000000e+04
4.187470312500000000e+04
2.628539257812500000e+04
3.560216015625000000e+04
3.883472656250000000e+04
2.204519140625000000e+04
3.417514843750000000e+04
3.941753125000000000e+04
3.375173437500000000e+04
2.362660546875000000e+04
2.505978125000000000e+04
2.074578515625000000e+04
2.140681250000000000e+04
2.199774414062500000e+04
1.943122070312500000e+04
1.832028320312500000e+04
1.830713281250000000e+04
1.222901269531250000e+04
1.585489257812500000e+04
1.735774414062500000e+04
1.633326269531250000e+04
1.509828320312500000e+04
1.290907128906250000e+04
9.881138671875000000e+03
1.135161425781250000e+04
1.105050683593750000e+04
1.153504785156250000e+04
1.091581835937500000e+04
1.031352050781250000e+04
9.174410156250000000e+03
7.705362304687500000e+03
6.992755859375000000e+03
9.402192382812500000e+03
8.125253906250000000e+03
7.881465820312500000e+03
7.192214843750000000e+03
7.057238281250000000e+03
6.797490234375000000e+03
7.290562500000000000e+03
6.549978515625000000e+03
5.737416992187500000e+03
4.748495117187500000e+03
5.517385742187500000e+03
5.261489257812500000e+03
4.938817382812500000e+03
4.292605468750000000e+03
4.383081542968750000e+03
4.108463378906250000e+03
4.415865722656250000e+03
4.257708496093750000e+03
3.642782714843750000e+03
3.370401367187500000e+03
3.906365234375000000e+03
3.853402343750000000e+03
3.790818359375000000e+03
4.104607421875000000e+03
3.712757324218750000e+03
3.493820312500000000e+03
3.827139648437500000e+03
3.292621093750000000e+03
3.512156250000000000e+03
3.146771728515625000e+03
2.859946289062500000e+03
2.962365234375000000e+03
2.709533203125000000e+03
2.550976562500000000e+03
3.166767089843750000e+03
2.777286621093750000e+03
2.605982666015625000e+03
2.151299560546875000e+03
3.076927246093750000e+03
2.762025878906250000e+03
2.776208740234375000e+03
2.329916015625000000e+03
2.826902587890625000e+03
2.552054687500000000e+03
2.815016113281250000e+03
2.523479980468750000e+03
2.759431152343750000e+03
2.568497314453125000e+03
3.059587646484375000e+03
3.062161132812500000e+03
2.388353759765625000e+03
2.377177246093750000e+03
2.917632812500000000e+03
3.072578125000000000e+03
2.336586425781250000e+03
2.275925537109375000e+03
3.374185058593750000e+03
2.983126953125000000e+03
2.574322753906250000e+03
2.327954345703125000e+03
2.564858154296875000e+03
2.483193603515625000e+03
2.378257812500000000e+03
2.110696533203125000e+03
2.526500976562500000e+03
2.284588134765625000e+03
2.443256835937500000e+03
2.050706054687500000e+03
2.524855957031250000e+03
2.384665039062500000e+03
2.083494873046875000e+03
2.103332031250000000e+03
2.396248046875000000e+03
1.980466918945312500e+03
2.099596679687500000e+03
1.837166259765625000e+03
2.210749267578125000e+03
1.978458740234375000e+03
2.046320556640625000e+03
1.855265502929687500e+03
2.236599121093750000e+03
2.298708984375000000e+03
1.928085205078125000e+03
1.785480468750000000e+03
2.023078369140625000e+03
2.011752807617187500e+03
1.814150268554687500e+03
1.599081665039062500e+03
2.062956298828125000e+03
1.966870849609375000e+03
1.980809814453125000e+03
1.630429687500000000e+03
2.124325195312500000e+03
2.034058837890625000e+03
1.898325683593750000e+03
1.672814453125000000e+03
2.181516113281250000e+03
1.975001464843750000e+03
1.928271484375000000e+03
1.859470581054687500e+03
2.017973510742187500e+03
1.800688232421875000e+03
1.923127685546875000e+03
1.583605712890625000e+03
1.773019409179687500e+03
1.767289672851562500e+03
1.852119384765625000e+03
1.638539550781250000e+03
1.907848388671875000e+03
1.618321533203125000e+03
1.845321044921875000e+03
1.671545654296875000e+03
1.777609863281250000e+03
1.564349609375000000e+03
1.946603515625000000e+03
1.627130004882812500e+03
1.766840454101562500e+03
1.706460083007812500e+03
1.830133056640625000e+03
1.664004760742187500e+03
1.757952148437500000e+03
1.571873291015625000e+03
1.834839355468750000e+03
1.686327392578125000e+03
1.649608886718750000e+03
1.623541015625000000e+03
2.092472167968750000e+03
1.682565063476562500e+03
1.639925170898437500e+03
1.511124511718750000e+03
1.959064331054687500e+03
1.759239746093750000e+03
1.487327392578125000e+03
1.529047363281250000e+03
1.859609741210937500e+03
1.728804443359375000e+03
1.595623779296875000e+03
1.370153076171875000e+03
1.787109985351562500e+03
1.718999145507812500e+03
1.718088989257812500e+03
1.521098876953125000e+03
1.929196044921875000e+03
1.795703125000000000e+03
1.631085327148437500e+03
1.601641113281250000e+03
1.972605957031250000e+03
2.040936645507812500e+03
1.815451904296875000e+03
1.891669921875000000e+03
2.377467529296875000e+03
1.814710083007812500e+03
2.159199707031250000e+03
2.073867187500000000e+03
2.106179199218750000e+03
2.044660522460937500e+03
2.250637207031250000e+03
1.839601684570312500e+03
1.868275024414062500e+03
1.755686401367187500e+03
2.208775390625000000e+03
2.134199951171875000e+03
2.032942993164062500e+03
9.372116210937500000e+03
7.514959472656250000e+03
8.082223632812500000e+03
1.385274609375000000e+04
1.337952050781250000e+04
1.125085546875000000e+04
1.620413671875000000e+04
1.550846191406250000e+04
1.740738085937500000e+04
1.534562109375000000e+04
1.633620019531250000e+04
1.872050976562500000e+04
2.415631250000000000e+04
1.887159570312500000e+04
1.806108203125000000e+04
1.630745898437500000e+04
1.926719726562500000e+04
1.756461914062500000e+04
1.842495117187500000e+04
1.855832812500000000e+04
1.539499804687500000e+04
1.522435937500000000e+04
1.347809570312500000e+04
1.631185937500000000e+04
1.202017382812500000e+04
1.445960253906250000e+04
9.823964843750000000e+03
1.247765429687500000e+04
9.768693359375000000e+03
9.516078125000000000e+03
1.157700195312500000e+04
1.256510742187500000e+04
9.893710937500000000e+03
1.040211718750000000e+04
1.470347656250000000e+04
1.357973437500000000e+04
1.620007324218750000e+04
1.310448437500000000e+04
1.079304199218750000e+04
1.799093359375000000e+04
1.292042968750000000e+04
1.755132617187500000e+04
1.804551757812500000e+04
1.825910937500000000e+04
1.987717187500000000e+04
1.922105273437500000e+04
2.470932031250000000e+04
1.716820117187500000e+04
1.746094531250000000e+04
1.557981445312500000e+04
1.379863281250000000e+04
1.424514648437500000e+04
1.649444531250000000e+04
1.405675390625000000e+04
1.410456640625000000e+04
1.366257519531250000e+04
1.521843945312500000e+04
1.568673339843750000e+04
1.378333496093750000e+04
1.076410937500000000e+04
1.312551953125000000e+04
1.206541992187500000e+04
8.653513671875000000e+03
8.919356445312500000e+03
8.906304687500000000e+03
1.081451367187500000e+04
1.126487207031250000e+04
8.443817382812500000e+03
1.324168164062500000e+04
1.572821289062500000e+04
1.301674511718750000e+04
1.323272851562500000e+04
1.624662304687500000e+04
1.213111718750000000e+04
1.097487500000000000e+04
1.164466796875000000e+04
1.331342285156250000e+04
1.669910156250000000e+04
2.263992187500000000e+04
3.025381640625000000e+04
3.451768359375000000e+04
3.745869921875000000e+04
4.534221093750000000e+04
4.055794921875000000e+04
4.904777734375000000e+04
5.831226953125000000e+04
4.410216015625000000e+04
8.481024218750000000e+04
6.086729296875000000e+04
5.816256250000000000e+04
6.274724218750000000e+04
6.792730468750000000e+04
4.941489843750000000e+04
6.149476953125000000e+04
5.268253906250000000e+04
6.131251171875000000e+04
5.610034765625000000e+04
5.682892968750000000e+04
5.039528125000000000e+04
4.235327343750000000e+04
5.666370312500000000e+04
4.068784375000000000e+04
3.849930859375000000e+04
7.376780468750000000e+04
5.082594531250000000e+04
