2.928079101562500000e+03
4.486263183593750000e+03
3.777544433593750000e+03
1.239749633789062500e+03
2.741877685546875000e+03
3.723380371093750000e+03
3.158246093750000000e+03
1.703024780273437500e+03
9.578789672851562500e+02
1.377769897460937500e+03
1.322885253906250000e+03
8.850166625976562500e+02
9.781650390625000000e+02
1.312483520507812500e+03
1.155924804687500000e+03
7.321521606445312500e+02
8.623963623046875000e+02
1.125392578125000000e+03
1.036185913085937500e+03
7.616274414062500000e+02
6.799038085937500000e+02
8.343257446289062500e+02
7.882622680664062500e+02
6.049201660156250000e+02
8.396541137695312500e+02
1.039613647460937500e+03
9.825039062500000000e+02
8.391936035156250000e+02
6.851296386718750000e+02
8.101235351562500000e+02
8.774916992187500000e+02
7.251845092773437500e+02
5.564278564453125000e+02
5.677170410156250000e+02
5.593100585937500000e+02
5.346848144531250000e+02
5.388460083007812500e+02
5.142309570312500000e+02
5.229221191406250000e+02
4.914166564941406250e+02
5.115352783203125000e+02
4.724614257812500000e+02
4.801018676757812500e+02
4.628173217773437500e+02
4.680968933105468750e+02
4.427803955078125000e+02
4.446011962890625000e+02
4.553964233398437500e+02
3.858448486328125000e+02
4.014694519042968750e+02
4.188555908203125000e+02
3.918509521484375000e+02
4.873955078125000000e+02
5.160678710937500000e+02
4.192437133789062500e+02
3.788457336425781250e+02
4.209639892578125000e+02
4.317012634277343750e+02
3.600685424804687500e+02
4.538775024414062500e+02
4.956887512207031250e+02
4.469901123046875000e+02
3.417879638671875000e+02
3.822551574707031250e+02
3.692500915527343750e+02
3.326229248046875000e+02
4.182242126464843750e+02
4.291299438476562500e+02
3.439046325683593750e+02
4.470337524414062500e+02
5.047727966308593750e+02
5.132142333984375000e+02
3.598395690917968750e+02
5.964682617187500000e+02
7.302874755859375000e+02
5.467537841796875000e+02
8.410377807617187500e+02
9.777309570312500000e+02
6.645181884765625000e+02
3.826579895019531250e+02
7.011069335937500000e+02
9.051645507812500000e+02
6.603679199218750000e+02
4.591447448730468750e+02
5.324797363281250000e+02
3.580675048828125000e+02
5.196514892578125000e+02
7.038529052734375000e+02
5.268765869140625000e+02
5.238167724609375000e+02
6.541771850585937500e+02
4.630381774902343750e+02
4.004407043457031250e+02
4.882449951171875000e+02
3.641777038574218750e+02
5.239400024414062500e+02
6.368840332031250000e+02
4.277976989746093750e+02
3.321848449707031250e+02
4.685739135742187500e+02
3.828172607421875000e+02
5.179238281250000000e+02
6.162051391601562500e+02
4.127145385742187500e+02
3.585736694335937500e+02
4.764376220703125000e+02
3.451036987304687500e+02
3.945836791992187500e+02
4.994209594726562500e+02
3.381466674804687500e+02
3.825292053222656250e+02
4.779973449707031250e+02
3.692716064453125000e+02
3.970244750976562500e+02
4.829823913574218750e+02
3.339143676757812500e+02
3.945379943847656250e+02
5.057925720214843750e+02
3.683618164062500000e+02
3.744503784179687500e+02
4.381105957031250000e+02
3.117288208007812500e+02
3.906390991210937500e+02
4.852982482910156250e+02
3.351694946289062500e+02
3.633171081542968750e+02
4.523522338867187500e+02
3.347997436523437500e+02
3.681916809082031250e+02
4.637794189453125000e+02
3.420258789062500000e+02
3.711536865234375000e+02
4.394271545410156250e+02
3.124760131835937500e+02
3.636027221679687500e+02
4.493723449707031250e+02
3.290786132812500000e+02
3.570013427734375000e+02
4.346543579101562500e+02
3.121969604492187500e+02
3.640124511718750000e+02
4.491932983398437500e+02
3.169292602539062500e+02
3.488925781250000000e+02
4.274783325195312500e+02
3.133940429687500000e+02
3.587658386230468750e+02
4.381307678222656250e+02
3.136250610351562500e+02
3.470710449218750000e+02
4.234384765625000000e+02
3.103881225585937500e+02
3.516985778808593750e+02
4.305693969726562500e+02
3.132080688476562500e+02
3.457887573242187500e+02
4.222318725585937500e+02
3.029776000976562500e+02
3.459326782226562500e+02
4.230314331054687500e+02
3.096816711425781250e+02
3.420653381347656250e+02
4.184880065917968750e+02
3.018899536132812500e+02
3.420027160644531250e+02
4.159026184082031250e+02
3.083204956054687500e+02
3.418342895507812500e+02
4.163946533203125000e+02
2.970891723632812500e+02
3.421025390625000000e+02
4.196846008300781250e+02
3.096779479980468750e+02
3.287841186523437500e+02
3.995784912109375000e+02
2.960807800292968750e+02
3.406589965820312500e+02
4.234786376953125000e+02
3.054404602050781250e+02
3.230973510742187500e+02
3.932235717773437500e+02
2.907176818847656250e+02
3.390260314941406250e+02
4.129409790039062500e+02
3.080958251953125000e+02
3.161575317382812500e+02
3.917628784179687500e+02
2.845245361328125000e+02
3.364579467773437500e+02
4.119722290039062500e+02
3.068554687500000000e+02
3.113276062011718750e+02
3.762100219726562500e+02
2.933711547851562500e+02
3.412804565429687500e+02
4.163184814453125000e+02
3.042238769531250000e+02
3.121317749023437500e+02
3.773026733398437500e+02
2.942601623535156250e+02
3.446887207031250000e+02
3.988502807617187500e+02
2.956818847656250000e+02
3.308103637695312500e+02
3.930819702148437500e+02
2.889420166015625000e+02
3.099531860351562500e+02
3.782363281250000000e+02
2.769854125976562500e+02
3.206634826660156250e+02
3.895153198242187500e+02
3.126792602539062500e+02
3.186312866210937500e+02
3.827720336914062500e+02
2.872271118164062500e+02
3.090476379394531250e+02
3.734278259277343750e+02
2.849207458496093750e+02
3.247666015625000000e+02
3.879163818359375000e+02
2.906572265625000000e+02
3.130183105468750000e+02
3.688309326171875000e+02
2.719241027832031250e+02
3.143906250000000000e+02
3.840718383789062500e+02
2.810724182128906250e+02
3.023708496093750000e+02
3.659229125976562500e+02
2.790197753906250000e+02
3.068480224609375000e+02
3.751482849121093750e+02
2.792528991699218750e+02
3.300554809570312500e+02
3.777333984375000000e+02
2.761936645507812500e+02
3.072668151855468750e+02
3.688111572265625000e+02
2.715691833496093750e+02
3.016716003417968750e+02
3.892553100585937500e+02
3.052241210937500000e+02
3.034920043945312500e+02
3.625130004882812500e+02
2.673108825683593750e+02
3.003565673828125000e+02
3.601179809570312500e+02
2.838702392578125000e+02
3.380014648437500000e+02
3.721502685546875000e+02
2.651582641601562500e+02
3.144131164550781250e+02
3.847711486816406250e+02
2.775430603027343750e+02
2.863461914062500000e+02
3.526173400878906250e+02
2.640463867187500000e+02
3.059043884277343750e+02
3.950519714355468750e+02
3.128125305175781250e+02
2.892610473632812500e+02
3.434432678222656250e+02
2.624235534667968750e+02
2.990893249511718750e+02
3.584973144531250000e+02
2.736531372070312500e+02
3.121220703125000000e+02
3.601952819824218750e+02
2.659766235351562500e+02
2.822287597656250000e+02
3.458140258789062500e+02
2.682045288085937500e+02
2.925266113281250000e+02
3.524976196289062500e+02
2.829970092773437500e+02
2.952242431640625000e+02
3.499665527343750000e+02
2.570706787109375000e+02
2.882767333984375000e+02
3.466324462890625000e+02
2.647792968750000000e+02
2.969901123046875000e+02
3.639797973632812500e+02
2.821554565429687500e+02
3.046072387695312500e+02
3.427053833007812500e+02
2.591015319824218750e+02
2.820846862792968750e+02
3.341080627441406250e+02
2.474249572753906250e+02
2.877566528320312500e+02
3.517929077148437500e+02
2.592457275390625000e+02
2.727899475097656250e+02
3.282999267578125000e+02
2.500007171630859375e+02
2.815143432617187500e+02
3.435558776855468750e+02
2.512085113525390625e+02
2.736437377929687500e+02
3.338786926269531250e+02
2.489377899169921875e+02
2.738676757812500000e+02
3.300862426757812500e+02
2.461436767578125000e+02
2.774293823242187500e+02
3.374014282226562500e+02
2.494004821777343750e+02
2.675946044921875000e+02
3.275116577148437500e+02
2.429860382080078125e+02
2.734217529296875000e+02
3.317538452148437500e+02
2.468457641601562500e+02
2.689436645507812500e+02
3.284505920410156250e+02
2.447496337890625000e+02
2.666785278320312500e+02
3.233667602539062500e+02
2.429633483886718750e+02
2.678223266601562500e+02
3.281647338867187500e+02
2.412562408447265625e+02
2.625496826171875000e+02
3.218164367675781250e+02
2.387006530761718750e+02
2.670829467773437500e+02
3.230226135253906250e+02
2.406762084960937500e+02
2.643247070312500000e+02
3.210660400390625000e+02
2.375758209228515625e+02
2.635220947265625000e+02
3.212349243164062500e+02
2.392654876708984375e+02
2.606911621093750000e+02
3.160085754394531250e+02
2.340316925048828125e+02
2.642123413085937500e+02
3.218742675781250000e+02
2.379129333496093750e+02
2.550842742919921875e+02
3.108059082031250000e+02
2.302740631103515625e+02
2.625254516601562500e+02
3.208621215820312500e+02
2.372482604980468750e+02
2.535137939453125000e+02
3.084137878417968750e+02
2.285914306640625000e+02
2.609353637695312500e+02
3.175778808593750000e+02
2.374125976562500000e+02
2.508847045898437500e+02
3.082611389160156250e+02
2.245610809326171875e+02
2.604997558593750000e+02
3.172054748535156250e+02
2.362313232421875000e+02
2.487170715332031250e+02
3.020101928710937500e+02
2.216820068359375000e+02
2.594047241210937500e+02
3.167040405273437500e+02
2.349330596923828125e+02
2.444712371826171875e+02
2.981635742187500000e+02
2.186801147460937500e+02
2.608031005859375000e+02
3.155786743164062500e+02
2.342231445312500000e+02
2.424403991699218750e+02
2.945685729980468750e+02
2.175493164062500000e+02
2.570452880859375000e+02
3.119925231933593750e+02
2.318767852783203125e+02
2.436696929931640625e+02
2.889537353515625000e+02
2.200707244873046875e+02
2.907737121582031250e+02
3.272016601562500000e+02
2.250876464843750000e+02
2.605139465332031250e+02
3.161812744140625000e+02
2.264919128417968750e+02
2.402413940429687500e+02
2.959575195312500000e+02
2.241341857910156250e+02
2.500136718750000000e+02
3.127857055664062500e+02
2.381738281250000000e+02
2.411610870361328125e+02
3.024960632324218750e+02
2.440620117187500000e+02
2.387789306640625000e+02
2.862652893066406250e+02
2.176891632080078125e+02
2.438232574462890625e+02
2.931541137695312500e+02
2.194079132080078125e+02
2.537167510986328125e+02
2.927451782226562500e+02
2.159988708496093750e+02
2.548222045898437500e+02
3.010130615234375000e+02
2.207342071533203125e+02
2.372862854003906250e+02
2.947767028808593750e+02
2.244744720458984375e+02
2.415766601562500000e+02
3.047829589843750000e+02
2.406047821044921875e+02
2.312931518554687500e+02
2.810105590820312500e+02
2.134432983398437500e+02
2.361434631347656250e+02
2.831967468261718750e+02
2.143783721923828125e+02
2.519471282958984375e+02
2.915239868164062500e+02
2.135376892089843750e+02
2.538180236816406250e+02
2.972111816406250000e+02
2.144255371093750000e+02
2.310291595458984375e+02
2.851560363769531250e+02
2.139622650146484375e+02
2.365796508789062500e+02
3.041818847656250000e+02
2.273702392578125000e+02
2.309040832519531250e+02
2.932019348144531250e+02
2.283739776611328125e+02
2.293400268554687500e+02
2.872872314453125000e+02
2.172250061035156250e+02
2.277698364257812500e+02
2.809666748046875000e+02
2.141396484375000000e+02
2.338231811523437500e+02
2.923415527343750000e+02
2.229676055908203125e+02
2.228873138427734375e+02
2.739479980468750000e+02
2.074772186279296875e+02
2.315550231933593750e+02
2.856108703613281250e+02
2.143123321533203125e+02
2.228811035156250000e+02
2.788496398925781250e+02
2.207437133789062500e+02
2.278426208496093750e+02
2.808930358886718750e+02
2.101397094726562500e+02
2.165680541992187500e+02
2.577370910644531250e+02
1.961038208007812500e+02
2.430723114013671875e+02
2.808746337890625000e+02
2.070635986328125000e+02
2.480924530029296875e+02
2.899199523925781250e+02
2.065145874023437500e+02
2.305579833984375000e+02
2.764484863281250000e+02
2.005094299316406250e+02
2.251200408935546875e+02
2.782889404296875000e+02
2.020317993164062500e+02
2.229167480468750000e+02
2.707350463867187500e+02
2.015606994628906250e+02
2.243245239257812500e+02
2.745354309082031250e+02
2.013451995849609375e+02
2.229478607177734375e+02
2.722150878906250000e+02
2.016654357910156250e+02
2.178717346191406250e+02
2.672640686035156250e+02
1.944542388916015625e+02
2.241783752441406250e+02
2.734824829101562500e+02
2.007008666992187500e+02
2.139968261718750000e+02
2.615823974609375000e+02
1.918903198242187500e+02
2.206720275878906250e+02
2.684797363281250000e+02
1.985200958251953125e+02
2.161257324218750000e+02
2.631249389648437500e+02
1.925848083496093750e+02
2.180625915527343750e+02
2.683530273437500000e+02
1.971262512207031250e+02
2.100025787353515625e+02
2.575359802246093750e+02
1.886139831542968750e+02
2.193472290039062500e+02
2.669218750000000000e+02
1.983212585449218750e+02
2.089619750976562500e+02
2.574018249511718750e+02
1.868733825683593750e+02
2.186803588867187500e+02
2.651584777832031250e+02
1.955852050781250000e+02
2.083036804199218750e+02
2.530873718261718750e+02
1.855971984863281250e+02
2.208565063476562500e+02
2.696334838867187500e+02
1.970078735351562500e+02
2.041824035644531250e+02
2.495707092285156250e+02
1.840675048828125000e+02
2.180212097167968750e+02
2.653409729003906250e+02
1.931286010742187500e+02
2.095980377197265625e+02
2.599408569335937500e+02
1.890525360107421875e+02
2.193829956054687500e+02
2.676499023437500000e+02
2.000788421630859375e+02
2.165113983154296875e+02
2.847622680664062500e+02
2.100084381103515625e+02
2.090707244873046875e+02
2.648578491210937500e+02
2.067008056640625000e+02
2.169420318603515625e+02
2.655359497070312500e+02
1.910342102050781250e+02
2.154691467285156250e+02
2.577935180664062500e+02
1.871039733886718750e+02
2.318864440917968750e+02
2.835334777832031250e+02
1.964880676269531250e+02
2.221260070800781250e+02
2.698732910156250000e+02
1.946440124511718750e+02
2.189955139160156250e+02
2.540180358886718750e+02
1.851005249023437500e+02
2.597787475585937500e+02
2.944586486816406250e+02
2.012503509521484375e+02
2.319236145019531250e+02
2.896769714355468750e+02
2.050933227539062500e+02
2.240307769775390625e+02
2.834661865234375000e+02
1.969830932617187500e+02
2.607369995117187500e+02
3.330158081054687500e+02
2.239300689697265625e+02
2.362899627685546875e+02
3.091186218261718750e+02
2.155730438232421875e+02
2.663182373046875000e+02
3.371081848144531250e+02
2.305824737548828125e+02
2.518382110595703125e+02
3.234734497070312500e+02
2.390231933593750000e+02
2.526008605957031250e+02
3.210209350585937500e+02
2.167234039306640625e+02
2.209851379394531250e+02
2.717484741210937500e+02
1.900827941894531250e+02
2.467374267578125000e+02
3.167465820312500000e+02
2.281358032226562500e+02
2.012215881347656250e+02
2.503938293457031250e+02
1.924313964843750000e+02
2.419395446777343750e+02
2.894743957519531250e+02
2.250761718750000000e+02
2.506291961669921875e+02
2.890534973144531250e+02
2.165322265625000000e+02
2.350934753417968750e+02
2.534701690673828125e+02
1.758475646972656250e+02
2.591964721679687500e+02
3.172182006835937500e+02
2.182589569091796875e+02
1.977228851318359375e+02
2.394234924316406250e+02
1.908106689453125000e+02
2.482300567626953125e+02
3.167247924804687500e+02
2.308203430175781250e+02
2.371145935058593750e+02
2.978097839355468750e+02
2.117910766601562500e+02
2.072257995605468750e+02
2.534403076171875000e+02
1.901256866455078125e+02
2.451405639648437500e+02
3.139848022460937500e+02
2.340393829345703125e+02
2.033871002197265625e+02
2.478197479248046875e+02
1.753615112304687500e+02
2.231621551513671875e+02
2.678136291503906250e+02
1.901259155273437500e+02
2.288116455078125000e+02
2.904615478515625000e+02
2.032935028076171875e+02
1.970056762695312500e+02
2.394326782226562500e+02
1.762629547119140625e+02
2.148379211425781250e+02
2.670560302734375000e+02
1.907061462402343750e+02
1.991338500976562500e+02
2.512400360107421875e+02
1.812601623535156250e+02
1.878424224853515625e+02
2.275596466064453125e+02
1.668639831542968750e+02
2.065939178466796875e+02
2.522305297851562500e+02
1.836573791503906250e+02
1.870468750000000000e+02
2.221434173583984375e+02
1.695531921386718750e+02
2.217393798828125000e+02
2.512672729492187500e+02
1.766960144042968750e+02
1.925376739501953125e+02
2.344303283691406250e+02
1.708252716064453125e+02
1.925620117187500000e+02
2.286859741210937500e+02
1.652020874023437500e+02
2.124681243896484375e+02
2.470503540039062500e+02
1.752562255859375000e+02
1.869396972656250000e+02
2.357508392333984375e+02
1.726976470947265625e+02
1.977278747558593750e+02
2.573876953125000000e+02
1.884848480224609375e+02
1.843688049316406250e+02
2.361430664062500000e+02
1.821348571777343750e+02
1.903141632080078125e+02
2.339339447021484375e+02
1.706772155761718750e+02
1.899432983398437500e+02
2.304443664550781250e+02
1.652660369873046875e+02
1.980942993164062500e+02
2.442387695312500000e+02
1.729077453613281250e+02
1.945053100585937500e+02
2.386765136718750000e+02
1.690640106201171875e+02
1.880191955566406250e+02
2.303922424316406250e+02
1.638668212890625000e+02
2.026369628906250000e+02
2.494379119873046875e+02
1.735914306640625000e+02
1.814381408691406250e+02
2.255842285156250000e+02
1.606325683593750000e+02
2.040326080322265625e+02
2.529910430908203125e+02
1.782875976562500000e+02
1.770052795410156250e+02
2.195871582031250000e+02
1.575470733642578125e+02
2.011748962402343750e+02
2.465006103515625000e+02
1.742187500000000000e+02
1.829635772705078125e+02
2.135440673828125000e+02
1.543284606933593750e+02
2.157973632812500000e+02
2.482235870361328125e+02
1.698003845214843750e+02
1.908159484863281250e+02
2.407065124511718750e+02
1.747261047363281250e+02
1.895807495117187500e+02
2.418420104980468750e+02
1.709373779296875000e+02
2.048479309082031250e+02
2.680433959960937500e+02
1.869401855468750000e+02
2.018218078613281250e+02
2.566762390136718750e+02
1.854240112304687500e+02
2.023535461425781250e+02
2.557187500000000000e+02
1.754859924316406250e+02
2.065353088378906250e+02
2.555666198730468750e+02
1.739801635742187500e+02
2.012005004882812500e+02
2.524825134277343750e+02
1.755794982910156250e+02
1.921483612060546875e+02
2.349196472167968750e+02
1.628315124511718750e+02
1.935910644531250000e+02
2.298028869628906250e+02
1.619468994140625000e+02
2.044566040039062500e+02
2.403241729736328125e+02
1.634051818847656250e+02
1.849121398925781250e+02
2.331673583984375000e+02
1.710318908691406250e+02
1.885744934082031250e+02
2.402093505859375000e+02
1.779806518554687500e+02
1.816670837402343750e+02
2.293257904052734375e+02
1.657608032226562500e+02
1.930386199951171875e+02
2.434682617187500000e+02
1.772254333496093750e+02
1.885353088378906250e+02
2.380728149414062500e+02
1.699650421142578125e+02
1.866552124023437500e+02
2.280327453613281250e+02
1.593394317626953125e+02
1.923485717773437500e+02
2.344866333007812500e+02
1.648573913574218750e+02
1.965152587890625000e+02
2.443957214355468750e+02
1.691247711181640625e+02
1.776371459960937500e+02
2.194998016357421875e+02
1.562748565673828125e+02
1.944115295410156250e+02
2.382290954589843750e+02
1.675002288818359375e+02
1.790491027832031250e+02
2.137115478515625000e+02
1.514226226806640625e+02
1.942813110351562500e+02
2.322951049804687500e+02
1.634919433593750000e+02
1.888634643554687500e+02
2.200651397705078125e+02
1.523551788330078125e+02
1.889001464843750000e+02
2.226612243652343750e+02
1.565553588867187500e+02
1.989427490234375000e+02
2.326582641601562500e+02
1.558461914062500000e+02
1.894686279296875000e+02
2.233910827636718750e+02
1.552373352050781250e+02
2.029083862304687500e+02
2.452193298339843750e+02
1.626547393798828125e+02
1.973492889404296875e+02
2.447685852050781250e+02
1.659990234375000000e+02
1.898983001708984375e+02
2.342877502441406250e+02
1.578451690673828125e+02
2.033115234375000000e+02
2.535956573486328125e+02
1.702996826171875000e+02
1.794621582031250000e+02
2.272780151367187500e+02
1.569361114501953125e+02
1.902254943847656250e+02
2.371421813964843750e+02
1.639349365234375000e+02
1.810553894042968750e+02
2.146078338623046875e+02
1.485246276855468750e+02
1.982010498046875000e+02
2.310582427978515625e+02
1.595402832031250000e+02
1.816983947753906250e+02
2.271764831542968750e+02
1.586925201416015625e+02
1.833405456542968750e+02
2.394828796386718750e+02
1.652561187744140625e+02
2.023666839599609375e+02
2.634969482421875000e+02
1.783737487792968750e+02
2.033377685546875000e+02
2.585524902343750000e+02
1.789606933593750000e+02
2.079276123046875000e+02
2.607198181152343750e+02
1.663919067382812500e+02
2.435688171386718750e+02
3.189786987304687500e+02
2.128969421386718750e+02
1.996701049804687500e+02
2.637420959472656250e+02
1.788374023437500000e+02
1.854720764160156250e+02
2.365385742187500000e+02
1.632084808349609375e+02
1.887903289794921875e+02
2.418478088378906250e+02
1.702652435302734375e+02
1.682229614257812500e+02
2.092357940673828125e+02
1.500982971191406250e+02
1.732850341796875000e+02
2.134002990722656250e+02
1.488806457519531250e+02
1.788640594482421875e+02
2.218893127441406250e+02
1.555807495117187500e+02
1.599617004394531250e+02
1.968035278320312500e+02
1.408070983886718750e+02
1.856109924316406250e+02
2.251901245117187500e+02
1.539429931640625000e+02
1.669560241699218750e+02
1.988241882324218750e+02
1.406295318603515625e+02
1.952429809570312500e+02
2.266308898925781250e+02
1.526824645996093750e+02
1.758810424804687500e+02
2.191676635742187500e+02
1.533232421875000000e+02
1.832835083007812500e+02
2.381874389648437500e+02
1.600968322753906250e+02
1.886268463134765625e+02
2.492681579589843750e+02
1.730193328857421875e+02
1.864473876953125000e+02
2.406594848632812500e+02
1.678421325683593750e+02
1.918444213867187500e+02
2.435191802978515625e+02
1.654457550048828125e+02
1.926324005126953125e+02
2.508857727050781250e+02
1.759534912109375000e+02
1.831660461425781250e+02
2.384482421875000000e+02
1.648555297851562500e+02
1.660762786865234375e+02
2.078376312255859375e+02
1.456660614013671875e+02
1.822789154052734375e+02
2.297153015136718750e+02
1.620870971679687500e+02
1.593690643310546875e+02
2.011369781494140625e+02
1.424376831054687500e+02
1.653972778320312500e+02
2.024783325195312500e+02
1.431380310058593750e+02
1.734515380859375000e+02
2.144575653076171875e+02
1.482640075683593750e+02
1.575929565429687500e+02
1.965901947021484375e+02
1.410887451171875000e+02
1.681427612304687500e+02
2.057109985351562500e+02
1.424787292480468750e+02
1.641020355224609375e+02
2.043728027343750000e+02
1.436287994384765625e+02
1.634602355957031250e+02
2.018565063476562500e+02
1.423414916992187500e+02
1.607599487304687500e+02
1.996886444091796875e+02
1.395225982666015625e+02
1.653199157714843750e+02
2.051577453613281250e+02
1.430484008789062500e+02
1.563129577636718750e+02
1.956753845214843750e+02
1.373690490722656250e+02
1.625797729492187500e+02
2.007431335449218750e+02
1.400444030761718750e+02
1.577327880859375000e+02
1.959293212890625000e+02
1.366574249267578125e+02
1.619271545410156250e+02
1.994392089843750000e+02
1.401090393066406250e+02
1.585636749267578125e+02
1.959297637939453125e+02
1.367780456542968750e+02
1.604630432128906250e+02
1.987944946289062500e+02
1.390706787109375000e+02
1.580610961914062500e+02
1.956803131103515625e+02
1.346011352539062500e+02
1.665593872070312500e+02
2.050507507324218750e+02
1.412109222412109375e+02
1.613334350585937500e+02
1.985294189453125000e+02
1.355648345947265625e+02
1.709368896484375000e+02
2.144809722900390625e+02
1.453795166015625000e+02
1.595865020751953125e+02
1.945785675048828125e+02
1.330648651123046875e+02
1.805105438232421875e+02
2.199803771972656250e+02
1.447922973632812500e+02
1.759262084960937500e+02
2.210600128173828125e+02
1.458444519042968750e+02
1.692878265380859375e+02
2.077707214355468750e+02
1.405716400146484375e+02
1.779922180175781250e+02
2.191976013183593750e+02
1.432597045898437500e+02
1.789893951416015625e+02
2.250640563964843750e+02
1.499142456054687500e+02
1.679450531005859375e+02
2.109665222167968750e+02
1.412248382568359375e+02
1.682328186035156250e+02
2.109963531494140625e+02
1.423187408447265625e+02
1.738648071289062500e+02
2.162184143066406250e+02
1.437580566406250000e+02
1.638588714599609375e+02
2.059784088134765625e+02
1.410994567871093750e+02
1.742396697998046875e+02
2.155138549804687500e+02
1.425113372802734375e+02
1.614782104492187500e+02
2.026757202148437500e+02
1.386405334472656250e+02
1.817955169677734375e+02
2.220651855468750000e+02
1.444857788085937500e+02
1.641896972656250000e+02
2.067575225830078125e+02
1.401833648681640625e+02
1.811295471191406250e+02
2.250115661621093750e+02
1.458247528076171875e+02
1.611948547363281250e+02
1.921305084228515625e+02
1.305036163330078125e+02
2.026683654785156250e+02
2.315411224365234375e+02
1.452501525878906250e+02
1.779335021972656250e+02
2.283695373535156250e+02
1.533457031250000000e+02
1.776643524169921875e+02
2.342715759277343750e+02
1.506120910644531250e+02
2.032755737304687500e+02
2.729173583984375000e+02
1.772728271484375000e+02
2.006494750976562500e+02
2.642360229492187500e+02
1.741974029541015625e+02
1.991969299316406250e+02
2.637637023925781250e+02
1.778418731689453125e+02
1.779782257080078125e+02
2.393663330078125000e+02
1.642950744628906250e+02
1.678037109375000000e+02
2.225391540527343750e+02
1.527756042480468750e+02
1.641239624023437500e+02
2.145922851562500000e+02
1.447602844238281250e+02
1.747831573486328125e+02
2.367111968994140625e+02
1.632825469970703125e+02
1.756162109375000000e+02
2.234185638427734375e+02
1.509120483398437500e+02
1.752890777587890625e+02
2.228021850585937500e+02
1.509973754882812500e+02
1.947995910644531250e+02
2.499906616210937500e+02
1.727478942871093750e+02
1.870494689941406250e+02
2.451420135498046875e+02
1.634801635742187500e+02
1.665935058593750000e+02
2.110807495117187500e+02
1.433395385742187500e+02
1.683303527832031250e+02
2.189758605957031250e+02
1.532203063964843750e+02
1.450421752929687500e+02
1.811388854980468750e+02
1.294436187744140625e+02
1.544522247314453125e+02
1.889205932617187500e+02
1.331718444824218750e+02
1.551427307128906250e+02
1.921795959472656250e+02
1.336539306640625000e+02
1.443121032714843750e+02
1.770595397949218750e+02
1.262563934326171875e+02
1.566920166015625000e+02
1.901723175048828125e+02
1.319657135009765625e+02
1.521384124755859375e+02
1.884125366210937500e+02
1.288005371093750000e+02
1.541131591796875000e+02
1.892313842773437500e+02
1.304788513183593750e+02
1.517995300292968750e+02
1.884752960205078125e+02
1.303669128417968750e+02
1.586166381835937500e+02
1.942796936035156250e+02
1.334116058349609375e+02
1.500429687500000000e+02
1.879841461181640625e+02
1.283605804443359375e+02
1.568212585449218750e+02
1.953852233886718750e+02
1.329775848388671875e+02
1.467124633789062500e+02
1.783441467285156250e+02
1.228466186523437500e+02
1.635215759277343750e+02
2.038112945556640625e+02
1.375749359130859375e+02
1.414713745117187500e+02
1.772720336914062500e+02
1.243735809326171875e+02
1.545361328125000000e+02
1.903248443603515625e+02
1.287995452880859375e+02
1.507279510498046875e+02
1.880713806152343750e+02
1.285235290527343750e+02
1.544167327880859375e+02
1.935822296142578125e+02
1.325359802246093750e+02
1.449977111816406250e+02
1.803645477294921875e+02
1.220268096923828125e+02
1.570086059570312500e+02
1.942916259765625000e+02
1.312677612304687500e+02
1.483216400146484375e+02
1.846354370117187500e+02
1.257164688110351562e+02
1.520824279785156250e+02
1.893267517089843750e+02
1.283691253662109375e+02
1.555898437500000000e+02
1.922197875976562500e+02
1.274188690185546875e+02
1.475924530029296875e+02
1.855682067871093750e+02
1.274533538818359375e+02
1.550923309326171875e+02
1.925134735107421875e+02
1.265777511596679688e+02
1.516216430664062500e+02
1.923342895507812500e+02
1.305713195800781250e+02
1.516989135742187500e+02
1.889715881347656250e+02
1.258181457519531250e+02
1.488360443115234375e+02
1.863072204589843750e+02
1.267097930908203125e+02
1.530516662597656250e+02
1.923751220703125000e+02
1.274561462402343750e+02
1.477580871582031250e+02
1.861122741699218750e+02
1.259452667236328125e+02
1.491018218994140625e+02
1.861363220214843750e+02
1.239556808471679688e+02
1.495740051269531250e+02
1.863041687011718750e+02
1.256800537109375000e+02
1.496009521484375000e+02
1.881011962890625000e+02
1.255538711547851562e+02
1.527946472167968750e+02
1.904296264648437500e+02
1.253120117187500000e+02
1.483212585449218750e+02
1.861336059570312500e+02
1.237694168090820312e+02
1.584878387451171875e+02
1.958848876953125000e+02
1.290237274169921875e+02
1.496949157714843750e+02
1.880487670898437500e+02
1.253204956054687500e+02
1.603417053222656250e+02
1.990609436035156250e+02
1.301391601562500000e+02
1.511499938964843750e+02
1.895670471191406250e+02
1.244419097900390625e+02
1.593671875000000000e+02
2.008601379394531250e+02
1.319950866699218750e+02
1.476778259277343750e+02
1.869200897216796875e+02
1.249973220825195312e+02
1.483066406250000000e+02
1.885541534423828125e+02
1.265833892822265625e+02
1.473942718505859375e+02
1.866560058593750000e+02
1.247901687622070312e+02
1.416679077148437500e+02
1.783937683105468750e+02
1.224111175537109375e+02
1.401865844726562500e+02
1.764205627441406250e+02
1.205292739868164062e+02
1.418253479003906250e+02
1.759228515625000000e+02
1.198004760742187500e+02
1.412913208007812500e+02
1.757568359375000000e+02
1.207473297119140625e+02
1.453187866210937500e+02
1.789806213378906250e+02
1.215463790893554688e+02
1.416768646240234375e+02
1.757748260498046875e+02
1.195264663696289062e+02
1.509933776855468750e+02
1.843292388916015625e+02
1.232834472656250000e+02
1.511123199462890625e+02
1.880020599365234375e+02
1.230298309326171875e+02
1.543821868896484375e+02
1.911404418945312500e+02
1.261067657470703125e+02
1.534980773925781250e+02
1.893069152832031250e+02
1.221987152099609375e+02
1.630031433105468750e+02
2.004125061035156250e+02
1.292305755615234375e+02
1.646310424804687500e+02
2.029245605468750000e+02
1.272718200683593750e+02
1.675092468261718750e+02
2.064718475341796875e+02
1.314676513671875000e+02
1.677173767089843750e+02
2.067983093261718750e+02
1.291965332031250000e+02
1.816193084716796875e+02
2.257373352050781250e+02
1.396067962646484375e+02
1.766047363281250000e+02
2.195325317382812500e+02
1.333548431396484375e+02
1.791449890136718750e+02
2.274944763183593750e+02
1.414800872802734375e+02
1.825416259765625000e+02
2.298366088867187500e+02
1.401164245605468750e+02
1.609653015136718750e+02
2.073217468261718750e+02
1.325640106201171875e+02
1.815863342285156250e+02
2.303544158935546875e+02
1.432098693847656250e+02
1.498816833496093750e+02
1.822520446777343750e+02
1.196505050659179688e+02
1.894446105957031250e+02
2.241639862060546875e+02
1.379111022949218750e+02
1.513457641601562500e+02
1.868876953125000000e+02
1.238312530517578125e+02
1.757962951660156250e+02
1.993190307617187500e+02
1.227328796386718750e+02
1.682530212402343750e+02
2.107469635009765625e+02
1.358246307373046875e+02
1.671952209472656250e+02
2.226330108642578125e+02
1.378903045654296875e+02
1.652459106445312500e+02
2.212592163085937500e+02
1.402386779785156250e+02
2.037588500976562500e+02
2.749135131835937500e+02
1.815206298828125000e+02
1.516432647705078125e+02
2.005672302246093750e+02
1.308208160400390625e+02
1.599321899414062500e+02
2.088901824951171875e+02
1.375655975341796875e+02
1.517927093505859375e+02
1.975895233154296875e+02
1.332411346435546875e+02
1.341722106933593750e+02
1.691094970703125000e+02
1.173282012939453125e+02
1.456891784667968750e+02
1.809506835937500000e+02
1.221679992675781250e+02
1.472430114746093750e+02
1.852359313964843750e+02
1.224190063476562500e+02
1.367442779541015625e+02
1.717086334228515625e+02
1.171532135009765625e+02
1.450361175537109375e+02
1.784884796142578125e+02
1.187135620117187500e+02
1.379123687744140625e+02
1.748443603515625000e+02
1.200596313476562500e+02
1.396682891845703125e+02
1.721156921386718750e+02
1.150267257690429688e+02
1.411262512207031250e+02
1.765730438232421875e+02
1.189284667968750000e+02
1.471409454345703125e+02
1.816174316406250000e+02
1.183368835449218750e+02
1.387944641113281250e+02
1.724798736572265625e+02
1.174917449951171875e+02
1.577368469238281250e+02
1.920026397705078125e+02
1.224107513427734375e+02
1.395037231445312500e+02
1.783471221923828125e+02
1.205150604248046875e+02
1.501252136230468750e+02
1.860728149414062500e+02
1.207196655273437500e+02
1.400296630859375000e+02
1.733325195312500000e+02
1.161481170654296875e+02
1.522368469238281250e+02
1.924513854980468750e+02
1.259462738037109375e+02
1.363829498291015625e+02
1.800687103271484375e+02
1.271691894531250000e+02
1.416006469726562500e+02
1.842361450195312500e+02
1.199992828369140625e+02
1.525699768066406250e+02
1.927836608886718750e+02
1.212691497802734375e+02
1.694867095947265625e+02
2.140407409667968750e+02
1.316692199707031250e+02
1.678021850585937500e+02
2.223619689941406250e+02
1.426068572998046875e+02
1.839833679199218750e+02
2.405197448730468750e+02
1.469460601806640625e+02
1.838302917480468750e+02
2.447958068847656250e+02
1.535989379882812500e+02
1.742796936035156250e+02
2.397357482910156250e+02
1.576632080078125000e+02
1.685752868652343750e+02
2.284579162597656250e+02
1.487755432128906250e+02
1.452293701171875000e+02
1.875116729736328125e+02
1.214412384033203125e+02
1.499839782714843750e+02
1.917682342529296875e+02
1.293852844238281250e+02
1.492366333007812500e+02
1.864869995117187500e+02
1.217141876220703125e+02
1.432381896972656250e+02
1.777424468994140625e+02
1.166637039184570312e+02
1.567359008789062500e+02
1.978712768554687500e+02
1.261021728515625000e+02
1.442839965820312500e+02
1.799128723144531250e+02
1.194939193725585938e+02
1.378538513183593750e+02
1.739345092773437500e+02
1.177490158081054688e+02
1.456943206787109375e+02
1.801115112304687500e+02
1.184366149902343750e+02
1.385353088378906250e+02
1.733156433105468750e+02
1.164973678588867188e+02
1.498582458496093750e+02
1.820291900634765625e+02
1.181228637695312500e+02
1.441021728515625000e+02
1.792564697265625000e+02
1.166010894775390625e+02
1.557200469970703125e+02
1.918220520019531250e+02
1.237626876831054688e+02
1.528449096679687500e+02
1.780645294189453125e+02
1.127020492553710938e+02
1.719565124511718750e+02
2.008236236572265625e+02
1.256799163818359375e+02
1.694022216796875000e+02
2.129971618652343750e+02
1.316009826660156250e+02
1.492127532958984375e+02
1.894103240966796875e+02
1.225082092285156250e+02
1.604635314941406250e+02
1.914655303955078125e+02
1.196574401855468750e+02
1.575852355957031250e+02
1.917136535644531250e+02
1.265581512451171875e+02
1.416806335449218750e+02
1.761374969482421875e+02
1.134653778076171875e+02
1.503609008789062500e+02
1.874041290283203125e+02
1.219277420043945312e+02
1.443767700195312500e+02
1.838700714111328125e+02
1.217464904785156250e+02
1.329227752685546875e+02
1.677915344238281250e+02
1.122483749389648438e+02
1.395050048828125000e+02
1.748974609375000000e+02
1.172003326416015625e+02
1.313502349853515625e+02
1.646110534667968750e+02
1.109156799316406250e+02
1.354114379882812500e+02
1.701089477539062500e+02
1.147762756347656250e+02
1.241022033691406250e+02
1.546285400390625000e+02
1.057153625488281250e+02
1.362367553710937500e+02
1.724324951171875000e+02
1.167003631591796875e+02
1.183311004638671875e+02
1.501600646972656250e+02
1.059540405273437500e+02
1.252134552001953125e+02
1.551214141845703125e+02
1.049029083251953125e+02
1.245864410400390625e+02
1.581294555664062500e+02
1.099073791503906250e+02
1.171829986572265625e+02
1.469505004882812500e+02
1.018611297607421875e+02
1.247611694335937500e+02
1.561882629394531250e+02
1.057455749511718750e+02
1.221094055175781250e+02
1.532036743164062500e+02
1.033626861572265625e+02
1.238398284912109375e+02
1.540521545410156250e+02
1.050423126220703125e+02
1.264065093994140625e+02
1.588321838378906250e+02
1.050318908691406250e+02
1.238383483886718750e+02
1.542767028808593750e+02
1.045751571655273438e+02
1.277290267944335938e+02
1.592177734375000000e+02
1.043885269165039062e+02
1.305012817382812500e+02
1.630282440185546875e+02
1.078616027832031250e+02
1.362928009033203125e+02
1.690981292724609375e+02
1.080977020263671875e+02
1.322140960693359375e+02
1.645180053710937500e+02
1.083204727172851562e+02
1.450240631103515625e+02
1.787264099121093750e+02
1.121080398559570312e+02
1.339138488769531250e+02
1.688764648437500000e+02
1.103617553710937500e+02
1.456669311523437500e+02
1.833293762207031250e+02
1.136733398437500000e+02
1.337586975097656250e+02
1.709211730957031250e+02
1.109989776611328125e+02
1.432626037597656250e+02
1.807762451171875000e+02
1.152127838134765625e+02
1.325940093994140625e+02
1.636829681396484375e+02
1.057057266235351562e+02
1.466948089599609375e+02
1.742787170410156250e+02
1.096640167236328125e+02
1.382494201660156250e+02
1.733268737792968750e+02
1.114173736572265625e+02
1.312535705566406250e+02
1.681561889648437500e+02
1.087445526123046875e+02
1.363906707763671875e+02
1.718981628417968750e+02
1.107469635009765625e+02
1.274504013061523438e+02
1.630565185546875000e+02
1.074497070312500000e+02
1.340809936523437500e+02
1.696649169921875000e+02
1.100318756103515625e+02
1.241263580322265625e+02
1.547762298583984375e+02
1.023051452636718750e+02
1.402342834472656250e+02
1.771696472167968750e+02
1.147433242797851562e+02
1.192379226684570312e+02
1.515295715332031250e+02
1.030102539062500000e+02
1.312826080322265625e+02
1.636530761718750000e+02
1.059800643920898438e+02
1.271192779541015625e+02
1.624149475097656250e+02
1.083168563842773438e+02
1.228814773559570312e+02
1.532769775390625000e+02
1.013966751098632812e+02
1.283156738281250000e+02
1.624387817382812500e+02
1.073189849853515625e+02
1.273686828613281250e+02
1.591126403808593750e+02
1.034562301635742188e+02
1.255732269287109375e+02
1.590077667236328125e+02
1.060139617919921875e+02
1.290823516845703125e+02
1.608272857666015625e+02
1.042188720703125000e+02
1.290164947509765625e+02
1.645638885498046875e+02
1.077880172729492188e+02
1.259861755371093750e+02
1.576600952148437500e+02
1.019355773925781250e+02
1.317324218750000000e+02
1.678739013671875000e+02
1.084132308959960938e+02
1.279118118286132812e+02
1.610861816406250000e+02
1.030044250488281250e+02
1.317884674072265625e+02
1.661463623046875000e+02
1.075162429809570312e+02
1.300133972167968750e+02
1.630298461914062500e+02
1.041343078613281250e+02
1.302656555175781250e+02
1.626888885498046875e+02
1.054654541015625000e+02
1.361876373291015625e+02
1.698274078369140625e+02
1.066804962158203125e+02
1.343978881835937500e+02
1.677991485595703125e+02
1.060622177124023438e+02
1.442225799560546875e+02
1.816688842773437500e+02
1.128880615234375000e+02
1.330713806152343750e+02
1.696217346191406250e+02
1.067054290771484375e+02
1.380073852539062500e+02
1.762318267822265625e+02
1.116575012207031250e+02
1.310259399414062500e+02
1.620156860351562500e+02
1.039560470581054688e+02
1.414143981933593750e+02
1.721993408203125000e+02
1.118987884521484375e+02
1.395883178710937500e+02
1.662594299316406250e+02
1.059523086547851562e+02
1.398440093994140625e+02
1.675767669677734375e+02
1.070818862915039062e+02
1.481859741210937500e+02
1.743181457519531250e+02
1.072140502929687500e+02
1.431670989990234375e+02
1.742148284912109375e+02
1.103259201049804688e+02
1.478604583740234375e+02
1.719067993164062500e+02
1.047635192871093750e+02
1.545189971923828125e+02
1.862620239257812500e+02
1.157330169677734375e+02
1.547514648437500000e+02
1.798575744628906250e+02
1.077455596923828125e+02
1.532140502929687500e+02
1.916290435791015625e+02
1.194536132812500000e+02
1.443869934082031250e+02
1.858937072753906250e+02
1.162343826293945312e+02
1.392571563720703125e+02
1.849131164550781250e+02
1.154851150512695312e+02
1.486093444824218750e+02
1.912186584472656250e+02
1.139534835815429688e+02
1.530376739501953125e+02
1.949741821289062500e+02
1.152352600097656250e+02
1.696732788085937500e+02
2.118190307617187500e+02
1.198523406982421875e+02
1.955743255615234375e+02
2.452337951660156250e+02
1.316323089599609375e+02
2.062112731933593750e+02
2.627975463867187500e+02
1.406533203125000000e+02
2.299790954589843750e+02
3.041666870117187500e+02
1.685266571044921875e+02
1.806298828125000000e+02
2.632500000000000000e+02
1.609916839599609375e+02
1.799615631103515625e+02
2.544478912353515625e+02
1.721733551025390625e+02
1.516712951660156250e+02
2.095087585449218750e+02
1.406333618164062500e+02
1.348583374023437500e+02
1.801785125732421875e+02
1.225913848876953125e+02
1.256593399047851562e+02
1.632720642089843750e+02
1.114308624267578125e+02
1.354613952636718750e+02
1.760565032958984375e+02
1.224552917480468750e+02
1.293249359130859375e+02
1.652082824707031250e+02
1.126230392456054688e+02
1.317793579101562500e+02
1.731912231445312500e+02
1.188364715576171875e+02
1.313511962890625000e+02
1.693212432861328125e+02
1.113255233764648438e+02
1.275337829589843750e+02
1.645134887695312500e+02
1.087290725708007812e+02
1.285473632812500000e+02
1.603520050048828125e+02
1.051931076049804688e+02
1.222817535400390625e+02
1.559554138183593750e+02
1.058108901977539062e+02
1.246904220581054688e+02
1.547290039062500000e+02
1.003207550048828125e+02
1.204344024658203125e+02
1.528419952392578125e+02
1.025787811279296875e+02
1.229317779541015625e+02
1.528250427246093750e+02
1.003663787841796875e+02
1.160871276855468750e+02
1.478420257568359375e+02
9.991058349609375000e+01
1.216347885131835938e+02
1.515860595703125000e+02
9.985528564453125000e+01
1.157285156250000000e+02
1.473580017089843750e+02
9.927404022216796875e+01
1.147528457641601562e+02
1.455266723632812500e+02
9.611390686035156250e+01
1.163301467895507812e+02
1.470614013671875000e+02
9.854110717773437500e+01
1.126666641235351562e+02
1.431762847900390625e+02
9.553142547607421875e+01
1.132248229980468750e+02
1.439051513671875000e+02
9.691721343994140625e+01
1.104911651611328125e+02
1.405369567871093750e+02
9.355619812011718750e+01
1.124634552001953125e+02
1.418317260742187500e+02
9.564456176757812500e+01
1.102110900878906250e+02
1.397802276611328125e+02
9.281257629394531250e+01
1.135218353271484375e+02
1.427847595214843750e+02
9.546339416503906250e+01
1.112034301757812500e+02
1.401697692871093750e+02
9.284770202636718750e+01
1.139940032958984375e+02
1.426567382812500000e+02
9.599450683593750000e+01
1.115882720947265625e+02
1.407416992187500000e+02
9.268463134765625000e+01
1.153273010253906250e+02
1.436716918945312500e+02
9.559564208984375000e+01
1.140458374023437500e+02
1.433661499023437500e+02
9.326504516601562500e+01
1.170876464843750000e+02
1.472596588134765625e+02
9.746598815917968750e+01
1.123248977661132812e+02
1.425554504394531250e+02
9.293365478515625000e+01
1.164119262695312500e+02
1.469642028808593750e+02
9.743556976318359375e+01
1.108333587646484375e+02
1.341081542968750000e+02
8.766273498535156250e+01
1.329077453613281250e+02
1.549744262695312500e+02
9.950999450683593750e+01
1.198775329589843750e+02
1.543820800781250000e+02
1.008398666381835938e+02
1.150725021362304688e+02
1.533842163085937500e+02
9.858209228515625000e+01
1.374973754882812500e+02
1.906059417724609375e+02
1.248193054199218750e+02
1.187335815429687500e+02
1.532484130859375000e+02
1.054811401367187500e+02
1.330692138671875000e+02
1.700074462890625000e+02
1.152828369140625000e+02
1.372830200195312500e+02
1.775706787109375000e+02
1.139632415771484375e+02
1.230925598144531250e+02
1.615407257080078125e+02
1.056002502441406250e+02
1.325281677246093750e+02
1.758110351562500000e+02
1.188046646118164062e+02
1.226791992187500000e+02
1.584782104492187500e+02
1.022238159179687500e+02
1.139280242919921875e+02
1.433392639160156250e+02
9.375828552246093750e+01
1.314160919189453125e+02
1.659329223632812500e+02
1.068697280883789062e+02
1.234672241210937500e+02
1.544073181152343750e+02
1.000055389404296875e+02
1.186805877685546875e+02
1.490526275634765625e+02
9.525219726562500000e+01
1.377744445800781250e+02
1.733320007324218750e+02
1.105272140502929688e+02
1.118656158447265625e+02
1.452053527832031250e+02
9.344326782226562500e+01
1.268391723632812500e+02
1.612772064208984375e+02
1.044383163452148438e+02
1.136036834716796875e+02
1.366815490722656250e+02
8.916007232666015625e+01
1.310791015625000000e+02
1.557718048095703125e+02
9.831033325195312500e+01
1.270610504150390625e+02
1.585819396972656250e+02
9.989635467529296875e+01
1.215373229980468750e+02
1.494870910644531250e+02
9.652706909179687500e+01
1.292047882080078125e+02
1.624439849853515625e+02
1.006021347045898438e+02
1.246253128051757812e+02
1.570421905517578125e+02
1.009899749755859375e+02
1.258400573730468750e+02
1.592076721191406250e+02
9.919197082519531250e+01
1.235004272460937500e+02
1.579344787597656250e+02
1.019525451660156250e+02
1.223634643554687500e+02
1.540427246093750000e+02
9.803608703613281250e+01
1.148118286132812500e+02
1.473696899414062500e+02
9.805615234375000000e+01
1.208028259277343750e+02
1.527363586425781250e+02
9.757357788085937500e+01
1.111097640991210938e+02
1.437555541992187500e+02
9.521180725097656250e+01
1.149210357666015625e+02
1.455938568115234375e+02
9.309454345703125000e+01
1.127503509521484375e+02
1.436472778320312500e+02
9.584555053710937500e+01
1.105423431396484375e+02
1.398551635742187500e+02
9.133094024658203125e+01
1.115209655761718750e+02
1.414842224121093750e+02
9.313234710693359375e+01
1.107971343994140625e+02
1.408581848144531250e+02
9.099677276611328125e+01
1.200274124145507812e+02
1.514128417968750000e+02
9.493772888183593750e+01
1.188923187255859375e+02
1.517579650878906250e+02
9.682218933105468750e+01
1.213339538574218750e+02
1.603694458007812500e+02
1.010094757080078125e+02
1.318128662109375000e+02
1.816269378662109375e+02
1.142056732177734375e+02
1.291335144042968750e+02
1.714678497314453125e+02
1.107651672363281250e+02
1.328871765136718750e+02
1.755195007324218750e+02
1.117092666625976562e+02
1.290748291015625000e+02
1.733614196777343750e+02
1.174145660400390625e+02
1.129941558837890625e+02
1.505963134765625000e+02
9.768756866455078125e+01
1.144838714599609375e+02
1.453800201416015625e+02
9.538073730468750000e+01
1.126911163330078125e+02
1.466420288085937500e+02
9.668334197998046875e+01
1.103552780151367188e+02
1.386905822753906250e+02
9.255281829833984375e+01
1.099878845214843750e+02
1.276337127685546875e+02
8.525619506835937500e+01
1.274841461181640625e+02
1.610562438964843750e+02
1.057005615234375000e+02
1.021965942382812500e+02
1.254605407714843750e+02
8.354348754882812500e+01
1.219683837890625000e+02
1.491007385253906250e+02
9.684988403320312500e+01
1.236953582763671875e+02
1.567037963867187500e+02
1.001383666992187500e+02
1.080350189208984375e+02
1.343625793457031250e+02
8.820893859863281250e+01
1.226407318115234375e+02
1.526179351806640625e+02
9.720071411132812500e+01
1.218984756469726562e+02
1.526955566406250000e+02
9.653904724121093750e+01
1.153105621337890625e+02
1.465672912597656250e+02
9.394966125488281250e+01
1.258394165039062500e+02
1.580445861816406250e+02
9.839574432373046875e+01
1.169513244628906250e+02
1.493851623535156250e+02
9.546362304687500000e+01
1.157201690673828125e+02
1.476046447753906250e+02
9.516899108886718750e+01
1.142352447509765625e+02
1.451058959960937500e+02
9.339676666259765625e+01
1.159428710937500000e+02
1.473600158691406250e+02
9.394927978515625000e+01
1.102545013427734375e+02
1.416616821289062500e+02
9.183229827880859375e+01
1.146845550537109375e+02
1.467765502929687500e+02
9.378025817871093750e+01
1.046909103393554688e+02
1.346986999511718750e+02
8.864290618896484375e+01
1.120585784912109375e+02
1.410174560546875000e+02
9.189501953125000000e+01
1.030944976806640625e+02
1.257053680419921875e+02
8.285700225830078125e+01
1.222992401123046875e+02
1.449498748779296875e+02
9.146309661865234375e+01
1.083995056152343750e+02
1.384228363037109375e+02
9.029763031005859375e+01
1.142601394653320312e+02
1.515248565673828125e+02
9.710053253173828125e+01
1.270155029296875000e+02
1.671400756835937500e+02
1.045050888061523438e+02
1.340664062500000000e+02
1.720798339843750000e+02
1.094020080566406250e+02
1.409775390625000000e+02
1.807832794189453125e+02
1.102744522094726562e+02
1.475458984375000000e+02
1.943586883544921875e+02
1.255133819580078125e+02
1.341103515625000000e+02
1.824137420654296875e+02
1.138805541992187500e+02
1.235086288452148438e+02
1.653883361816406250e+02
1.060686645507812500e+02
1.079553451538085938e+02
1.439697265625000000e+02
9.718235778808593750e+01
1.049821777343750000e+02
1.327094879150390625e+02
8.783450317382812500e+01
1.094139480590820312e+02
1.343034820556640625e+02
8.749780273437500000e+01
1.172810287475585938e+02
1.441514587402343750e+02
9.227349853515625000e+01
1.130792388916015625e+02
1.353085327148437500e+02
8.757998657226562500e+01
1.239664764404296875e+02
1.479984741210937500e+02
9.147549438476562500e+01
1.298338928222656250e+02
1.554579010009765625e+02
9.821536254882812500e+01
1.212675476074218750e+02
1.446493682861328125e+02
9.026021575927734375e+01
1.350701599121093750e+02
1.579935455322265625e+02
9.415852355957031250e+01
1.378032531738281250e+02
1.722891235351562500e+02
1.051485671997070312e+02
1.306149902343750000e+02
1.761490173339843750e+02
1.062100448608398438e+02
1.445437622070312500e+02
1.923793945312500000e+02
1.154127044677734375e+02
1.528825378417968750e+02
2.087548065185546875e+02
1.235330963134765625e+02
1.489376220703125000e+02
2.062491302490234375e+02
1.318627014160156250e+02
1.191319427490234375e+02
1.636958007812500000e+02
1.071890411376953125e+02
1.234400329589843750e+02
1.665928649902343750e+02
1.133039398193359375e+02
1.130094909667968750e+02
1.496633300781250000e+02
1.043661117553710938e+02
1.091556243896484375e+02
1.427604675292968750e+02
9.531494140625000000e+01
1.045000534057617188e+02
1.300411987304687500e+02
8.380093383789062500e+01
1.157431793212890625e+02
1.484582672119140625e+02
9.936156463623046875e+01
9.767961120605468750e+01
1.253697662353515625e+02
8.384303283691406250e+01
1.077878723144531250e+02
1.343650817871093750e+02
8.808435058593750000e+01
1.042354354858398438e+02
1.337836608886718750e+02
8.770768737792968750e+01
9.864743804931640625e+01
1.256931991577148438e+02
8.401187896728515625e+01
1.009974288940429688e+02
1.292651214599609375e+02
8.578050231933593750e+01
9.548451232910156250e+01
1.216387710571289062e+02
8.187390136718750000e+01
9.948559570312500000e+01
1.250607299804687500e+02
8.294876098632812500e+01
9.694009399414062500e+01
1.227075347900390625e+02
8.227239990234375000e+01
9.941860198974609375e+01
1.244854736328125000e+02
8.205702209472656250e+01
9.781422424316406250e+01
1.235386047363281250e+02
8.169009399414062500e+01
1.018893432617187500e+02
1.273614349365234375e+02
8.287110137939453125e+01
1.008237915039062500e+02
1.276986160278320312e+02
8.303161621093750000e+01
1.074327392578125000e+02
1.338216247558593750e+02
8.518672180175781250e+01
1.048769378662109375e+02
1.325288696289062500e+02
8.608348846435546875e+01
1.056922912597656250e+02
1.342421112060546875e+02
8.533371734619140625e+01
1.060579223632812500e+02
1.342468261718750000e+02
8.623291778564453125e+01
1.032469024658203125e+02
1.318184204101562500e+02
8.436106109619140625e+01
1.046878051757812500e+02
1.320416412353515625e+02
8.594146728515625000e+01
1.025414505004882812e+02
1.310998229980468750e+02
8.391452026367187500e+01
1.021223449707031250e+02
1.299624633789062500e+02
8.480043792724609375e+01
1.029312744140625000e+02
1.303181457519531250e+02
8.293072509765625000e+01
1.031197967529296875e+02
1.302778778076171875e+02
8.548841857910156250e+01
1.039277725219726562e+02
1.314199829101562500e+02
8.344220733642578125e+01
1.017635040283203125e+02
1.304213562011718750e+02
8.388520812988281250e+01
1.054995803833007812e+02
1.333097686767578125e+02
8.289453125000000000e+01
1.033017120361328125e+02
1.313919982910156250e+02
8.468299865722656250e+01
1.089820861816406250e+02
1.381416931152343750e+02
8.582968139648437500e+01
1.006982803344726562e+02
1.289586029052734375e+02
8.354981994628906250e+01
1.105775680541992188e+02
1.401635589599609375e+02
8.639609527587890625e+01
1.007906188964843750e+02
1.303425598144531250e+02
8.372587585449218750e+01
1.083148956298828125e+02
1.375562133789062500e+02
8.561335754394531250e+01
1.011165313720703125e+02
1.299736785888671875e+02
8.280865478515625000e+01
1.078472442626953125e+02
1.377068939208984375e+02
8.538693237304687500e+01
1.029176712036132812e+02
1.319186248779296875e+02
8.456494140625000000e+01
1.037212371826171875e+02
1.324808807373046875e+02
8.352998352050781250e+01
1.049196777343750000e+02
1.322397613525390625e+02
8.374877929687500000e+01
1.047872924804687500e+02
1.336867218017578125e+02
8.289116668701171875e+01
1.082395629882812500e+02
1.367182922363281250e+02
8.563769531250000000e+01
1.038689575195312500e+02
1.327432556152343750e+02
8.384584045410156250e+01
1.118816070556640625e+02
1.410531158447265625e+02
8.679569244384765625e+01
1.060670013427734375e+02
1.351363067626953125e+02
8.464851379394531250e+01
1.135568084716796875e+02
1.439235534667968750e+02
8.860421752929687500e+01
1.048386688232421875e+02
1.283600158691406250e+02
8.174601745605468750e+01
1.195450592041015625e+02
1.423323669433593750e+02
8.870857238769531250e+01
1.220222473144531250e+02
1.483619384765625000e+02
9.024673461914062500e+01
1.301987609863281250e+02
1.564093780517578125e+02
9.111479949951171875e+01
1.287862701416015625e+02
1.598246765136718750e+02
9.555947113037109375e+01
1.306306762695312500e+02
1.607985687255859375e+02
9.400294494628906250e+01
1.271198577880859375e+02
1.549384765625000000e+02
9.184613037109375000e+01
1.270466613769531250e+02
1.647644653320312500e+02
1.003065261840820312e+02
1.196532440185546875e+02
1.630259094238281250e+02
9.785251617431640625e+01
1.261618804931640625e+02
1.689594573974609375e+02
1.000816955566406250e+02
1.452763671875000000e+02
1.987301635742187500e+02
1.171492233276367188e+02
1.235908584594726562e+02
1.694378051757812500e+02
1.012901153564453125e+02
1.433480834960937500e+02
1.962895507812500000e+02
1.275608444213867188e+02
1.130572433471679688e+02
1.534965515136718750e+02
9.521636199951171875e+01
1.165641555786132812e+02
1.573446960449218750e+02
1.001383972167968750e+02
1.056880645751953125e+02
1.402540740966796875e+02
9.709607696533203125e+01
1.082584228515625000e+02
1.399893188476562500e+02
8.901939392089843750e+01
1.081807556152343750e+02
1.426473388671875000e+02
9.665490722656250000e+01
1.067600021362304688e+02
1.377922973632812500e+02
8.626196289062500000e+01
1.092001037597656250e+02
1.370626678466796875e+02
8.504141235351562500e+01
1.103132247924804688e+02
1.439946289062500000e+02
9.272613525390625000e+01
1.042721557617187500e+02
1.339578857421875000e+02
8.664274597167968750e+01
9.980325317382812500e+01
1.214000320434570312e+02
7.938093566894531250e+01
1.157414245605468750e+02
1.446672973632812500e+02
9.238450622558593750e+01
9.932513427734375000e+01
1.230590209960937500e+02
8.143507385253906250e+01
1.123708190917968750e+02
1.338607788085937500e+02
8.489154052734375000e+01
1.111990890502929688e+02
1.420372161865234375e+02
9.019480133056640625e+01
1.018807449340820312e+02
1.285592346191406250e+02
8.117758178710937500e+01
1.092481460571289062e+02
1.392019348144531250e+02
8.831084442138671875e+01
1.070351409912109375e+02
1.387912292480468750e+02
9.052682495117187500e+01
9.572013854980468750e+01
1.155213623046875000e+02
7.515596008300781250e+01
1.138089065551757812e+02
1.463326263427734375e+02
9.479158782958984375e+01
9.868628692626953125e+01
1.223870086669921875e+02
7.712048339843750000e+01
1.065352325439453125e+02
1.327068176269531250e+02
8.439179992675781250e+01
1.233925094604492188e+02
1.553641357421875000e+02
9.487548828125000000e+01
9.634145355224609375e+01
1.227395553588867188e+02
7.744779205322265625e+01
1.221497879028320312e+02
1.577541351318359375e+02
9.760380554199218750e+01
9.584263610839843750e+01
1.252607116699218750e+02
7.949610900878906250e+01
1.034862060546875000e+02
1.331824798583984375e+02
8.544712066650390625e+01
9.730175781250000000e+01
1.263991394042968750e+02
8.221324920654296875e+01
9.046873474121093750e+01
1.178849716186523438e+02
7.702564239501953125e+01
9.532159423828125000e+01
1.219286346435546875e+02
7.790626525878906250e+01
9.187393188476562500e+01
1.191637191772460938e+02
7.787568664550781250e+01
9.195010375976562500e+01
1.166381072998046875e+02
7.600773620605468750e+01
9.062367248535156250e+01
1.173261260986328125e+02
7.697303771972656250e+01
9.006664276123046875e+01
1.158687133789062500e+02
7.596375274658203125e+01
8.868092346191406250e+01
1.140446014404296875e+02
7.412340545654296875e+01
9.254662322998046875e+01
1.177879486083984375e+02
7.683277130126953125e+01
8.913061523437500000e+01
1.136674804687500000e+02
7.393183898925781250e+01
9.351014709472656250e+01
1.196194763183593750e+02
7.721431732177734375e+01
8.883142089843750000e+01
1.133468322753906250e+02
7.273814392089843750e+01
9.746221923828125000e+01
1.220222930908203125e+02
7.761550903320312500e+01
9.199566650390625000e+01
1.138545532226562500e+02
7.204261779785156250e+01
1.044666442871093750e+02
1.290468292236328125e+02
8.145891571044921875e+01
9.811283874511718750e+01
1.199854965209960938e+02
7.479066467285156250e+01
1.042891082763671875e+02
1.245968322753906250e+02
7.671426391601562500e+01
1.179077377319335938e+02
1.407322387695312500e+02
8.261952209472656250e+01
1.052178344726562500e+02
1.321122283935546875e+02
8.043625640869140625e+01
1.203025512695312500e+02
1.516449890136718750e+02
8.959095001220703125e+01
1.031391448974609375e+02
1.354162292480468750e+02
8.453146362304687500e+01
1.117251358032226562e+02
1.466622009277343750e+02
9.022337341308593750e+01
9.593727111816406250e+01
1.248741836547851562e+02
8.012829589843750000e+01
9.922612762451171875e+01
1.279531402587890625e+02
8.012294006347656250e+01
9.544462585449218750e+01
1.223325500488281250e+02
7.953562927246093750e+01
9.410746765136718750e+01
1.197298431396484375e+02
7.548670959472656250e+01
9.490402984619140625e+01
1.220378112792968750e+02
7.807212829589843750e+01
9.966642761230468750e+01
1.263307342529296875e+02
7.777329254150390625e+01
9.255067443847656250e+01
1.199932708740234375e+02
7.729258728027343750e+01
1.021201171875000000e+02
1.281375732421875000e+02
7.793440246582031250e+01
9.353797149658203125e+01
1.203755035400390625e+02
7.779263305664062500e+01
1.071921539306640625e+02
1.335623779296875000e+02
7.921759033203125000e+01
9.557304382324218750e+01
1.224072036743164062e+02
7.650773620605468750e+01
1.112464065551757812e+02
1.421212310791015625e+02
8.488732910156250000e+01
9.789761352539062500e+01
1.273331146240234375e+02
7.971337890625000000e+01
1.056723175048828125e+02
1.360795898437500000e+02
8.226383972167968750e+01
1.000666961669921875e+02
1.299499816894531250e+02
8.111733245849609375e+01
9.802145385742187500e+01
1.267279510498046875e+02
7.871028900146484375e+01
1.009279174804687500e+02
1.303129577636718750e+02
8.179354858398437500e+01
9.124826049804687500e+01
1.179159545898437500e+02
7.415057373046875000e+01
1.010125427246093750e+02
1.264248809814453125e+02
7.860279846191406250e+01
9.883325195312500000e+01
1.206218795776367188e+02
7.431713867187500000e+01
1.126683883666992188e+02
1.353721618652343750e+02
8.108843994140625000e+01
1.078510208129882812e+02
1.388219757080078125e+02
8.236773681640625000e+01
1.162653503417968750e+02
1.485743255615234375e+02
8.419960784912109375e+01
1.345519714355468750e+02
1.709299774169921875e+02
9.496504211425781250e+01
1.495862884521484375e+02
1.970235443115234375e+02
1.113272399902343750e+02
1.423165588378906250e+02
1.929658660888671875e+02
1.083853683471679688e+02
1.552275695800781250e+02
2.178483581542968750e+02
1.318550415039062500e+02
1.325863494873046875e+02
1.892237548828125000e+02
1.218462219238281250e+02
1.046253814697265625e+02
1.456809844970703125e+02
9.962922668457031250e+01
1.074651184082031250e+02
1.413513793945312500e+02
8.871288299560546875e+01
9.905392456054687500e+01
1.268279724121093750e+02
8.087507629394531250e+01
1.112402648925781250e+02
1.394783325195312500e+02
8.409239196777343750e+01
1.053677749633789062e+02
1.374112091064453125e+02
8.735566711425781250e+01
1.044440078735351562e+02
1.324571075439453125e+02
8.290735626220703125e+01
9.948579406738281250e+01
1.256881027221679688e+02
7.843145751953125000e+01
1.049424972534179688e+02
1.327094421386718750e+02
8.293811798095703125e+01
1.015293426513671875e+02
1.284931640625000000e+02
8.094419097900390625e+01
1.040924301147460938e+02
1.334718322753906250e+02
8.295762634277343750e+01
9.945825195312500000e+01
1.291213684082031250e+02
8.267056274414062500e+01
9.375273132324218750e+01
1.204410247802734375e+02
7.681702423095703125e+01
9.091122436523437500e+01
1.183605346679687500e+02
7.775159454345703125e+01
8.767441558837890625e+01
1.139096221923828125e+02
7.352268981933593750e+01
9.120466613769531250e+01
1.157829742431640625e+02
7.492393493652343750e+01
8.803138732910156250e+01
1.133394317626953125e+02
7.185757446289062500e+01
9.082984924316406250e+01
1.168519973754882812e+02
7.563569641113281250e+01
8.500630187988281250e+01
1.100566177368164062e+02
7.101549530029296875e+01
9.099078369140625000e+01
1.158566284179687500e+02
7.405647277832031250e+01
8.483076477050781250e+01
1.098549957275390625e+02
7.020231628417968750e+01
9.235058593750000000e+01
1.213844528198242188e+02
7.781278991699218750e+01
8.112557983398437500e+01
1.036041259765625000e+02
6.682214355468750000e+01
9.301848602294921875e+01
1.178035964965820312e+02
7.519964599609375000e+01
8.707627868652343750e+01
1.113712081909179688e+02
7.068325042724609375e+01
8.812522888183593750e+01
1.112937011718750000e+02
7.098658752441406250e+01
9.300157928466796875e+01
1.194003906250000000e+02
7.286660003662109375e+01
9.424333190917968750e+01
1.223581542968750000e+02
7.720454406738281250e+01
9.048605346679687500e+01
1.142631225585937500e+02
7.144833374023437500e+01
1.020961761474609375e+02
1.249146804809570312e+02
7.671987152099609375e+01
1.011461868286132812e+02
1.217264785766601562e+02
7.367670440673828125e+01
1.038795013427734375e+02
1.316320648193359375e+02
7.915893554687500000e+01
1.018806152343750000e+02
1.302038574218750000e+02
7.859130859375000000e+01
1.053756866455078125e+02
1.342516937255859375e+02
8.150410461425781250e+01
1.000025100708007812e+02
1.286520385742187500e+02
7.759323120117187500e+01
1.012724761962890625e+02
1.291558380126953125e+02
7.751515197753906250e+01
1.107958831787109375e+02
1.414640197753906250e+02
8.485206604003906250e+01
9.757257080078125000e+01
1.270232543945312500e+02
7.789958190917968750e+01
1.047698211669921875e+02
1.360213775634765625e+02
8.217718505859375000e+01
9.499472045898437500e+01
1.265480651855468750e+02
7.923416137695312500e+01
9.257321166992187500e+01
1.215282287597656250e+02
7.626647186279296875e+01
8.958361816406250000e+01
1.168984375000000000e+02
7.475917053222656250e+01
8.690343475341796875e+01
1.127869110107421875e+02
7.186837768554687500e+01
8.470996856689453125e+01
1.089506530761718750e+02
7.045072937011718750e+01
8.975428771972656250e+01
1.140673217773437500e+02
7.119957733154296875e+01
8.481085205078125000e+01
1.085944824218750000e+02
7.030145263671875000e+01
9.189572906494140625e+01
1.155529861450195312e+02
7.127989196777343750e+01
8.940959930419921875e+01
1.140824584960937500e+02
7.114291381835937500e+01
9.751480865478515625e+01
1.233532104492187500e+02
7.396204376220703125e+01
9.384437561035156250e+01
1.200038223266601562e+02
7.354374694824218750e+01
1.000406494140625000e+02
1.281030120849609375e+02
7.758447265625000000e+01
9.509963989257812500e+01
1.227834854125976562e+02
7.533689880371093750e+01
9.384058380126953125e+01
1.223706436157226562e+02
7.587152099609375000e+01
9.595796966552734375e+01
1.236022644042968750e+02
7.651441192626953125e+01
8.779100036621093750e+01
1.157187500000000000e+02
7.295695495605468750e+01
9.165149688720703125e+01
1.175395355224609375e+02
7.416127014160156250e+01
8.520941162109375000e+01
1.098447952270507812e+02
6.876264953613281250e+01
9.263087463378906250e+01
1.183229675292968750e+02
7.429289245605468750e+01
8.481800079345703125e+01
1.094126586914062500e+02
6.915000152587890625e+01
8.985932922363281250e+01
1.141033477783203125e+02
7.156393432617187500e+01
9.070320129394531250e+01
1.160226669311523438e+02
7.143538665771484375e+01
9.294343566894531250e+01
1.174636154174804688e+02
7.304568481445312500e+01
9.076490020751953125e+01
1.172447814941406250e+02
7.265106201171875000e+01
9.357543182373046875e+01
1.184491806030273438e+02
7.218125915527343750e+01
9.524526214599609375e+01
1.218846206665039062e+02
7.261705017089843750e+01
9.914871978759765625e+01
1.259372253417968750e+02
7.544264221191406250e+01
9.953034973144531250e+01
1.294587249755859375e+02
7.627474212646484375e+01
9.671168518066406250e+01
1.248041381835937500e+02
7.555772399902343750e+01
1.002837677001953125e+02
1.313262023925781250e+02
7.752342224121093750e+01
9.391763305664062500e+01
1.226237106323242188e+02
7.539073181152343750e+01
9.553111267089843750e+01
1.245993957519531250e+02
7.553240203857421875e+01
8.901905822753906250e+01
1.166574554443359375e+02
7.471975708007812500e+01
8.892565155029296875e+01
1.159346008300781250e+02
7.112647247314453125e+01
8.713662719726562500e+01
1.135663681030273438e+02
7.270657348632812500e+01
8.764204406738281250e+01
1.123480377197265625e+02
6.829852294921875000e+01
8.859801483154296875e+01
1.134336776733398438e+02
7.204077148437500000e+01
8.769950103759765625e+01
1.122741851806640625e+02
6.829106903076171875e+01
9.149653625488281250e+01
1.162479248046875000e+02
7.248473358154296875e+01
8.984376525878906250e+01
1.134275360107421875e+02
6.840642547607421875e+01
9.695142364501953125e+01
1.238277587890625000e+02
7.623509216308593750e+01
9.972447204589843750e+01
1.354199218750000000e+02
7.984451293945312500e+01
1.036826477050781250e+02
1.381998901367187500e+02
8.270290374755859375e+01
1.247184753417968750e+02
1.669031066894531250e+02
9.516406250000000000e+01
1.157991485595703125e+02
1.563860473632812500e+02
9.130134582519531250e+01
1.230305633544921875e+02
1.686773681640625000e+02
1.043041534423828125e+02
1.245231628417968750e+02
1.689176330566406250e+02
1.066215515136718750e+02
9.157334899902343750e+01
1.254391555786132812e+02
8.634027862548828125e+01
1.043902740478515625e+02
1.393448486328125000e+02
8.740100860595703125e+01
8.725923156738281250e+01
1.130241241455078125e+02
6.992157745361328125e+01
9.992080688476562500e+01
1.291438598632812500e+02
8.239253234863281250e+01
8.604736328125000000e+01
1.125970687866210938e+02
7.043208312988281250e+01
9.801307678222656250e+01
1.229243621826171875e+02
7.581467437744140625e+01
9.033286285400390625e+01
1.179674758911132812e+02
7.286396789550781250e+01
9.853237915039062500e+01
1.251122741699218750e+02
7.713819885253906250e+01
8.832215881347656250e+01
1.078765106201171875e+02
6.763805389404296875e+01
1.064535827636718750e+02
1.347050628662109375e+02
7.995700073242187500e+01
9.326316833496093750e+01
1.205378723144531250e+02
7.432583618164062500e+01
1.017675094604492188e+02
1.295515441894531250e+02
7.790935516357421875e+01
9.602285766601562500e+01
1.260969772338867188e+02
7.920578765869140625e+01
8.853318786621093750e+01
1.139301757812500000e+02
7.117608642578125000e+01
8.904170227050781250e+01
1.151946945190429688e+02
7.249588012695312500e+01
8.702927398681640625e+01
1.134512329101562500e+02
7.187464141845703125e+01
8.787280273437500000e+01
1.114542465209960938e+02
7.056413269042968750e+01
8.521757507324218750e+01
1.110871276855468750e+02
6.895680236816406250e+01
8.735679626464843750e+01
1.130084228515625000e+02
7.162078857421875000e+01
8.093989562988281250e+01
1.047787170410156250e+02
6.598452758789062500e+01
8.692259216308593750e+01
1.102538146972656250e+02
6.966317749023437500e+01
8.390429687500000000e+01
1.059757232666015625e+02
6.562954711914062500e+01
8.883228302001953125e+01
1.135511474609375000e+02
7.040147399902343750e+01
8.930323791503906250e+01
1.133296279907226562e+02
6.992692565917968750e+01
8.905670166015625000e+01
1.086310577392578125e+02
6.585208892822265625e+01
1.025123214721679688e+02
1.231408157348632812e+02
7.308055877685546875e+01
8.975183105468750000e+01
1.169006652832031250e+02
7.155975341796875000e+01
8.977630615234375000e+01
1.167171783447265625e+02
7.202155303955078125e+01
9.203306579589843750e+01
1.153003616333007812e+02
7.065280151367187500e+01
8.606688690185546875e+01
1.100001983642578125e+02
7.027702331542968750e+01
8.651506042480468750e+01
1.083357162475585938e+02
6.745184326171875000e+01
9.526394653320312500e+01
1.113895721435546875e+02
6.807405090332031250e+01
9.388282775878906250e+01
1.187893524169921875e+02
7.188992309570312500e+01
9.715994262695312500e+01
1.215422210693359375e+02
7.395207977294921875e+01
9.333894348144531250e+01
1.150413665771484375e+02
6.909648895263671875e+01
1.077347946166992188e+02
1.397928161621093750e+02
8.547248840332031250e+01
8.569989776611328125e+01
1.090612716674804688e+02
6.775338745117187500e+01
1.025187683105468750e+02
1.284751129150390625e+02
7.661031341552734375e+01
1.068164062500000000e+02
1.365031433105468750e+02
8.275460815429687500e+01
9.239045715332031250e+01
1.211417694091796875e+02
7.300862121582031250e+01
9.726545715332031250e+01
1.250755081176757812e+02
7.610186767578125000e+01
9.398384857177734375e+01
1.223219757080078125e+02
7.376103210449218750e+01
9.322842407226562500e+01
1.198392562866210938e+02
7.404050445556640625e+01
8.875936126708984375e+01
1.145167465209960938e+02
6.981212615966796875e+01
9.694342041015625000e+01
1.227642669677734375e+02
7.604495239257812500e+01
8.566970062255859375e+01
1.104603347778320312e+02
6.820351409912109375e+01
9.157435607910156250e+01
1.173120422363281250e+02
7.222825622558593750e+01
8.941266632080078125e+01
1.146882781982421875e+02
6.988085937500000000e+01
9.294458007812500000e+01
1.218758697509765625e+02
7.577661132812500000e+01
9.120580291748046875e+01
1.213435516357421875e+02
7.397216796875000000e+01
9.726840972900390625e+01
1.301372375488281250e+02
7.959311676025390625e+01
1.024861145019531250e+02
1.366080474853515625e+02
8.583185577392578125e+01
1.071771850585937500e+02
1.407310943603515625e+02
8.109425354003906250e+01
9.897771453857421875e+01
1.326079711914062500e+02
8.052125549316406250e+01
9.629103851318359375e+01
1.277657012939453125e+02
7.850507354736328125e+01
8.706127166748046875e+01
1.148853454589843750e+02
7.226831054687500000e+01
8.611576843261718750e+01
1.121960830688476562e+02
7.008244323730468750e+01
8.816969299316406250e+01
1.134822845458984375e+02
7.133298492431640625e+01
7.844917297363281250e+01
1.020558853149414062e+02
6.426052856445312500e+01
8.969506072998046875e+01
1.142930145263671875e+02
7.135457611083984375e+01
7.970848083496093750e+01
1.040639648437500000e+02
6.534703063964843750e+01
8.437580871582031250e+01
1.093888854980468750e+02
6.924963378906250000e+01
7.839091491699218750e+01
1.015702667236328125e+02
6.425225067138671875e+01
8.191210174560546875e+01
1.054612579345703125e+02
6.692122650146484375e+01
7.864302825927734375e+01
1.014576568603515625e+02
6.325206375122070312e+01
8.209642791748046875e+01
1.052003173828125000e+02
6.691236877441406250e+01
7.795535278320312500e+01
1.003608093261718750e+02
6.334164047241210938e+01
8.134138488769531250e+01
1.041740570068359375e+02
6.653521728515625000e+01
7.876629638671875000e+01
1.000875244140625000e+02
6.221292877197265625e+01
8.407989501953125000e+01
1.078163604736328125e+02
6.698351287841796875e+01
8.373195648193359375e+01
1.065680770874023438e+02
6.533746337890625000e+01
8.294436645507812500e+01
1.064441757202148438e+02
6.705413818359375000e+01
8.565699768066406250e+01
1.097675552368164062e+02
6.675880432128906250e+01
8.183618164062500000e+01
1.068618927001953125e+02
6.700244140625000000e+01
8.412155151367187500e+01
1.089185638427734375e+02
6.620315551757812500e+01
8.191410827636718750e+01
1.075675659179687500e+02
6.798225402832031250e+01
7.969635009765625000e+01
1.039346466064453125e+02
6.355970764160156250e+01
7.943653106689453125e+01
1.040292510986328125e+02
6.555705261230468750e+01
7.860382080078125000e+01
1.026537322998046875e+02
6.305611419677734375e+01
7.710054016113281250e+01
1.010136871337890625e+02
6.404862213134765625e+01
7.958277893066406250e+01
1.019017868041992188e+02
6.185179138183593750e+01
7.926896667480468750e+01
1.025790100097656250e+02
6.427609252929687500e+01
8.308474731445312500e+01
1.061608581542968750e+02
6.401464080810546875e+01
8.163249969482421875e+01
1.053755950927734375e+02
6.486151885986328125e+01
8.434727478027343750e+01
1.084413909912109375e+02
6.531423950195312500e+01
8.245635986328125000e+01
1.067048492431640625e+02
6.519382476806640625e+01
8.699144744873046875e+01
1.129020385742187500e+02
6.739298248291015625e+01
8.272232818603515625e+01
1.069653778076171875e+02
6.560409545898437500e+01
8.591247558593750000e+01
1.109054870605468750e+02
6.530862426757812500e+01
8.682005310058593750e+01
1.109856262207031250e+02
6.709600067138671875e+01
9.132957458496093750e+01
1.181772537231445312e+02
6.778146362304687500e+01
8.966160583496093750e+01
1.161436614990234375e+02
6.917343139648437500e+01
9.334641265869140625e+01
1.207366638183593750e+02
6.937547302246093750e+01
9.105805969238281250e+01
1.194635467529296875e+02
7.199968719482421875e+01
8.954762268066406250e+01
1.172204971313476562e+02
6.823273468017578125e+01
8.896005249023437500e+01
1.162450561523437500e+02
7.143931579589843750e+01
8.547715759277343750e+01
1.120297393798828125e+02
6.632261657714843750e+01
8.676595306396484375e+01
1.125775299072265625e+02
7.049871826171875000e+01
8.180659484863281250e+01
1.030027465820312500e+02
6.238293457031250000e+01
8.881063079833984375e+01
1.106334838867187500e+02
6.751367950439453125e+01
9.183546447753906250e+01
1.114697113037109375e+02
6.518916320800781250e+01
9.411166381835937500e+01
1.146272506713867188e+02
6.703004455566406250e+01
1.035088958740234375e+02
1.285722961425781250e+02
7.264901733398437500e+01
1.023842010498046875e+02
1.267586975097656250e+02
7.288604736328125000e+01
1.008816833496093750e+02
1.269178848266601562e+02
7.181162261962890625e+01
1.033897552490234375e+02
1.313873291015625000e+02
7.609520721435546875e+01
9.554194641113281250e+01
1.206337585449218750e+02
6.897010803222656250e+01
9.412831115722656250e+01
1.249009170532226562e+02
7.606585693359375000e+01
8.908410644531250000e+01
1.203973999023437500e+02
7.185216522216796875e+01
9.820271301269531250e+01
1.303832092285156250e+02
7.717690277099609375e+01
1.056573028564453125e+02
1.397854614257812500e+02
8.441548156738281250e+01
1.089473953247070312e+02
1.461450500488281250e+02
8.606695556640625000e+01
9.779682922363281250e+01
1.332687530517578125e+02
8.350955963134765625e+01
1.023358612060546875e+02
1.383901672363281250e+02
8.421452331542968750e+01
8.715870666503906250e+01
1.164951248168945312e+02
6.868286132812500000e+01
9.097421264648437500e+01
1.214996795654296875e+02
7.765377807617187500e+01
7.876998901367187500e+01
1.042414093017578125e+02
6.421936035156250000e+01
8.174612426757812500e+01
1.075682220458984375e+02
6.710174560546875000e+01
8.265181732177734375e+01
1.056222381591796875e+02
6.424079895019531250e+01
7.973056793212890625e+01
1.033826980590820312e+02
6.367567062377929688e+01
8.867214965820312500e+01
1.133390350341796875e+02
6.696051025390625000e+01
8.160066223144531250e+01
1.068738403320312500e+02
6.561177825927734375e+01
8.728005981445312500e+01
1.121290588378906250e+02
6.627615356445312500e+01
8.500878906250000000e+01
1.104119262695312500e+02
6.668434143066406250e+01
8.535639953613281250e+01
1.104297485351562500e+02
6.609073638916015625e+01
8.727716064453125000e+01
1.127391052246093750e+02
6.716381835937500000e+01
8.682396697998046875e+01
1.124929656982421875e+02
1.094755500000000000e+06
1.060069875000000000e+06
9.589111250000000000e+05
7.944772500000000000e+05
5.654341250000000000e+05
3.574180625000000000e+05
2.565834375000000000e+05
2.465275312500000000e+05
2.274414375000000000e+05
1.751929375000000000e+05
1.303667187500000000e+05
1.418047500000000000e+05
1.065292265625000000e+05
8.973686718750000000e+04
8.731852343750000000e+04
6.156700390625000000e+04
6.684419531250000000e+04
5.392227734375000000e+04
4.861125000000000000e+04
4.371623046875000000e+04
4.439198828125000000e+04
3.891018359375000000e+04
3.652786718750000000e+04
3.344075000000000000e+04
3.161651562500000000e+04
3.142677734375000000e+04
2.671938281250000000e+04
2.573707812500000000e+04
2.691574609375000000e+04
2.575210742187500000e+04
2.421671484375000000e+04
2.431331640625000000e+04
2.130676562500000000e+04
2.167905468750000000e+04
2.111461523437500000e+04
1.992080468750000000e+04
2.094187109375000000e+04
1.924917187500000000e+04
1.894801757812500000e+04
1.944602343750000000e+04
1.859652734375000000e+04
1.819840039062500000e+04
1.597980468750000000e+04
1.729467578125000000e+04
1.646789453125000000e+04
1.669445703125000000e+04
1.641712500000000000e+04
1.634849511718750000e+04
1.586742382812500000e+04
1.588213281250000000e+04
1.685898046875000000e+04
1.689761718750000000e+04
1.526519140625000000e+04
1.537735156250000000e+04
1.559621875000000000e+04
1.511200781250000000e+04
1.506211718750000000e+04
1.517077832031250000e+04
1.510040039062500000e+04
1.430794726562500000e+04
1.475474902343750000e+04
1.438659179687500000e+04
1.424333007812500000e+04
1.467611328125000000e+04
1.318830859375000000e+04
1.338196484375000000e+04
1.379542578125000000e+04
1.330967578125000000e+04
1.290312304687500000e+04
1.317389355468750000e+04
1.289459082031250000e+04
1.277926562500000000e+04
1.234249804687500000e+04
1.296175781250000000e+04
1.245282519531250000e+04
1.233611230468750000e+04
1.196767968750000000e+04
1.215224609375000000e+04
1.270143359375000000e+04
1.183185742187500000e+04
1.155182519531250000e+04
1.205341796875000000e+04
1.169717578125000000e+04
1.162372656250000000e+04
1.196117089843750000e+04
1.157098925781250000e+04
1.138764062500000000e+04
1.134205761718750000e+04
1.106188476562500000e+04
1.175286328125000000e+04
1.183357421875000000e+04
1.104147265625000000e+04
1.146336718750000000e+04
1.167718945312500000e+04
1.082814257812500000e+04
1.127937304687500000e+04
1.067020214843750000e+04
1.097980078125000000e+04
1.086014062500000000e+04
1.163372070312500000e+04
1.141458300781250000e+04
1.142989062500000000e+04
1.093402246093750000e+04
1.098488964843750000e+04
1.079162500000000000e+04
1.094851367187500000e+04
1.134535546875000000e+04
1.108622656250000000e+04
1.085207128906250000e+04
1.086694726562500000e+04
1.058124609375000000e+04
1.124356347656250000e+04
1.061374511718750000e+04
1.120923437500000000e+04
1.040860253906250000e+04
1.038929492187500000e+04
1.131375390625000000e+04
1.105407421875000000e+04
1.030864453125000000e+04
9.899113281250000000e+03
1.080262988281250000e+04
1.056098535156250000e+04
1.016122656250000000e+04
1.125518457031250000e+04
1.066017187500000000e+04
1.055368750000000000e+04
1.018626269531250000e+04
1.032153710937500000e+04
9.862656250000000000e+03
1.042750390625000000e+04
1.054615136718750000e+04
1.005897070312500000e+04
1.001865429687500000e+04
9.978336914062500000e+03
1.055626953125000000e+04
9.787325195312500000e+03
9.841943359375000000e+03
1.003452246093750000e+04
1.004713574218750000e+04
9.448992187500000000e+03
1.040523632812500000e+04
9.992500000000000000e+03
1.045387890625000000e+04
9.506597656250000000e+03
9.715606445312500000e+03
1.004613671875000000e+04
1.016128027343750000e+04
9.590269531250000000e+03
9.561377929687500000e+03
9.707059570312500000e+03
9.455437500000000000e+03
9.545999023437500000e+03
9.702944335937500000e+03
9.824807617187500000e+03
9.458434570312500000e+03
9.567822265625000000e+03
9.807794921875000000e+03
9.931511718750000000e+03
9.940840820312500000e+03
1.020448242187500000e+04
9.219429687500000000e+03
9.748310546875000000e+03
9.525722656250000000e+03
9.587556640625000000e+03
9.634395507812500000e+03
9.327513671875000000e+03
9.393578125000000000e+03
9.209434570312500000e+03
9.786115234375000000e+03
9.250357421875000000e+03
9.579152343750000000e+03
9.209726562500000000e+03
9.083515625000000000e+03
8.995349609375000000e+03
9.142783203125000000e+03
9.014267578125000000e+03
9.094533203125000000e+03
9.395273437500000000e+03
9.252867187500000000e+03
9.453347656250000000e+03
9.287192382812500000e+03
9.775083984375000000e+03
9.693655273437500000e+03
9.239840820312500000e+03
9.164317382812500000e+03
9.269021484375000000e+03
9.499693359375000000e+03
8.911320312500000000e+03
9.290661132812500000e+03
9.131559570312500000e+03
9.263057617187500000e+03
9.038213867187500000e+03
9.687975585937500000e+03
9.129212890625000000e+03
9.142503906250000000e+03
9.510884765625000000e+03
8.960498046875000000e+03
9.162626953125000000e+03
9.275794921875000000e+03
8.972903320312500000e+03
8.581367187500000000e+03
8.875750000000000000e+03
9.224044921875000000e+03
9.438438476562500000e+03
9.131048828125000000e+03
8.790345703125000000e+03
8.852017578125000000e+03
9.067673828125000000e+03
8.596646484375000000e+03
9.131447265625000000e+03
9.152038085937500000e+03
9.267529296875000000e+03
8.769939453125000000e+03
8.841684570312500000e+03
9.174871093750000000e+03
8.683878906250000000e+03
9.054544921875000000e+03
8.898626953125000000e+03
8.584284179687500000e+03
8.522483398437500000e+03
9.203249023437500000e+03
8.602226562500000000e+03
8.531119140625000000e+03
8.946546875000000000e+03
9.177275390625000000e+03
9.149212890625000000e+03
8.811447265625000000e+03
9.524843750000000000e+03
9.254392578125000000e+03
9.119879882812500000e+03
8.914019531250000000e+03
9.283847656250000000e+03
9.172496093750000000e+03
8.611339843750000000e+03
8.761457031250000000e+03
8.914592773437500000e+03
9.328410156250000000e+03
9.467003906250000000e+03
9.395607421875000000e+03
9.348896484375000000e+03
9.006917968750000000e+03
8.991082031250000000e+03
9.557156250000000000e+03
9.023580078125000000e+03
9.582630859375000000e+03
8.915484375000000000e+03
8.914590820312500000e+03
9.027470703125000000e+03
8.813539062500000000e+03
8.693072265625000000e+03
8.910285156250000000e+03
9.129452148437500000e+03
8.727123046875000000e+03
8.995806640625000000e+03
8.565761718750000000e+03
8.955892578125000000e+03
8.690572265625000000e+03
8.585813476562500000e+03
8.414531250000000000e+03
8.683007812500000000e+03
8.893408203125000000e+03
8.958744140625000000e+03
8.642716796875000000e+03
8.934626953125000000e+03
8.886720703125000000e+03
8.416207031250000000e+03
8.391757812500000000e+03
8.798251953125000000e+03
8.929346679687500000e+03
8.374472656250000000e+03
8.914273437500000000e+03
8.451535156250000000e+03
8.662907226562500000e+03
9.084187500000000000e+03
8.452191406250000000e+03
8.430125000000000000e+03
8.857052734375000000e+03
8.578976562500000000e+03
8.336632812500000000e+03
8.391686523437500000e+03
8.336744140625000000e+03
8.458043945312500000e+03
8.532007812500000000e+03
8.636201171875000000e+03
8.153637207031250000e+03
8.983773437500000000e+03
8.452989257812500000e+03
8.120222656250000000e+03
8.727146484375000000e+03
8.676691406250000000e+03
8.507135742187500000e+03
8.612464843750000000e+03
8.832421875000000000e+03
8.529149414062500000e+03
8.488857421875000000e+03
8.474438476562500000e+03
8.820898437500000000e+03
8.175363281250000000e+03
8.365362304687500000e+03
8.931973632812500000e+03
8.135864257812500000e+03
8.754986328125000000e+03
8.700462890625000000e+03
8.871003906250000000e+03
8.070353027343750000e+03
8.443218750000000000e+03
8.145867187500000000e+03
8.681853515625000000e+03
8.463375976562500000e+03
8.746380859375000000e+03
8.703300781250000000e+03
8.142727539062500000e+03
8.337038085937500000e+03
7.875941406250000000e+03
8.405025390625000000e+03
8.095005859375000000e+03
7.941924804687500000e+03
8.398414062500000000e+03
8.553156250000000000e+03
8.287620117187500000e+03
8.230916015625000000e+03
8.384269531250000000e+03
8.270307617187500000e+03
8.404887695312500000e+03
8.441240234375000000e+03
8.222681640625000000e+03
8.515574218750000000e+03
8.462246093750000000e+03
8.162742187500000000e+03
8.158319335937500000e+03
8.305095703125000000e+03
8.030634765625000000e+03
8.378811523437500000e+03
7.864459960937500000e+03
7.902204101562500000e+03
8.388256835937500000e+03
8.214727539062500000e+03
7.820757812500000000e+03
8.033132324218750000e+03
8.292123046875000000e+03
7.827895507812500000e+03
8.473852539062500000e+03
8.348583007812500000e+03
7.917464843750000000e+03
8.201718750000000000e+03
8.119902343750000000e+03
8.090514648437500000e+03
8.155717285156250000e+03
8.571367187500000000e+03
8.324320312500000000e+03
8.188854003906250000e+03
8.230261718750000000e+03
8.159603515625000000e+03
7.908197265625000000e+03
7.577397460937500000e+03
7.954969726562500000e+03
8.280425781250000000e+03
8.120465332031250000e+03
7.749316894531250000e+03
7.841044433593750000e+03
8.001053710937500000e+03
8.005212890625000000e+03
8.330651367187500000e+03
7.580666503906250000e+03
7.751890625000000000e+03
8.403626953125000000e+03
8.549197265625000000e+03
7.982098632812500000e+03
8.157859863281250000e+03
7.707836914062500000e+03
8.383060546875000000e+03
7.850391601562500000e+03
7.861117187500000000e+03
7.690172363281250000e+03
8.013291992187500000e+03
7.745598632812500000e+03
8.270457031250000000e+03
8.105743164062500000e+03
7.750641601562500000e+03
7.583551757812500000e+03
8.007737792968750000e+03
7.682454101562500000e+03
7.831601562500000000e+03
8.212935546875000000e+03
7.655447265625000000e+03
7.831939453125000000e+03
8.097635742187500000e+03
7.824134765625000000e+03
8.129404296875000000e+03
7.994753417968750000e+03
8.012698242187500000e+03
7.816290039062500000e+03
8.121346679687500000e+03
7.771141113281250000e+03
7.891447753906250000e+03
7.639599609375000000e+03
7.885548339843750000e+03
7.685812500000000000e+03
8.128583984375000000e+03
8.326047851562500000e+03
7.665783203125000000e+03
7.734139648437500000e+03
7.568931640625000000e+03
7.692615722656250000e+03
8.174829101562500000e+03
7.735084960937500000e+03
7.795000000000000000e+03
7.716624023437500000e+03
7.737346679687500000e+03
7.642326171875000000e+03
7.585572753906250000e+03
7.976987304687500000e+03
8.013341796875000000e+03
7.771781250000000000e+03
8.078111328125000000e+03
8.111555664062500000e+03
7.753192382812500000e+03
7.134877929687500000e+03
7.173386230468750000e+03
7.781912109375000000e+03
7.897314453125000000e+03
7.729621582031250000e+03
7.855478515625000000e+03
8.002628906250000000e+03
7.644338867187500000e+03
7.396595703125000000e+03
7.715593750000000000e+03
7.759566894531250000e+03
7.298628906250000000e+03
7.839406738281250000e+03
8.194570312500000000e+03
7.812780273437500000e+03
7.548836914062500000e+03
7.806402832031250000e+03
7.688920410156250000e+03
7.565788574218750000e+03
7.713239746093750000e+03
7.523907226562500000e+03
7.708168945312500000e+03
7.562629882812500000e+03
7.615863281250000000e+03
7.989054687500000000e+03
7.576276855468750000e+03
7.617799804687500000e+03
7.753643554687500000e+03
7.715831054687500000e+03
7.753184570312500000e+03
7.534741699218750000e+03
7.862881347656250000e+03
7.839795410156250000e+03
7.350798828125000000e+03
7.794765136718750000e+03
7.615630859375000000e+03
7.646725585937500000e+03
7.832179687500000000e+03
7.449011718750000000e+03
7.666137207031250000e+03
7.441593261718750000e+03
7.693065917968750000e+03
7.688166992187500000e+03
7.732671386718750000e+03
7.657266601562500000e+03
7.830998046875000000e+03
7.815185546875000000e+03
7.660502441406250000e+03
7.581211914062500000e+03
7.858794921875000000e+03
7.510235351562500000e+03
7.643019531250000000e+03
7.718328613281250000e+03
7.638167480468750000e+03
7.304666015625000000e+03
7.747241210937500000e+03
7.940402343750000000e+03
7.856082031250000000e+03
7.697485351562500000e+03
7.798189453125000000e+03
7.476480468750000000e+03
7.613766113281250000e+03
7.656441406250000000e+03
7.945424804687500000e+03
7.742407714843750000e+03
7.699981933593750000e+03
7.736421875000000000e+03
7.516377441406250000e+03
7.820102050781250000e+03
7.491879882812500000e+03
7.266390625000000000e+03
7.611663574218750000e+03
7.906532226562500000e+03
7.409048339843750000e+03
7.252830078125000000e+03
7.700979980468750000e+03
7.609022949218750000e+03
7.710435546875000000e+03
7.543965820312500000e+03
7.728382324218750000e+03
7.346977539062500000e+03
7.633160156250000000e+03
7.058294921875000000e+03
7.859794921875000000e+03
7.654038085937500000e+03
7.347938964843750000e+03
7.529859863281250000e+03
7.529361328125000000e+03
7.752769531250000000e+03
7.106632324218750000e+03
7.245975097656250000e+03
7.822545898437500000e+03
7.296261230468750000e+03
7.264722656250000000e+03
7.401846191406250000e+03
7.364452148437500000e+03
7.213809570312500000e+03
7.506602539062500000e+03
7.780178710937500000e+03
7.318409667968750000e+03
7.404798828125000000e+03
7.412949707031250000e+03
7.739815429687500000e+03
7.438884765625000000e+03
7.587734375000000000e+03
7.480736328125000000e+03
7.177127929687500000e+03
7.582964843750000000e+03
7.588734863281250000e+03
7.685988769531250000e+03
7.441905273437500000e+03
7.339788085937500000e+03
7.590209960937500000e+03
7.514061523437500000e+03
7.327660156250000000e+03
7.478914062500000000e+03
7.449632324218750000e+03
7.128016601562500000e+03
7.687750000000000000e+03
7.358255859375000000e+03
7.269504882812500000e+03
7.655102539062500000e+03
7.781954101562500000e+03
7.747521484375000000e+03
7.319599609375000000e+03
7.360370117187500000e+03
7.583686523437500000e+03
7.414319335937500000e+03
7.604162109375000000e+03
7.300446777343750000e+03
7.688695312500000000e+03
7.619987304687500000e+03
7.471861328125000000e+03
7.806491210937500000e+03
7.041552734375000000e+03
7.294385742187500000e+03
7.296994628906250000e+03
7.561777343750000000e+03
7.382634765625000000e+03
7.625438476562500000e+03
7.379140625000000000e+03
7.549800781250000000e+03
7.028383789062500000e+03
7.304634765625000000e+03
7.305207031250000000e+03
7.411059570312500000e+03
7.173395507812500000e+03
7.281252929687500000e+03
7.149917480468750000e+03
7.114254394531250000e+03
7.208352050781250000e+03
7.355637695312500000e+03
7.271648437500000000e+03
7.161771484375000000e+03
7.240391113281250000e+03
6.881272460937500000e+03
7.467772949218750000e+03
7.361833007812500000e+03
7.501319824218750000e+03
7.461509765625000000e+03
7.468757812500000000e+03
7.561913085937500000e+03
7.282899414062500000e+03
7.379924804687500000e+03
7.299286132812500000e+03
7.145891601562500000e+03
7.590991210937500000e+03
7.283482421875000000e+03
7.171683105468750000e+03
7.293997070312500000e+03
7.212399414062500000e+03
7.447292480468750000e+03
7.399854980468750000e+03
7.076018554687500000e+03
7.712437011718750000e+03
7.241659667968750000e+03
7.455436035156250000e+03
7.385145507812500000e+03
7.365004882812500000e+03
7.392108398437500000e+03
7.257306640625000000e+03
7.211029296875000000e+03
7.409803222656250000e+03
7.305987304687500000e+03
7.098029296875000000e+03
7.339079101562500000e+03
7.079166992187500000e+03
7.347480468750000000e+03
7.073124511718750000e+03
7.693587890625000000e+03
7.091704101562500000e+03
7.216076660156250000e+03
7.325882812500000000e+03
7.522428710937500000e+03
7.245297363281250000e+03
7.386111328125000000e+03
7.090745605468750000e+03
7.201332519531250000e+03
7.186467773437500000e+03
7.652398437500000000e+03
7.106242675781250000e+03
7.352539062500000000e+03
7.327875976562500000e+03
7.235338867187500000e+03
7.105499023437500000e+03
7.493916015625000000e+03
7.163826171875000000e+03
7.267255859375000000e+03
7.240846679687500000e+03
7.432358398437500000e+03
7.356220214843750000e+03
7.135354492187500000e+03
7.239738769531250000e+03
7.614303222656250000e+03
7.410987304687500000e+03
7.098169921875000000e+03
7.461147460937500000e+03
7.599845703125000000e+03
7.455340820312500000e+03
7.213368164062500000e+03
7.638710449218750000e+03
7.525973632812500000e+03
7.316346679687500000e+03
7.100148437500000000e+03
7.503546875000000000e+03
7.280456054687500000e+03
7.282466308593750000e+03
7.208087402343750000e+03
7.107600097656250000e+03
7.608559570312500000e+03
6.945797851562500000e+03
7.521562500000000000e+03
7.138383789062500000e+03
7.546816406250000000e+03
7.098701171875000000e+03
7.164995605468750000e+03
7.767645507812500000e+03
7.170983886718750000e+03
7.231695800781250000e+03
7.468998046875000000e+03
7.176198242187500000e+03
7.218846679687500000e+03
7.369095703125000000e+03
7.152109863281250000e+03
7.229823242187500000e+03
7.261750000000000000e+03
7.535049804687500000e+03
7.304050781250000000e+03
7.166075195312500000e+03
7.649264648437500000e+03
7.180494628906250000e+03
7.231184082031250000e+03
7.193312988281250000e+03
7.399540039062500000e+03
7.504842285156250000e+03
7.528498535156250000e+03
7.494857421875000000e+03
7.328260742187500000e+03
7.519820312500000000e+03
7.181056640625000000e+03
7.137366699218750000e+03
6.757379394531250000e+03
7.311796386718750000e+03
7.386810058593750000e+03
7.165865234375000000e+03
7.185630859375000000e+03
7.105514648437500000e+03
7.112587890625000000e+03
7.594641113281250000e+03
7.084541503906250000e+03
7.143521484375000000e+03
7.482784667968750000e+03
7.377208496093750000e+03
7.115805664062500000e+03
7.158219726562500000e+03
7.121136718750000000e+03
7.217734375000000000e+03
7.348911132812500000e+03
7.144412597656250000e+03
7.191689941406250000e+03
7.018984375000000000e+03
7.131395507812500000e+03
7.135073730468750000e+03
7.139109863281250000e+03
7.367673339843750000e+03
7.423478515625000000e+03
7.111008789062500000e+03
7.195369628906250000e+03
6.931944335937500000e+03
7.172255859375000000e+03
7.209042968750000000e+03
7.076180664062500000e+03
7.194260742187500000e+03
7.076557128906250000e+03
7.352449218750000000e+03
7.176094726562500000e+03
7.061092773437500000e+03
7.175604492187500000e+03
6.955519042968750000e+03
7.342125488281250000e+03
7.159415527343750000e+03
7.079795898437500000e+03
6.930024414062500000e+03
7.123459960937500000e+03
7.162669433593750000e+03
7.025471191406250000e+03
6.946452636718750000e+03
7.132819335937500000e+03
6.982735351562500000e+03
7.063102539062500000e+03
7.291506835937500000e+03
7.534118164062500000e+03
7.342071289062500000e+03
7.073639160156250000e+03
7.376291015625000000e+03
7.262847167968750000e+03
7.550205078125000000e+03
7.105599121093750000e+03
7.135062500000000000e+03
7.276143554687500000e+03
7.347437500000000000e+03
6.939640136718750000e+03
7.286685546875000000e+03
7.266181640625000000e+03
7.424681152343750000e+03
7.380558593750000000e+03
6.905900878906250000e+03
7.086042968750000000e+03
7.110592285156250000e+03
7.129358886718750000e+03
7.140260253906250000e+03
6.994577148437500000e+03
7.262722167968750000e+03
7.447360839843750000e+03
7.219127929687500000e+03
7.242511230468750000e+03
7.072796875000000000e+03
7.372326171875000000e+03
7.124848632812500000e+03
7.072422851562500000e+03
7.191250976562500000e+03
7.099424316406250000e+03
7.236527832031250000e+03
7.182686035156250000e+03
6.974908691406250000e+03
7.251655273437500000e+03
7.029889160156250000e+03
7.489580078125000000e+03
6.929652832031250000e+03
7.000699218750000000e+03
7.177205566406250000e+03
7.284010742187500000e+03
7.133484375000000000e+03
6.845483398437500000e+03
7.153904785156250000e+03
7.095451171875000000e+03
7.018390136718750000e+03
7.316986816406250000e+03
7.307848632812500000e+03
7.545394531250000000e+03
7.157749023437500000e+03
6.981062011718750000e+03
7.093239746093750000e+03
6.981185058593750000e+03
6.779936523437500000e+03
6.958430664062500000e+03
6.955591796875000000e+03
7.262725585937500000e+03
7.239355468750000000e+03
7.277072265625000000e+03
7.389107421875000000e+03
6.923116699218750000e+03
7.429794921875000000e+03
7.137483398437500000e+03
7.264472656250000000e+03
7.334125000000000000e+03
7.063059570312500000e+03
7.166113281250000000e+03
7.288087402343750000e+03
6.887440429687500000e+03
7.122938476562500000e+03
7.002869140625000000e+03
7.001119140625000000e+03
7.427165039062500000e+03
6.928309570312500000e+03
7.021819335937500000e+03
7.253598632812500000e+03
7.027311523437500000e+03
7.066358398437500000e+03
7.050223632812500000e+03
7.361295898437500000e+03
7.139585449218750000e+03
7.055056640625000000e+03
7.374878906250000000e+03
7.241786621093750000e+03
6.874138671875000000e+03
7.170536132812500000e+03
7.062653320312500000e+03
7.384225097656250000e+03
7.482528808593750000e+03
7.052168945312500000e+03
7.053989746093750000e+03
7.419311035156250000e+03
7.076004394531250000e+03
7.159136718750000000e+03
7.234630859375000000e+03
7.422599609375000000e+03
6.821270507812500000e+03
6.995757812500000000e+03
6.930658203125000000e+03
7.059544433593750000e+03
7.243143066406250000e+03
7.066754882812500000e+03
6.969120605468750000e+03
7.136208007812500000e+03
7.252680664062500000e+03
6.996951171875000000e+03
7.183266113281250000e+03
7.552592773437500000e+03
7.276837402343750000e+03
7.232406738281250000e+03
7.320127929687500000e+03
7.214660156250000000e+03
7.013675781250000000e+03
6.809192382812500000e+03
6.992831054687500000e+03
7.009077148437500000e+03
7.093510253906250000e+03
7.350862304687500000e+03
7.030891601562500000e+03
7.137166015625000000e+03
6.838042968750000000e+03
7.003135742187500000e+03
7.259824707031250000e+03
7.137624023437500000e+03
7.328638183593750000e+03
7.046995605468750000e+03
7.245038085937500000e+03
7.167751953125000000e+03
6.908527343750000000e+03
7.398879882812500000e+03
7.144935546875000000e+03
6.849347167968750000e+03
6.889670410156250000e+03
7.089567382812500000e+03
7.002885253906250000e+03
7.013054199218750000e+03
7.182919921875000000e+03
7.041000976562500000e+03
6.920178710937500000e+03
7.372383789062500000e+03
7.066201660156250000e+03
7.335107910156250000e+03
7.118416992187500000e+03
6.876007324218750000e+03
7.444693359375000000e+03
7.113093750000000000e+03
6.717779785156250000e+03
7.321165039062500000e+03
7.171778808593750000e+03
7.212041503906250000e+03
6.998250976562500000e+03
7.266650878906250000e+03
6.845709960937500000e+03
7.130168945312500000e+03
7.127905273437500000e+03
7.059412597656250000e+03
7.173343750000000000e+03
7.216087890625000000e+03
7.227981445312500000e+03
6.790480468750000000e+03
6.997333007812500000e+03
7.405814453125000000e+03
7.103243164062500000e+03
7.049092773437500000e+03
6.932168945312500000e+03
6.832770507812500000e+03
6.933328613281250000e+03
7.165340820312500000e+03
7.322337890625000000e+03
7.185500000000000000e+03
6.825008300781250000e+03
6.869369140625000000e+03
6.991725097656250000e+03
6.902478515625000000e+03
7.125551269531250000e+03
6.909565917968750000e+03
6.885723632812500000e+03
6.654145019531250000e+03
7.224329101562500000e+03
7.054471679687500000e+03
7.162598632812500000e+03
6.674591796875000000e+03
7.385056152343750000e+03
7.276471191406250000e+03
6.781873046875000000e+03
7.143768554687500000e+03
7.386668945312500000e+03
7.117051757812500000e+03
6.855021972656250000e+03
7.036717773437500000e+03
6.846786621093750000e+03
6.719173339843750000e+03
7.137875976562500000e+03
7.184278808593750000e+03
6.925845214843750000e+03
7.218623535156250000e+03
6.684366210937500000e+03
7.220670898437500000e+03
6.918882812500000000e+03
6.996686523437500000e+03
7.295606445312500000e+03
7.066829101562500000e+03
6.856271484375000000e+03
6.683994140625000000e+03
7.260170898437500000e+03
6.756352539062500000e+03
6.949560058593750000e+03
7.231347656250000000e+03
6.943705078125000000e+03
6.803992187500000000e+03
6.991555664062500000e+03
6.815496093750000000e+03
6.985439453125000000e+03
7.091993652343750000e+03
6.788039062500000000e+03
6.825592773437500000e+03
7.230337890625000000e+03
6.874535156250000000e+03
6.888219238281250000e+03
6.850851562500000000e+03
6.967623046875000000e+03
6.802183593750000000e+03
6.941902343750000000e+03
7.055059570312500000e+03
6.929294921875000000e+03
7.002559570312500000e+03
6.896395996093750000e+03
6.997861816406250000e+03
6.918656250000000000e+03
6.990087890625000000e+03
7.167683593750000000e+03
6.938764648437500000e+03
6.994095703125000000e+03
6.892190429687500000e+03
6.838973144531250000e+03
6.911396484375000000e+03
6.863174804687500000e+03
6.692968750000000000e+03
7.033661621093750000e+03
7.184988281250000000e+03
7.071702148437500000e+03
6.911508789062500000e+03
6.982524414062500000e+03
6.931944335937500000e+03
6.646297851562500000e+03
7.176667968750000000e+03
7.199531250000000000e+03
7.199100097656250000e+03
6.776728515625000000e+03
6.778193359375000000e+03
6.979876464843750000e+03
7.121194824218750000e+03
7.010728515625000000e+03
6.946289062500000000e+03
6.873917480468750000e+03
6.991295898437500000e+03
6.977952148437500000e+03
6.978666503906250000e+03
6.856028320312500000e+03
6.926091796875000000e+03
7.084456054687500000e+03
7.152901367187500000e+03
7.049632812500000000e+03
6.631792968750000000e+03
6.947908203125000000e+03
6.673486328125000000e+03
7.110335937500000000e+03
6.807946289062500000e+03
7.271432617187500000e+03
6.885631347656250000e+03
7.075269531250000000e+03
6.911021484375000000e+03
7.170599609375000000e+03
7.049423828125000000e+03
6.644833984375000000e+03
6.793872558593750000e+03
7.145064941406250000e+03
7.150914550781250000e+03
6.987666015625000000e+03
6.948298339843750000e+03
7.015883300781250000e+03
7.144767089843750000e+03
7.058880859375000000e+03
6.881577636718750000e+03
6.953277343750000000e+03
6.995961914062500000e+03
7.159989746093750000e+03
6.824685546875000000e+03
6.953499023437500000e+03
7.090474609375000000e+03
6.834209960937500000e+03
6.694256835937500000e+03
6.633345214843750000e+03
7.021247558593750000e+03
7.150573242187500000e+03
7.147308105468750000e+03
7.067118652343750000e+03
7.097326660156250000e+03
6.604892089843750000e+03
6.996454101562500000e+03
6.948695312500000000e+03
7.121480957031250000e+03
6.846452148437500000e+03
7.295091796875000000e+03
6.750611328125000000e+03
7.127944335937500000e+03
6.933227539062500000e+03
7.117450195312500000e+03
6.926832031250000000e+03
7.106504882812500000e+03
6.943447265625000000e+03
7.164600585937500000e+03
6.909314453125000000e+03
6.679615234375000000e+03
7.107131835937500000e+03
6.947969238281250000e+03
6.902289062500000000e+03
7.079484375000000000e+03
7.132536621093750000e+03
6.903681152343750000e+03
6.979022460937500000e+03
6.862388183593750000e+03
6.965577148437500000e+03
7.185986328125000000e+03
7.092092773437500000e+03
7.097067382812500000e+03
7.025352539062500000e+03
7.034747070312500000e+03
6.954975585937500000e+03
7.197054199218750000e+03
7.119211425781250000e+03
6.861161621093750000e+03
6.690930664062500000e+03
7.031281738281250000e+03
6.719981933593750000e+03
6.739524414062500000e+03
7.359569824218750000e+03
7.191340820312500000e+03
6.631056640625000000e+03
7.076568847656250000e+03
6.810687500000000000e+03
6.857990234375000000e+03
7.123026367187500000e+03
7.074874511718750000e+03
6.828741210937500000e+03
6.766520507812500000e+03
7.119510253906250000e+03
6.700885253906250000e+03
6.927585449218750000e+03
6.978246582031250000e+03
6.873270507812500000e+03
7.023047851562500000e+03
7.211895507812500000e+03
6.909701171875000000e+03
7.387791992187500000e+03
7.240051269531250000e+03
7.054471679687500000e+03
6.873870605468750000e+03
6.920441894531250000e+03
6.936752929687500000e+03
7.057280273437500000e+03
6.969088867187500000e+03
6.600465820312500000e+03
6.672874023437500000e+03
7.039531250000000000e+03
7.070033203125000000e+03
6.906067382812500000e+03
7.112278320312500000e+03
7.090513671875000000e+03
6.685666015625000000e+03
6.850843750000000000e+03
7.113793945312500000e+03
7.337465820312500000e+03
6.848568359375000000e+03
6.782756835937500000e+03
7.056138671875000000e+03
6.756113281250000000e+03
6.909045898437500000e+03
6.827543945312500000e+03
6.940533203125000000e+03
7.104441406250000000e+03
7.408858886718750000e+03
6.956860839843750000e+03
6.922465332031250000e+03
6.866752929687500000e+03
7.150967773437500000e+03
6.975863281250000000e+03
6.946379882812500000e+03
7.176974609375000000e+03
6.924715820312500000e+03
7.075467773437500000e+03
6.900418945312500000e+03
6.820019531250000000e+03
6.919039062500000000e+03
6.754546875000000000e+03
6.839330078125000000e+03
6.937208984375000000e+03
7.120963867187500000e+03
6.940584472656250000e+03
7.177690429687500000e+03
7.273267578125000000e+03
6.934612304687500000e+03
6.837124023437500000e+03
6.996737304687500000e+03
7.226985351562500000e+03
7.162565429687500000e+03
6.912591308593750000e+03
7.058115234375000000e+03
6.889743164062500000e+03
7.030207031250000000e+03
7.508729492187500000e+03
6.978984375000000000e+03
7.013381835937500000e+03
6.731484375000000000e+03
6.986804687500000000e+03
6.589822753906250000e+03
6.746218750000000000e+03
6.975320312500000000e+03
7.189106445312500000e+03
7.365479980468750000e+03
6.835676757812500000e+03
6.791200195312500000e+03
6.910366210937500000e+03
6.804277343750000000e+03
6.883466796875000000e+03
6.935254882812500000e+03
6.867102539062500000e+03
6.901722656250000000e+03
6.906579101562500000e+03
6.658750976562500000e+03
6.960800781250000000e+03
6.837747070312500000e+03
7.169680175781250000e+03
7.069557128906250000e+03
6.797375000000000000e+03
7.027379882812500000e+03
6.909703613281250000e+03
6.521527343750000000e+03
6.836429199218750000e+03
6.820415039062500000e+03
6.808850585937500000e+03
6.901097167968750000e+03
6.866172851562500000e+03
6.700107421875000000e+03
7.116044921875000000e+03
6.979447265625000000e+03
6.796544921875000000e+03
6.906890625000000000e+03
6.527640625000000000e+03
6.877125000000000000e+03
6.773729980468750000e+03
6.822811035156250000e+03
6.824106933593750000e+03
7.139638671875000000e+03
6.683292968750000000e+03
7.029329101562500000e+03
6.617186523437500000e+03
6.743454101562500000e+03
6.729750000000000000e+03
6.946818359375000000e+03
7.027567382812500000e+03
7.126092773437500000e+03
6.654692382812500000e+03
6.901575195312500000e+03
6.923257812500000000e+03
6.950660644531250000e+03
7.188870117187500000e+03
7.381349609375000000e+03
6.869001953125000000e+03
7.353639160156250000e+03
6.617473632812500000e+03
7.050248046875000000e+03
6.640116699218750000e+03
7.072434570312500000e+03
6.964894531250000000e+03
6.925126464843750000e+03
6.966380371093750000e+03
6.695414062500000000e+03
6.747594726562500000e+03
6.992759277343750000e+03
6.807545898437500000e+03
6.733217773437500000e+03
6.936464843750000000e+03
6.964900878906250000e+03
6.750101562500000000e+03
6.825272460937500000e+03
7.064797851562500000e+03
6.876247070312500000e+03
6.906510742187500000e+03
6.796015625000000000e+03
6.850885742187500000e+03
7.027821289062500000e+03
6.800387695312500000e+03
6.935539550781250000e+03
6.918569335937500000e+03
6.954522949218750000e+03
6.924992187500000000e+03
7.148506347656250000e+03
7.196047363281250000e+03
6.777257812500000000e+03
7.180900878906250000e+03
7.135441894531250000e+03
6.944063964843750000e+03
6.776582519531250000e+03
6.852891601562500000e+03
7.101597656250000000e+03
7.042624023437500000e+03
6.927901367187500000e+03
6.871782226562500000e+03
7.158163574218750000e+03
6.816691406250000000e+03
7.032988281250000000e+03
6.947622070312500000e+03
6.781266601562500000e+03
6.697458007812500000e+03
6.821425781250000000e+03
7.161918945312500000e+03
6.697844726562500000e+03
7.119241210937500000e+03
6.801038085937500000e+03
6.733989746093750000e+03
6.796746093750000000e+03
6.756153320312500000e+03
6.775059570312500000e+03
6.605354492187500000e+03
7.027208984375000000e+03
6.886983398437500000e+03
7.087318847656250000e+03
6.668334960937500000e+03
7.052057128906250000e+03
6.894398437500000000e+03
6.922400390625000000e+03
7.311186035156250000e+03
6.717627929687500000e+03
6.823630371093750000e+03
6.949133300781250000e+03
7.146000000000000000e+03
7.009458984375000000e+03
6.877583984375000000e+03
6.996102539062500000e+03
6.651214843750000000e+03
6.814774414062500000e+03
6.724224609375000000e+03
6.639107910156250000e+03
6.729451171875000000e+03
6.983293457031250000e+03
7.161880859375000000e+03
6.819207031250000000e+03
7.161766601562500000e+03
7.005394531250000000e+03
6.789282226562500000e+03
6.888378906250000000e+03
7.014232421875000000e+03
6.728118164062500000e+03
6.918201171875000000e+03
6.891418945312500000e+03
6.749449707031250000e+03
6.883935058593750000e+03
6.877842773437500000e+03
7.006607910156250000e+03
6.862191406250000000e+03
7.054806640625000000e+03
7.166806640625000000e+03
6.744866210937500000e+03
6.914735839843750000e+03
6.800162109375000000e+03
6.999875000000000000e+03
6.720678710937500000e+03
6.727114257812500000e+03
6.840980957031250000e+03
6.910240722656250000e+03
6.885931640625000000e+03
7.056087890625000000e+03
7.140798339843750000e+03
7.086845703125000000e+03
6.762455566406250000e+03
6.698591796875000000e+03
6.920759277343750000e+03
6.768519531250000000e+03
6.916962890625000000e+03
6.984935546875000000e+03
6.885349609375000000e+03
6.872019042968750000e+03
6.982770507812500000e+03
6.822636718750000000e+03
6.903175292968750000e+03
6.635998535156250000e+03
6.695710449218750000e+03
6.902280273437500000e+03
6.767640625000000000e+03
7.069418945312500000e+03
7.184437500000000000e+03
6.637588867187500000e+03
6.917399414062500000e+03
6.829286621093750000e+03
6.626627929687500000e+03
7.026898437500000000e+03
7.101115234375000000e+03
7.119170410156250000e+03
7.007395996093750000e+03
6.799881835937500000e+03
7.254127441406250000e+03
7.059161132812500000e+03
7.331330078125000000e+03
6.887474609375000000e+03
7.067298828125000000e+03
6.693431640625000000e+03
6.901051269531250000e+03
7.011425292968750000e+03
7.012234375000000000e+03
6.879615722656250000e+03
6.933011718750000000e+03
6.772300781250000000e+03
7.085312988281250000e+03
7.009705078125000000e+03
6.739615722656250000e+03
7.000129394531250000e+03
6.683170898437500000e+03
6.805406250000000000e+03
6.839002441406250000e+03
7.090462890625000000e+03
6.728452148437500000e+03
7.083716308593750000e+03
7.055655761718750000e+03
6.806378906250000000e+03
6.963885742187500000e+03
7.115312500000000000e+03
7.034205078125000000e+03
6.985091308593750000e+03
7.076844726562500000e+03
6.787083007812500000e+03
6.900501953125000000e+03
6.901697265625000000e+03
6.516508789062500000e+03
6.801571289062500000e+03
7.021454101562500000e+03
6.866936523437500000e+03
6.561551757812500000e+03
6.605977050781250000e+03
7.079120117187500000e+03
6.855591796875000000e+03
6.878013183593750000e+03
7.027978515625000000e+03
7.058620605468750000e+03
6.716826171875000000e+03
6.917969726562500000e+03
6.998053222656250000e+03
6.819138183593750000e+03
6.930568847656250000e+03
6.693395507812500000e+03
7.024395507812500000e+03
6.603934082031250000e+03
7.372738281250000000e+03
6.952500976562500000e+03
7.312002441406250000e+03
7.185544921875000000e+03
6.816430664062500000e+03
6.768957031250000000e+03
6.907098144531250000e+03
7.125361816406250000e+03
7.087092773437500000e+03
6.576899414062500000e+03
7.016532226562500000e+03
6.754742187500000000e+03
6.952484375000000000e+03
6.653966308593750000e+03
7.126572265625000000e+03
6.886460937500000000e+03
6.847932128906250000e+03
7.143770507812500000e+03
6.882767578125000000e+03
7.304873535156250000e+03
6.822621093750000000e+03
6.937237304687500000e+03
7.037576660156250000e+03
6.795485351562500000e+03
7.006380859375000000e+03
6.999320800781250000e+03
7.190295410156250000e+03
6.810543457031250000e+03
6.693568359375000000e+03
6.804882324218750000e+03
7.415100585937500000e+03
6.636427734375000000e+03
6.995154296875000000e+03
7.024565429687500000e+03
6.710736328125000000e+03
6.841176269531250000e+03
6.693989257812500000e+03
6.763585937500000000e+03
6.913237304687500000e+03
7.049484375000000000e+03
6.668654296875000000e+03
7.072656250000000000e+03
6.956346191406250000e+03
6.815877929687500000e+03
7.033723144531250000e+03
6.995568359375000000e+03
6.985812500000000000e+03
6.663590332031250000e+03
6.720517089843750000e+03
6.730921386718750000e+03
6.662302246093750000e+03
7.271836914062500000e+03
6.820861328125000000e+03
6.665242675781250000e+03
6.826969726562500000e+03
7.153862304687500000e+03
7.009887207031250000e+03
6.693421386718750000e+03
6.922057617187500000e+03
6.688761718750000000e+03
6.742681152343750000e+03
6.823459472656250000e+03
6.986439453125000000e+03
6.957683105468750000e+03
6.796459960937500000e+03
7.034790039062500000e+03
6.972079589843750000e+03
6.659225097656250000e+03
7.036917968750000000e+03
7.014614257812500000e+03
6.912976562500000000e+03
7.033692871093750000e+03
6.808829101562500000e+03
7.041833496093750000e+03
6.672243652343750000e+03
6.989019531250000000e+03
7.177452148437500000e+03
6.672541015625000000e+03
6.777317382812500000e+03
6.969799804687500000e+03
6.881175781250000000e+03
6.889245605468750000e+03
6.782945312500000000e+03
7.163253906250000000e+03
6.889404785156250000e+03
6.782869140625000000e+03
6.701517089843750000e+03
7.059268554687500000e+03
6.724942382812500000e+03
7.002862304687500000e+03
6.799262695312500000e+03
6.843246093750000000e+03
6.875147460937500000e+03
7.126297851562500000e+03
6.773582519531250000e+03
6.739095703125000000e+03
6.947365722656250000e+03
6.701092773437500000e+03
7.033216308593750000e+03
7.009294433593750000e+03
7.117959960937500000e+03
6.940011718750000000e+03
6.816988281250000000e+03
6.751505859375000000e+03
7.064046386718750000e+03
6.705423339843750000e+03
6.687823730468750000e+03
6.718568847656250000e+03
6.955404296875000000e+03
6.944611816406250000e+03
6.730040527343750000e+03
6.819936523437500000e+03
6.760990722656250000e+03
7.211120117187500000e+03
6.792637695312500000e+03
6.630021484375000000e+03
7.060190429687500000e+03
7.210573242187500000e+03
7.056105468750000000e+03
6.881276367187500000e+03
7.088498046875000000e+03
6.650440429687500000e+03
6.794750976562500000e+03
7.063524414062500000e+03
7.003886230468750000e+03
7.238581054687500000e+03
7.239337890625000000e+03
6.711827148437500000e+03
7.107174804687500000e+03
6.975632324218750000e+03
7.099810058593750000e+03
7.006711425781250000e+03
6.773206054687500000e+03
6.619054687500000000e+03
7.027448730468750000e+03
7.066510742187500000e+03
6.777087402343750000e+03
6.809266601562500000e+03
6.949442382812500000e+03
7.002329101562500000e+03
6.842574218750000000e+03
7.126798828125000000e+03
7.110582031250000000e+03
7.004299804687500000e+03
7.193800781250000000e+03
6.927454589843750000e+03
7.168922363281250000e+03
7.096600097656250000e+03
6.809791015625000000e+03
6.704678710937500000e+03
6.772670898437500000e+03
6.881595703125000000e+03
6.787045410156250000e+03
6.861060546875000000e+03
6.693787597656250000e+03
6.334203125000000000e+03
6.986886230468750000e+03
6.988269531250000000e+03
6.697166503906250000e+03
6.855774902343750000e+03
6.834586914062500000e+03
6.715068359375000000e+03
6.923050292968750000e+03
6.616482421875000000e+03
6.700717773437500000e+03
6.788925781250000000e+03
6.603594726562500000e+03
6.490399902343750000e+03
6.588598632812500000e+03
7.453244628906250000e+03
6.895920898437500000e+03
6.872552246093750000e+03
7.141885742187500000e+03
6.978722656250000000e+03
6.821279296875000000e+03
6.822333984375000000e+03
6.820264160156250000e+03
7.255933593750000000e+03
7.231320800781250000e+03
6.969158691406250000e+03
6.889630371093750000e+03
6.953290527343750000e+03
7.179543945312500000e+03
7.048451171875000000e+03
6.837737792968750000e+03
6.836666015625000000e+03
7.019023437500000000e+03
6.911254882812500000e+03
7.338355468750000000e+03
6.565056640625000000e+03
6.956481445312500000e+03
7.159172851562500000e+03
6.829440917968750000e+03
6.951624023437500000e+03
6.891391113281250000e+03
6.980314453125000000e+03
6.736075195312500000e+03
6.919111328125000000e+03
6.926683593750000000e+03
6.898610351562500000e+03
6.796121093750000000e+03
6.801711914062500000e+03
6.680782226562500000e+03
7.160443359375000000e+03
6.822188964843750000e+03
6.592950195312500000e+03
6.748755859375000000e+03
6.683918457031250000e+03
6.673957519531250000e+03
6.794382812500000000e+03
6.990624023437500000e+03
6.981989257812500000e+03
6.938587402343750000e+03
6.601185546875000000e+03
6.473885742187500000e+03
6.739890625000000000e+03
7.082004394531250000e+03
6.843315429687500000e+03
6.720254394531250000e+03
7.031747558593750000e+03
6.911487304687500000e+03
6.455320312500000000e+03
7.336901367187500000e+03
6.819334472656250000e+03
6.841682128906250000e+03
7.183427734375000000e+03
6.850515136718750000e+03
7.108075195312500000e+03
7.104635742187500000e+03
7.075713867187500000e+03
7.100571777343750000e+03
7.132871093750000000e+03
6.881104003906250000e+03
6.882405273437500000e+03
7.014277343750000000e+03
6.964140625000000000e+03
6.892635253906250000e+03
6.886643554687500000e+03
6.810993164062500000e+03
7.063615234375000000e+03
7.127989746093750000e+03
6.868462402343750000e+03
6.784505859375000000e+03
7.149236328125000000e+03
6.893659179687500000e+03
7.000713867187500000e+03
6.809356445312500000e+03
7.095571777343750000e+03
7.322253906250000000e+03
6.975307128906250000e+03
7.005391113281250000e+03
7.233390136718750000e+03
6.804384277343750000e+03
7.086751953125000000e+03
7.083997070312500000e+03
7.368666015625000000e+03
6.951572265625000000e+03
7.380705078125000000e+03
6.803254882812500000e+03
6.941689453125000000e+03
6.942757812500000000e+03
7.004654296875000000e+03
7.066164550781250000e+03
6.951780273437500000e+03
7.433007324218750000e+03
6.812368164062500000e+03
6.979209960937500000e+03
6.964437500000000000e+03
7.082208007812500000e+03
6.961927246093750000e+03
7.038289062500000000e+03
6.822243164062500000e+03
6.565795410156250000e+03
6.932741210937500000e+03
6.681647949218750000e+03
6.880585937500000000e+03
6.897139648437500000e+03
6.883927734375000000e+03
6.800445312500000000e+03
7.084770996093750000e+03
6.921109375000000000e+03
7.308177246093750000e+03
6.888002929687500000e+03
6.918945312500000000e+03
6.901586914062500000e+03
7.027558105468750000e+03
7.006819335937500000e+03
7.081333984375000000e+03
7.084041015625000000e+03
6.998712890625000000e+03
6.676704101562500000e+03
6.671388671875000000e+03
6.791505371093750000e+03
7.135226562500000000e+03
7.070572265625000000e+03
7.041674804687500000e+03
6.879409667968750000e+03
7.136154296875000000e+03
7.296789062500000000e+03
7.118395507812500000e+03
6.740621093750000000e+03
6.952376953125000000e+03
6.904309570312500000e+03
7.127927734375000000e+03
6.815003906250000000e+03
6.882727539062500000e+03
6.785893066406250000e+03
7.000232910156250000e+03
7.064031250000000000e+03
6.771258789062500000e+03
6.865594726562500000e+03
7.101008300781250000e+03
7.074501953125000000e+03
6.827958496093750000e+03
6.817474609375000000e+03
6.761498046875000000e+03
7.033031250000000000e+03
7.086259765625000000e+03
6.954395507812500000e+03
6.964180175781250000e+03
6.761400390625000000e+03
7.398203125000000000e+03
6.670181152343750000e+03
6.955922851562500000e+03
6.840432617187500000e+03
6.774671875000000000e+03
6.975561523437500000e+03
7.090472656250000000e+03
6.853835937500000000e+03
6.898905761718750000e+03
6.803204101562500000e+03
6.831347656250000000e+03
6.710390625000000000e+03
6.958714843750000000e+03
7.189507812500000000e+03
6.881988281250000000e+03
6.983705566406250000e+03
7.024098632812500000e+03
6.961343750000000000e+03
6.778686035156250000e+03
6.952429687500000000e+03
6.782523437500000000e+03
7.154547363281250000e+03
6.945701660156250000e+03
6.918207031250000000e+03
6.687087890625000000e+03
7.288682617187500000e+03
6.870198242187500000e+03
6.835273925781250000e+03
6.849053222656250000e+03
7.014254882812500000e+03
6.977227050781250000e+03
6.964118652343750000e+03
6.955665039062500000e+03
6.817610839843750000e+03
6.891302734375000000e+03
7.119335937500000000e+03
6.679334472656250000e+03
6.991612304687500000e+03
6.813805664062500000e+03
6.883288574218750000e+03
6.997503906250000000e+03
6.881579101562500000e+03
7.089075195312500000e+03
6.963471679687500000e+03
7.047858886718750000e+03
7.154746093750000000e+03
6.851086914062500000e+03
7.038092773437500000e+03
7.012475097656250000e+03
7.067290039062500000e+03
7.151738281250000000e+03
6.877831054687500000e+03
7.169072265625000000e+03
6.892171386718750000e+03
7.281013671875000000e+03
6.945016601562500000e+03
7.066361816406250000e+03
7.220941406250000000e+03
7.079630859375000000e+03
7.132982910156250000e+03
6.729586914062500000e+03
7.213776367187500000e+03
6.850831054687500000e+03
6.835722656250000000e+03
6.942073730468750000e+03
7.198783203125000000e+03
6.967326171875000000e+03
6.872554687500000000e+03
6.836524414062500000e+03
6.583496582031250000e+03
7.059776367187500000e+03
6.867797851562500000e+03
6.890642578125000000e+03
7.155586914062500000e+03
6.852525390625000000e+03
6.869721679687500000e+03
7.604382324218750000e+03
7.010718750000000000e+03
7.053462890625000000e+03
6.912461914062500000e+03
6.704125976562500000e+03
7.555433593750000000e+03
7.496105468750000000e+03
7.099160156250000000e+03
6.905455078125000000e+03
7.274374023437500000e+03
7.350652343750000000e+03
7.078732421875000000e+03
7.008795898437500000e+03
7.239612792968750000e+03
7.061281250000000000e+03
7.114604492187500000e+03
7.114472656250000000e+03
7.123592773437500000e+03
7.098582031250000000e+03
6.659515625000000000e+03
7.117619140625000000e+03
7.040327636718750000e+03
7.075295410156250000e+03
7.365110839843750000e+03
6.749025390625000000e+03
6.748632812500000000e+03
6.831062011718750000e+03
7.086397460937500000e+03
7.042711914062500000e+03
6.970177734375000000e+03
6.861006347656250000e+03
7.001981933593750000e+03
7.330573242187500000e+03
7.300247070312500000e+03
7.073280273437500000e+03
6.723207031250000000e+03
6.784784667968750000e+03
7.292776367187500000e+03
7.360786621093750000e+03
6.854881835937500000e+03
7.339501464843750000e+03
7.215856445312500000e+03
7.225135742187500000e+03
6.882768554687500000e+03
7.323714843750000000e+03
7.352126953125000000e+03
7.001806640625000000e+03
7.231650390625000000e+03
7.048898925781250000e+03
6.823516601562500000e+03
7.249655273437500000e+03
7.267821777343750000e+03
7.091978515625000000e+03
6.976341308593750000e+03
7.231592285156250000e+03
7.158587890625000000e+03
6.985947265625000000e+03
7.097230957031250000e+03
6.945579101562500000e+03
7.104895507812500000e+03
7.226837890625000000e+03
7.211330078125000000e+03
7.245778320312500000e+03
6.835610351562500000e+03
7.134888671875000000e+03
7.005903320312500000e+03
7.174249511718750000e+03
7.209019042968750000e+03
7.056936523437500000e+03
7.181424804687500000e+03
7.317976562500000000e+03
6.905187988281250000e+03
7.219145996093750000e+03
6.871877441406250000e+03
6.935612304687500000e+03
6.870590820312500000e+03
7.056635253906250000e+03
7.300247558593750000e+03
7.349479980468750000e+03
6.922328613281250000e+03
7.109595214843750000e+03
6.855731445312500000e+03
7.252967773437500000e+03
7.195884765625000000e+03
6.811956542968750000e+03
7.116258789062500000e+03
7.082201660156250000e+03
7.339012695312500000e+03
7.117404296875000000e+03
7.060791015625000000e+03
7.219857421875000000e+03
7.112845703125000000e+03
7.178408203125000000e+03
6.903526367187500000e+03
7.548177734375000000e+03
7.110471191406250000e+03
7.283115234375000000e+03
7.011660156250000000e+03
6.907304687500000000e+03
7.180880371093750000e+03
6.916770507812500000e+03
7.167593750000000000e+03
6.772144042968750000e+03
7.077351562500000000e+03
7.022088867187500000e+03
6.850316894531250000e+03
7.324284667968750000e+03
6.779144531250000000e+03
7.164649414062500000e+03
6.923583984375000000e+03
7.098815429687500000e+03
6.760397460937500000e+03
7.266242187500000000e+03
6.881675781250000000e+03
7.136243164062500000e+03
6.975639648437500000e+03
7.223630371093750000e+03
7.122949218750000000e+03
7.131458496093750000e+03
7.225333496093750000e+03
6.860082031250000000e+03
6.958281250000000000e+03
7.206124023437500000e+03
7.390519531250000000e+03
6.777252929687500000e+03
7.052537109375000000e+03
7.004274902343750000e+03
6.885012695312500000e+03
6.998375000000000000e+03
7.201885742187500000e+03
7.358264160156250000e+03
6.783947753906250000e+03
6.658840332031250000e+03
7.113580566406250000e+03
7.200563476562500000e+03
6.825976562500000000e+03
6.795887695312500000e+03
6.844971191406250000e+03
6.852920898437500000e+03
7.128349609375000000e+03
6.690543945312500000e+03
7.066042480468750000e+03
7.125350585937500000e+03
6.850987304687500000e+03
7.029617675781250000e+03
7.114188964843750000e+03
7.057486328125000000e+03
6.979883789062500000e+03
7.060172851562500000e+03
7.092575195312500000e+03
7.195789062500000000e+03
6.957375000000000000e+03
7.242776367187500000e+03
7.041466796875000000e+03
7.025060058593750000e+03
6.912733398437500000e+03
6.867679687500000000e+03
7.060555664062500000e+03
7.058434082031250000e+03
7.233312988281250000e+03
7.182013671875000000e+03
7.002633789062500000e+03
7.022451660156250000e+03
7.160329101562500000e+03
6.895189453125000000e+03
6.598207031250000000e+03
7.053389648437500000e+03
6.906808593750000000e+03
6.927832519531250000e+03
6.961995605468750000e+03
7.103681640625000000e+03
6.890618652343750000e+03
6.796058105468750000e+03
6.978678710937500000e+03
7.092095703125000000e+03
7.194490722656250000e+03
7.078300781250000000e+03
6.936914062500000000e+03
6.760593261718750000e+03
6.741083496093750000e+03
7.167846679687500000e+03
6.896616210937500000e+03
6.701450195312500000e+03
7.133163574218750000e+03
7.053615234375000000e+03
6.888145019531250000e+03
6.686933105468750000e+03
6.899098632812500000e+03
7.003140625000000000e+03
6.791970703125000000e+03
6.994978027343750000e+03
6.915022460937500000e+03
7.027146972656250000e+03
7.084798828125000000e+03
7.319371093750000000e+03
6.913493164062500000e+03
7.039845214843750000e+03
6.624186035156250000e+03
6.893218750000000000e+03
6.839625000000000000e+03
6.718687500000000000e+03
6.848389160156250000e+03
6.892390625000000000e+03
7.289972167968750000e+03
6.879843261718750000e+03
6.526989257812500000e+03
6.671076171875000000e+03
6.849139160156250000e+03
7.084758789062500000e+03
7.275640625000000000e+03
7.090598632812500000e+03
6.670359375000000000e+03
7.105265625000000000e+03
7.185850585937500000e+03
6.946741699218750000e+03
7.413041015625000000e+03
6.892120117187500000e+03
7.210906250000000000e+03
7.038885253906250000e+03
6.866690429687500000e+03
6.946582031250000000e+03
6.819148925781250000e+03
6.759037597656250000e+03
6.850555664062500000e+03
7.165429687500000000e+03
7.079415039062500000e+03
7.003220703125000000e+03
7.030414062500000000e+03
7.158514648437500000e+03
6.881728515625000000e+03
7.136311523437500000e+03
6.907504882812500000e+03
7.094869628906250000e+03
7.174313476562500000e+03
6.956419921875000000e+03
7.143947265625000000e+03
6.779065429687500000e+03
6.931966796875000000e+03
6.687808593750000000e+03
7.143248046875000000e+03
6.765870117187500000e+03
7.180684082031250000e+03
7.025472656250000000e+03
7.261068359375000000e+03
7.101712890625000000e+03
6.753977539062500000e+03
6.923169921875000000e+03
7.102395507812500000e+03
6.955896484375000000e+03
6.862849609375000000e+03
6.921427734375000000e+03
6.960016601562500000e+03
6.989335937500000000e+03
7.309782226562500000e+03
7.022614257812500000e+03
6.798593261718750000e+03
7.130316406250000000e+03
7.053601074218750000e+03
6.742267578125000000e+03
6.833957031250000000e+03
6.565528320312500000e+03
7.111098632812500000e+03
7.069688476562500000e+03
6.783356933593750000e+03
7.129836914062500000e+03
6.839231445312500000e+03
7.070586914062500000e+03
6.931791015625000000e+03
6.955356445312500000e+03
6.872341796875000000e+03
6.993814453125000000e+03
7.062687011718750000e+03
6.997058593750000000e+03
6.886537597656250000e+03
7.054047851562500000e+03
6.924014648437500000e+03
6.920627929687500000e+03
7.100246093750000000e+03
7.062485351562500000e+03
7.216132812500000000e+03
6.830281250000000000e+03
7.451037597656250000e+03
7.023112304687500000e+03
6.899022949218750000e+03
6.955122558593750000e+03
7.183245117187500000e+03
6.803546875000000000e+03
6.893014648437500000e+03
7.153470703125000000e+03
6.638058593750000000e+03
6.929315429687500000e+03
7.072605468750000000e+03
6.890954589843750000e+03
6.874291992187500000e+03
7.069481445312500000e+03
6.765836914062500000e+03
6.883756347656250000e+03
7.078430664062500000e+03
7.171236328125000000e+03
7.203335449218750000e+03
7.268674804687500000e+03
7.276023925781250000e+03
6.772186523437500000e+03
6.703287109375000000e+03
7.160092285156250000e+03
7.012596679687500000e+03
7.487913085937500000e+03
7.331430175781250000e+03
7.001547851562500000e+03
7.040116210937500000e+03
7.224165527343750000e+03
7.038493164062500000e+03
7.233337890625000000e+03
6.931808593750000000e+03
6.879278320312500000e+03
6.860656250000000000e+03
6.998840820312500000e+03
7.147717773437500000e+03
7.104521484375000000e+03
7.112579101562500000e+03
7.218982421875000000e+03
6.876194335937500000e+03
6.958002929687500000e+03
6.945780273437500000e+03
7.119118652343750000e+03
7.392065917968750000e+03
6.997520019531250000e+03
6.759207031250000000e+03
7.112569335937500000e+03
7.030169921875000000e+03
6.858431640625000000e+03
7.064123046875000000e+03
6.841044433593750000e+03
6.927116210937500000e+03
7.009161132812500000e+03
7.128481933593750000e+03
7.131474609375000000e+03
7.331675292968750000e+03
7.259034179687500000e+03
7.103904785156250000e+03
6.871399902343750000e+03
7.021886230468750000e+03
7.310760253906250000e+03
6.907841796875000000e+03
7.359624511718750000e+03
7.107791992187500000e+03
6.668369140625000000e+03
7.275628906250000000e+03
6.836606933593750000e+03
7.255894531250000000e+03
7.078926757812500000e+03
7.059827148437500000e+03
7.210651367187500000e+03
7.193798828125000000e+03
7.187896972656250000e+03
6.863194824218750000e+03
7.022186523437500000e+03
6.992242187500000000e+03
6.876947265625000000e+03
6.734701171875000000e+03
6.866494628906250000e+03
6.829666503906250000e+03
7.097544921875000000e+03
7.030466796875000000e+03
7.179649414062500000e+03
7.219964355468750000e+03
6.937874023437500000e+03
6.934247558593750000e+03
6.908242187500000000e+03
7.108869140625000000e+03
6.935583496093750000e+03
6.942722167968750000e+03
7.242412109375000000e+03
7.523052246093750000e+03
7.281002929687500000e+03
7.329782226562500000e+03
6.907467773437500000e+03
7.240980957031250000e+03
7.075372558593750000e+03
7.248586914062500000e+03
7.222212402343750000e+03
7.250140625000000000e+03
7.046583984375000000e+03
7.343020019531250000e+03
6.814255859375000000e+03
7.377311523437500000e+03
6.950663085937500000e+03
7.087125000000000000e+03
7.206535156250000000e+03
7.192881835937500000e+03
7.228173828125000000e+03
7.095662597656250000e+03
7.269670898437500000e+03
7.021999023437500000e+03
6.689592773437500000e+03
6.870246582031250000e+03
6.983409667968750000e+03
7.048422851562500000e+03
7.225329101562500000e+03
7.352465332031250000e+03
7.099319335937500000e+03
6.702139648437500000e+03
6.859193847656250000e+03
6.853390625000000000e+03
7.088489257812500000e+03
7.224817382812500000e+03
7.153304199218750000e+03
7.353168945312500000e+03
7.138526367187500000e+03
7.217151367187500000e+03
7.018615234375000000e+03
6.922808593750000000e+03
7.306804687500000000e+03
7.294413085937500000e+03
7.084884277343750000e+03
7.114827148437500000e+03
7.142828125000000000e+03
7.081536132812500000e+03
6.969819335937500000e+03
6.891314941406250000e+03
7.157208007812500000e+03
7.167023925781250000e+03
6.984107910156250000e+03
7.151612304687500000e+03
6.694744140625000000e+03
7.179214843750000000e+03
6.949167968750000000e+03
7.189872070312500000e+03
7.575463867187500000e+03
6.973506347656250000e+03
7.172344726562500000e+03
7.316530761718750000e+03
7.174467285156250000e+03
7.030966796875000000e+03
7.109924316406250000e+03
6.878823730468750000e+03
7.145973632812500000e+03
7.436601562500000000e+03
7.240235351562500000e+03
7.204916992187500000e+03
7.365087890625000000e+03
7.146103515625000000e+03
6.919829101562500000e+03
7.114522460937500000e+03
7.066094726562500000e+03
7.064004882812500000e+03
6.989415039062500000e+03
7.091558593750000000e+03
7.131807617187500000e+03
6.990847656250000000e+03
7.063721191406250000e+03
7.222725585937500000e+03
7.098237792968750000e+03
6.965314941406250000e+03
6.843669433593750000e+03
6.860915039062500000e+03
6.895580078125000000e+03
7.384339355468750000e+03
7.384051269531250000e+03
7.163426269531250000e+03
6.815237304687500000e+03
7.080345703125000000e+03
6.878952148437500000e+03
6.887337890625000000e+03
7.249116210937500000e+03
7.113910156250000000e+03
7.298663085937500000e+03
6.937746093750000000e+03
6.929144042968750000e+03
7.214816406250000000e+03
7.055077148437500000e+03
7.070431640625000000e+03
7.133806640625000000e+03
7.035929687500000000e+03
7.007582031250000000e+03
6.894015625000000000e+03
7.317952148437500000e+03
7.093570312500000000e+03
6.968269531250000000e+03
6.750630371093750000e+03
7.249423339843750000e+03
7.259004882812500000e+03
7.279502929687500000e+03
6.847392089843750000e+03
6.945047851562500000e+03
7.069925781250000000e+03
6.850191406250000000e+03
6.856265625000000000e+03
7.022208007812500000e+03
7.126569335937500000e+03
7.003729492187500000e+03
7.126810546875000000e+03
6.769965820312500000e+03
7.215904785156250000e+03
6.985448730468750000e+03
6.822250000000000000e+03
7.109384765625000000e+03
6.897083496093750000e+03
6.619605468750000000e+03
7.074420898437500000e+03
7.375283203125000000e+03
7.173495117187500000e+03
6.884416503906250000e+03
6.801341308593750000e+03
6.896798339843750000e+03
7.012126464843750000e+03
6.846793945312500000e+03
6.994454589843750000e+03
7.078552734375000000e+03
7.017794433593750000e+03
7.286321289062500000e+03
7.261603515625000000e+03
7.202965820312500000e+03
6.946971679687500000e+03
6.937592773437500000e+03
6.999347656250000000e+03
7.011599121093750000e+03
6.866173828125000000e+03
6.875816406250000000e+03
7.039480468750000000e+03
7.012945312500000000e+03
7.245995117187500000e+03
7.272367187500000000e+03
7.091608398437500000e+03
7.045930664062500000e+03
6.826211425781250000e+03
6.942841796875000000e+03
7.083431640625000000e+03
7.153481445312500000e+03
7.079748046875000000e+03
7.144651367187500000e+03
7.053293945312500000e+03
6.992657714843750000e+03
7.399865234375000000e+03
7.433056152343750000e+03
6.770278320312500000e+03
7.096247558593750000e+03
7.415976562500000000e+03
7.275609375000000000e+03
7.604092773437500000e+03
7.264549804687500000e+03
6.916821289062500000e+03
7.354110351562500000e+03
7.096283203125000000e+03
7.253440429687500000e+03
7.016193847656250000e+03
7.049855468750000000e+03
6.882731445312500000e+03
7.006321777343750000e+03
7.050334960937500000e+03
7.063740234375000000e+03
6.929792968750000000e+03
7.190124023437500000e+03
7.039281738281250000e+03
6.800433593750000000e+03
7.021737304687500000e+03
7.108059570312500000e+03
6.921518554687500000e+03
7.288423339843750000e+03
7.280263671875000000e+03
7.169242187500000000e+03
7.445134277343750000e+03
6.954683593750000000e+03
7.357335937500000000e+03
7.166133789062500000e+03
7.173284179687500000e+03
7.010928710937500000e+03
7.042600097656250000e+03
7.179823730468750000e+03
6.928459472656250000e+03
7.238605957031250000e+03
7.454431640625000000e+03
7.405957031250000000e+03
7.187615234375000000e+03
6.920258789062500000e+03
7.106605957031250000e+03
7.149627441406250000e+03
6.852520507812500000e+03
7.383994140625000000e+03
7.497276855468750000e+03
7.279799804687500000e+03
7.032595214843750000e+03
7.303810058593750000e+03
7.084368652343750000e+03
7.413000976562500000e+03
7.158979980468750000e+03
7.215367675781250000e+03
6.854682617187500000e+03
7.174645507812500000e+03
6.954195312500000000e+03
7.091553710937500000e+03
7.034628906250000000e+03
7.047633789062500000e+03
6.950136230468750000e+03
7.173725585937500000e+03
6.781431640625000000e+03
7.204919921875000000e+03
6.942807617187500000e+03
7.328845214843750000e+03
7.011256835937500000e+03
7.226149414062500000e+03
6.992545898437500000e+03
7.047643554687500000e+03
6.708144042968750000e+03
7.241803710937500000e+03
6.946056640625000000e+03
6.665551269531250000e+03
7.095085937500000000e+03
6.922883789062500000e+03
7.059169921875000000e+03
7.395412109375000000e+03
7.141049316406250000e+03
6.973014160156250000e+03
6.574333984375000000e+03
7.369871582031250000e+03
7.422562500000000000e+03
6.967991210937500000e+03
7.355053710937500000e+03
7.177167968750000000e+03
6.743963867187500000e+03
6.929766113281250000e+03
6.911031250000000000e+03
6.782001464843750000e+03
7.216274902343750000e+03
7.392375976562500000e+03
7.167715820312500000e+03
7.056796386718750000e+03
6.822493164062500000e+03
6.954104980468750000e+03
6.889292968750000000e+03
7.166388671875000000e+03
7.140248046875000000e+03
7.354692871093750000e+03
7.220540039062500000e+03
7.101648925781250000e+03
7.248712890625000000e+03
7.501677734375000000e+03
7.114194335937500000e+03
6.979162109375000000e+03
7.148687500000000000e+03
7.385334472656250000e+03
7.186965820312500000e+03
7.143020996093750000e+03
7.343568359375000000e+03
7.028640136718750000e+03
6.926543457031250000e+03
7.316718750000000000e+03
7.445802246093750000e+03
7.385556152343750000e+03
6.856535644531250000e+03
6.949239257812500000e+03
7.260462890625000000e+03
7.194290527343750000e+03
7.184094726562500000e+03
7.475468261718750000e+03
7.271055175781250000e+03
7.069603027343750000e+03
7.004595703125000000e+03
7.117885742187500000e+03
7.308001464843750000e+03
6.932648437500000000e+03
6.893449218750000000e+03
7.306203125000000000e+03
7.037020996093750000e+03
6.787744140625000000e+03
7.068689453125000000e+03
7.039722656250000000e+03
7.308745117187500000e+03
6.976667968750000000e+03
6.962569335937500000e+03
7.191389160156250000e+03
6.975566406250000000e+03
7.294574707031250000e+03
6.886810546875000000e+03
7.034024902343750000e+03
6.991145507812500000e+03
7.093751953125000000e+03
7.239298828125000000e+03
7.324610839843750000e+03
6.835581054687500000e+03
7.172689941406250000e+03
6.901829101562500000e+03
7.192360351562500000e+03
7.179314453125000000e+03
7.240150878906250000e+03
7.193293945312500000e+03
7.200089355468750000e+03
7.023527343750000000e+03
6.984693359375000000e+03
7.144817382812500000e+03
6.903731445312500000e+03
6.998932617187500000e+03
7.012764648437500000e+03
6.975516113281250000e+03
7.112776367187500000e+03
6.870568847656250000e+03
7.073920898437500000e+03
7.164215332031250000e+03
7.081140136718750000e+03
7.128921875000000000e+03
6.853386718750000000e+03
7.375343750000000000e+03
7.475045898437500000e+03
7.361979492187500000e+03
6.738383300781250000e+03
7.261080078125000000e+03
6.917638671875000000e+03
6.947323730468750000e+03
6.983619140625000000e+03
7.365003906250000000e+03
7.270280273437500000e+03
6.838004882812500000e+03
6.846634765625000000e+03
7.271679199218750000e+03
7.069581054687500000e+03
7.243845214843750000e+03
7.341356445312500000e+03
7.201128906250000000e+03
6.977822265625000000e+03
6.973228027343750000e+03
7.161473632812500000e+03
7.096666503906250000e+03
6.991340332031250000e+03
7.224725585937500000e+03
6.916023437500000000e+03
7.110270996093750000e+03
7.051885742187500000e+03
7.148793945312500000e+03
6.995833007812500000e+03
7.248381835937500000e+03
7.125871093750000000e+03
6.926157226562500000e+03
7.423960937500000000e+03
7.444145507812500000e+03
7.101596679687500000e+03
7.024810546875000000e+03
7.313540527343750000e+03
7.339165527343750000e+03
6.841812988281250000e+03
7.203733886718750000e+03
7.016045410156250000e+03
7.154287597656250000e+03
6.944573242187500000e+03
7.043015625000000000e+03
7.050871582031250000e+03
6.881597656250000000e+03
6.840523437500000000e+03
7.154460937500000000e+03
6.733118652343750000e+03
7.200458007812500000e+03
6.930211914062500000e+03
7.015775390625000000e+03
7.099606445312500000e+03
7.172005371093750000e+03
7.196302734375000000e+03
6.739112792968750000e+03
7.095887695312500000e+03
7.117889648437500000e+03
7.168551757812500000e+03
7.083395507812500000e+03
6.979574218750000000e+03
7.140912109375000000e+03
6.987625976562500000e+03
7.151664550781250000e+03
6.928484863281250000e+03
7.017047851562500000e+03
7.120232421875000000e+03
7.506189941406250000e+03
7.084513671875000000e+03
7.221875000000000000e+03
6.973834960937500000e+03
7.036282226562500000e+03
7.304149414062500000e+03
7.195906250000000000e+03
7.088767089843750000e+03
7.072855468750000000e+03
6.926551757812500000e+03
7.240220703125000000e+03
7.177062500000000000e+03
7.122539062500000000e+03
6.925065429687500000e+03
6.909943847656250000e+03
7.060526367187500000e+03
6.996477050781250000e+03
6.897931152343750000e+03
7.172692871093750000e+03
6.728213867187500000e+03
7.016559570312500000e+03
7.074403320312500000e+03
7.004945312500000000e+03
7.101271484375000000e+03
7.170568847656250000e+03
7.110617187500000000e+03
6.967141601562500000e+03
7.749166992187500000e+03
7.420427734375000000e+03
7.105192382812500000e+03
7.167980468750000000e+03
7.287918457031250000e+03
6.967223144531250000e+03
7.210884277343750000e+03
7.264054687500000000e+03
7.210897460937500000e+03
6.948310058593750000e+03
7.434535644531250000e+03
6.983902832031250000e+03
7.152407714843750000e+03
7.543149414062500000e+03
7.309458984375000000e+03
6.884022460937500000e+03
7.134869628906250000e+03
6.986361328125000000e+03
6.892007324218750000e+03
7.556732421875000000e+03
7.126562011718750000e+03
7.332608886718750000e+03
7.075736816406250000e+03
7.243589355468750000e+03
7.104774902343750000e+03
6.968180664062500000e+03
7.156485839843750000e+03
6.881781250000000000e+03
7.290917480468750000e+03
7.000484375000000000e+03
7.192772460937500000e+03
7.206417480468750000e+03
7.120510742187500000e+03
7.449840820312500000e+03
7.440022949218750000e+03
7.139224121093750000e+03
6.737450195312500000e+03
7.042427734375000000e+03
7.050043945312500000e+03
7.039911621093750000e+03
7.416389160156250000e+03
6.939291503906250000e+03
7.277494628906250000e+03
6.829629882812500000e+03
6.877507812500000000e+03
7.001416992187500000e+03
6.859774414062500000e+03
6.805799804687500000e+03
7.042217773437500000e+03
7.000350097656250000e+03
6.919897949218750000e+03
6.915565917968750000e+03
7.100808105468750000e+03
7.121711914062500000e+03
7.285614257812500000e+03
7.071084960937500000e+03
7.101643554687500000e+03
7.195202148437500000e+03
7.193331054687500000e+03
6.736651855468750000e+03
7.089416992187500000e+03
6.959214355468750000e+03
7.030194335937500000e+03
7.051818359375000000e+03
7.095230468750000000e+03
7.092769042968750000e+03
6.871528320312500000e+03
7.164555664062500000e+03
7.045689941406250000e+03
7.564168945312500000e+03
6.841336914062500000e+03
7.093315429687500000e+03
6.867207031250000000e+03
7.183759277343750000e+03
7.127231933593750000e+03
6.920667968750000000e+03
7.104102539062500000e+03
7.028875000000000000e+03
7.140404296875000000e+03
7.036048828125000000e+03
7.000087402343750000e+03
6.953583984375000000e+03
7.117303222656250000e+03
7.255170898437500000e+03
6.965140625000000000e+03
7.119392089843750000e+03
7.030424316406250000e+03
7.583885742187500000e+03
7.128078125000000000e+03
6.812621093750000000e+03
7.181933105468750000e+03
7.100895019531250000e+03
7.020924316406250000e+03
7.122335937500000000e+03
6.854589843750000000e+03
7.079888671875000000e+03
7.132002929687500000e+03
6.819834960937500000e+03
6.938093750000000000e+03
7.132303710937500000e+03
6.921083007812500000e+03
6.860043945312500000e+03
6.914989257812500000e+03
7.095757812500000000e+03
6.816596191406250000e+03
7.068643554687500000e+03
7.205460937500000000e+03
6.961979003906250000e+03
6.998821289062500000e+03
6.955806640625000000e+03
7.193455078125000000e+03
6.848564453125000000e+03
7.058988769531250000e+03
6.868436035156250000e+03
6.829098632812500000e+03
6.960254882812500000e+03
6.938680664062500000e+03
7.031258789062500000e+03
7.022448730468750000e+03
7.069179687500000000e+03
7.174786132812500000e+03
7.246809570312500000e+03
7.026732421875000000e+03
6.841841796875000000e+03
7.295922851562500000e+03
7.331392089843750000e+03
6.909495117187500000e+03
7.216881347656250000e+03
6.897294433593750000e+03
6.675591796875000000e+03
7.563797363281250000e+03
7.034796386718750000e+03
7.254422851562500000e+03
7.344125976562500000e+03
7.060162109375000000e+03
7.126447265625000000e+03
7.156248535156250000e+03
7.419945312500000000e+03
7.089499023437500000e+03
7.167188476562500000e+03
7.052313476562500000e+03
6.996305175781250000e+03
7.194675781250000000e+03
6.963853515625000000e+03
7.103598144531250000e+03
7.234952148437500000e+03
7.171375976562500000e+03
6.964764648437500000e+03
7.169758300781250000e+03
7.339460937500000000e+03
7.216432617187500000e+03
6.841183105468750000e+03
7.307244140625000000e+03
6.934091796875000000e+03
7.152643554687500000e+03
7.458458984375000000e+03
7.470982421875000000e+03
6.959201171875000000e+03
7.338126953125000000e+03
7.101229492187500000e+03
7.101598632812500000e+03
6.834938964843750000e+03
7.141096679687500000e+03
7.213128906250000000e+03
7.099660156250000000e+03
6.991706054687500000e+03
6.945831054687500000e+03
7.134131835937500000e+03
6.947348144531250000e+03
7.017508789062500000e+03
7.285134765625000000e+03
7.147642089843750000e+03
7.075078125000000000e+03
7.057038085937500000e+03
6.877882324218750000e+03
6.878133300781250000e+03
6.763907226562500000e+03
6.979654296875000000e+03
7.039916503906250000e+03
7.131760742187500000e+03
7.219904296875000000e+03
7.261125000000000000e+03
7.218804199218750000e+03
7.224027343750000000e+03
6.934854003906250000e+03
6.885432617187500000e+03
7.200661132812500000e+03
7.442059570312500000e+03
7.189955078125000000e+03
7.250050781250000000e+03
6.962041015625000000e+03
7.172046386718750000e+03
6.794618164062500000e+03
6.939073242187500000e+03
6.805262695312500000e+03
7.319994140625000000e+03
6.915862304687500000e+03
7.210346679687500000e+03
7.125265136718750000e+03
6.987063476562500000e+03
6.931387207031250000e+03
7.415731445312500000e+03
7.301367187500000000e+03
7.135253906250000000e+03
7.165719238281250000e+03
6.855234375000000000e+03
6.910813964843750000e+03
7.162098144531250000e+03
6.954583496093750000e+03
6.837554687500000000e+03
7.175370605468750000e+03
7.153924804687500000e+03
7.513883789062500000e+03
7.407791992187500000e+03
7.422400878906250000e+03
6.892552246093750000e+03
7.083552734375000000e+03
6.951350097656250000e+03
7.218432128906250000e+03
7.091260742187500000e+03
7.028389160156250000e+03
6.792811035156250000e+03
7.001358398437500000e+03
6.706317382812500000e+03
7.033128906250000000e+03
6.815020507812500000e+03
7.144164550781250000e+03
6.860512207031250000e+03
7.213870117187500000e+03
7.512982421875000000e+03
7.320453613281250000e+03
7.300113281250000000e+03
7.139414062500000000e+03
7.146782226562500000e+03
6.990229492187500000e+03
7.488258789062500000e+03
7.143305664062500000e+03
6.972017089843750000e+03
7.036341796875000000e+03
6.980165039062500000e+03
7.051402343750000000e+03
7.132203125000000000e+03
6.936943359375000000e+03
7.046936523437500000e+03
7.180518554687500000e+03
6.926282226562500000e+03
7.034278808593750000e+03
7.244276367187500000e+03
7.295625976562500000e+03
6.961269531250000000e+03
7.006323242187500000e+03
7.214702148437500000e+03
6.943971191406250000e+03
6.892812988281250000e+03
6.776253906250000000e+03
6.840487304687500000e+03
7.101395996093750000e+03
7.189487304687500000e+03
7.164828125000000000e+03
7.219642578125000000e+03
7.420381347656250000e+03
7.270483398437500000e+03
7.055186523437500000e+03
7.115358398437500000e+03
7.091002441406250000e+03
6.882951171875000000e+03
6.831588867187500000e+03
7.289351562500000000e+03
7.152194335937500000e+03
6.857400390625000000e+03
6.885320312500000000e+03
7.069276367187500000e+03
7.184616210937500000e+03
7.001012695312500000e+03
7.178166015625000000e+03
7.080231933593750000e+03
7.098573242187500000e+03
6.954023437500000000e+03
7.232114746093750000e+03
6.766828125000000000e+03
6.835442382812500000e+03
7.509683593750000000e+03
6.936940917968750000e+03
7.317604980468750000e+03
6.809032714843750000e+03
6.683290039062500000e+03
7.165378417968750000e+03
7.073207031250000000e+03
7.144030273437500000e+03
7.275183105468750000e+03
7.224342285156250000e+03
7.187216796875000000e+03
6.868069335937500000e+03
7.324210937500000000e+03
7.363596679687500000e+03
7.317831054687500000e+03
7.079124023437500000e+03
6.972213867187500000e+03
7.344776855468750000e+03
7.314275390625000000e+03
7.352015625000000000e+03
7.185856445312500000e+03
7.236440429687500000e+03
7.219163085937500000e+03
7.584045410156250000e+03
7.004000976562500000e+03
7.054681152343750000e+03
7.243250488281250000e+03
6.876739257812500000e+03
7.237866210937500000e+03
7.203359375000000000e+03
7.496448730468750000e+03
7.056212890625000000e+03
7.403155273437500000e+03
6.805358398437500000e+03
7.422853515625000000e+03
7.294537597656250000e+03
6.708248046875000000e+03
7.056772949218750000e+03
7.272771484375000000e+03
7.330695312500000000e+03
7.354834960937500000e+03
7.313777832031250000e+03
7.143660644531250000e+03
6.976825195312500000e+03
7.345647949218750000e+03
7.155120605468750000e+03
6.843214843750000000e+03
7.225159179687500000e+03
7.325162109375000000e+03
7.130869628906250000e+03
7.281377929687500000e+03
6.776939453125000000e+03
7.101127441406250000e+03
7.013693847656250000e+03
7.277008300781250000e+03
7.597945312500000000e+03
7.158278808593750000e+03
7.217217773437500000e+03
6.803037109375000000e+03
7.126946777343750000e+03
6.955028320312500000e+03
6.967079589843750000e+03
6.987345703125000000e+03
7.204655273437500000e+03
6.733183593750000000e+03
7.146765136718750000e+03
6.982137695312500000e+03
7.179430664062500000e+03
7.174912109375000000e+03
7.145041015625000000e+03
7.121139160156250000e+03
7.111571289062500000e+03
6.915682617187500000e+03
7.340890625000000000e+03
7.098481933593750000e+03
6.996044921875000000e+03
6.972956054687500000e+03
7.052167968750000000e+03
7.071597656250000000e+03
6.947781738281250000e+03
7.238425781250000000e+03
7.126217773437500000e+03
7.171344726562500000e+03
7.313905273437500000e+03
7.182693359375000000e+03
7.042383789062500000e+03
7.167482910156250000e+03
7.076937500000000000e+03
7.395897460937500000e+03
7.216182617187500000e+03
6.928273437500000000e+03
7.042378906250000000e+03
7.422027343750000000e+03
7.410085937500000000e+03
7.102860839843750000e+03
7.165129882812500000e+03
7.383693359375000000e+03
7.359353515625000000e+03
7.064106445312500000e+03
7.253482421875000000e+03
7.041636718750000000e+03
7.101528320312500000e+03
7.137426757812500000e+03
6.930057617187500000e+03
7.057283203125000000e+03
7.263921386718750000e+03
7.112020996093750000e+03
7.266766601562500000e+03
7.300811523437500000e+03
7.524834960937500000e+03
7.126876953125000000e+03
7.222022949218750000e+03
7.158707031250000000e+03
7.318263671875000000e+03
7.015455078125000000e+03
7.431535156250000000e+03
7.157645996093750000e+03
7.002706054687500000e+03
6.941153320312500000e+03
7.206316406250000000e+03
7.110096679687500000e+03
6.934603027343750000e+03
7.325623046875000000e+03
7.079932617187500000e+03
7.177349609375000000e+03
6.785567382812500000e+03
7.285386718750000000e+03
7.055853515625000000e+03
7.045437500000000000e+03
7.361810546875000000e+03
7.166189941406250000e+03
6.964158691406250000e+03
7.517380371093750000e+03
7.073523437500000000e+03
7.425152343750000000e+03
7.099210937500000000e+03
7.320854980468750000e+03
7.150419921875000000e+03
7.048423828125000000e+03
7.172163085937500000e+03
6.977626464843750000e+03
7.120170898437500000e+03
7.392733398437500000e+03
7.138017089843750000e+03
7.321499023437500000e+03
7.083770507812500000e+03
7.215522460937500000e+03
